id,name,year,month,lat,lon,wind,dW24,is_ri,d26,dataset
AL121994,GORDON,1994,11,24.5,-81.6,45,0,0,47.4,phy
AL121994,GORDON,1994,11,24.6,-81.7,45,0,0,6.4,phy
AL121994,GORDON,1994,11,24.9,-82.1,45,0,0,18.5,phy
AL121994,GORDON,1994,11,25.4,-82.5,45,10,0,29.4,phy
AL121994,GORDON,1994,11,25.7,-82.4,45,10,0,25.2,phy
AL121994,GORDON,1994,11,26.4,-82.0,45,15,0,0.0,phy
AL121994,GORDON,1994,11,26.5,-81.9,45,15,0,0.0,phy
AL011995,ALLISON,1995,6,22.0,-86.0,50,15,0,102.3,phy
AL011995,ALLISON,1995,6,23.3,-86.3,60,0,0,111.4,phy
AL011995,ALLISON,1995,6,24.7,-86.2,65,-5,0,115.8,phy
AL011995,ALLISON,1995,6,26.2,-86.2,65,-20,0,74.3,phy
AL011995,ALLISON,1995,6,27.6,-86.1,65,-35,0,38.5,phy
AL011995,ALLISON,1995,6,28.5,-85.6,60,-25,0,38.5,phy
AL011995,ALLISON,1995,6,29.6,-84.7,60,-25,0,15.8,phy
AL011995,ALLISON,1995,6,29.9,-84.4,60,-25,0,6.4,phy
AL051995,ERIN,1995,8,28.6,-83.4,60,5,0,18.5,phy
AL051995,ERIN,1995,8,28.8,-84.7,65,-20,0,40.3,phy
AL051995,ERIN,1995,8,29.3,-85.7,70,-35,0,44.1,phy
AL051995,ERIN,1995,8,29.8,-86.6,80,-60,0,41.9,phy
AL051995,ERIN,1995,8,30.0,-86.8,85,-65,0,49.0,phy
AL171995,OPAL,1995,9,20.6,-88.3,30,15,0,,phy
AL171995,OPAL,1995,9,21.1,-88.5,35,10,0,,phy
AL171995,OPAL,1995,9,21.4,-89.1,40,10,0,6.4,phy
AL171995,OPAL,1995,10,21.3,-89.9,45,10,0,7.9,phy
AL171995,OPAL,1995,10,21.1,-90.7,45,15,0,11.4,phy
AL171995,OPAL,1995,10,20.9,-91.2,45,20,0,25.2,phy
AL171995,OPAL,1995,10,20.8,-91.6,50,15,0,40.3,phy
AL171995,OPAL,1995,10,20.7,-91.9,55,15,0,15.8,phy
AL171995,OPAL,1995,10,20.8,-92.1,60,15,0,29.4,phy
AL171995,OPAL,1995,10,21.0,-92.3,65,15,0,21.6,phy
AL171995,OPAL,1995,10,21.2,-92.3,65,20,0,45.0,phy
AL171995,OPAL,1995,10,21.7,-92.2,70,30,1,34.0,phy
AL171995,OPAL,1995,10,22.2,-92.0,75,35,1,28.6,phy
AL171995,OPAL,1995,10,22.8,-91.6,80,50,1,34.0,phy
AL171995,OPAL,1995,10,23.5,-91.0,85,25,0,45.1,phy
AL171995,OPAL,1995,10,24.5,-90.1,100,-20,0,52.6,phy
AL171995,OPAL,1995,10,25.9,-89.4,110,-60,0,118.2,phy
AL171995,OPAL,1995,10,26.6,-88.8,130,-100,0,95.5,phy
AL171995,OPAL,1995,10,27.3,-88.5,130,-100,0,85.1,phy
AL171995,OPAL,1995,10,29.0,-87.7,110,-70,0,52.3,phy
AL191995,ROXANNE,1995,10,19.5,-90.8,65,-10,0,6.4,phy
AL191995,ROXANNE,1995,10,19.5,-91.5,65,-10,0,25.2,phy
AL191995,ROXANNE,1995,10,19.5,-92.2,55,0,0,47.4,phy
AL191995,ROXANNE,1995,10,19.7,-92.6,55,0,0,69.6,phy
AL191995,ROXANNE,1995,10,20.1,-92.8,55,0,0,55.4,phy
AL191995,ROXANNE,1995,10,20.5,-93.1,55,5,0,51.3,phy
AL191995,ROXANNE,1995,10,21.0,-93.6,55,10,0,43.2,phy
AL191995,ROXANNE,1995,10,21.4,-93.9,55,15,0,38.2,phy
AL191995,ROXANNE,1995,10,21.8,-93.9,55,15,0,39.5,phy
AL191995,ROXANNE,1995,10,22.2,-93.9,60,15,0,42.1,phy
AL191995,ROXANNE,1995,10,22.3,-93.8,65,10,0,39.2,phy
AL191995,ROXANNE,1995,10,22.3,-93.3,70,5,0,38.3,phy
AL191995,ROXANNE,1995,10,21.8,-92.9,70,5,0,42.4,phy
AL191995,ROXANNE,1995,10,21.4,-92.4,75,-5,0,61.3,phy
AL191995,ROXANNE,1995,10,21.0,-91.9,75,-10,0,40.3,phy
AL191995,ROXANNE,1995,10,20.6,-91.6,75,-10,0,18.5,phy
AL191995,ROXANNE,1995,10,20.4,-91.5,75,-10,0,15.8,phy
AL191995,ROXANNE,1995,10,20.3,-91.7,70,-10,0,29.4,phy
AL191995,ROXANNE,1995,10,20.3,-92.0,65,-10,0,40.3,phy
AL191995,ROXANNE,1995,10,20.4,-92.2,65,-15,0,34.4,phy
AL191995,ROXANNE,1995,10,20.6,-92.4,65,-20,0,72.2,phy
AL191995,ROXANNE,1995,10,20.9,-92.6,60,-20,0,63.4,phy
AL191995,ROXANNE,1995,10,21.2,-92.9,55,-20,0,48.2,phy
AL191995,ROXANNE,1995,10,21.3,-93.1,50,-15,0,44.9,phy
AL191995,ROXANNE,1995,10,21.5,-93.3,45,-15,0,40.8,phy
AL191995,ROXANNE,1995,10,21.8,-93.6,40,-10,0,37.7,phy
AL191995,ROXANNE,1995,10,22.2,-94.2,35,-5,0,44.5,phy
AL191995,ROXANNE,1995,10,22.3,-94.7,35,-5,0,45.3,phy
AL191995,ROXANNE,1995,10,22.3,-95.1,30,0,0,44.4,phy
AL191995,ROXANNE,1995,10,22.4,-95.4,30,0,0,44.1,phy
AL191995,ROXANNE,1995,10,22.3,-95.5,30,-5,0,44.3,phy
AL191995,ROXANNE,1995,10,22.3,-95.6,30,-5,0,44.6,phy
AL191995,ROXANNE,1995,10,22.4,-95.6,30,-5,0,44.0,phy
AL041996,DOLLY,1996,8,19.7,-91.4,35,20,0,21.1,phy
AL041996,DOLLY,1996,8,20.1,-92.6,45,15,0,24.7,phy
AL041996,DOLLY,1996,8,20.4,-93.7,45,25,0,34.4,phy
AL041996,DOLLY,1996,8,20.6,-94.2,50,-5,0,40.6,phy
AL041996,DOLLY,1996,8,20.9,-94.9,55,-25,0,41.9,phy
AL041996,DOLLY,1996,8,21.3,-96.1,60,-35,0,39.8,phy
AL051997,DANNY,1997,7,27.4,-92.6,25,15,0,31.1,phy
AL051997,DANNY,1997,7,27.5,-92.5,30,20,0,31.1,phy
AL051997,DANNY,1997,7,27.7,-92.3,30,25,0,31.4,phy
AL051997,DANNY,1997,7,27.9,-92.0,30,35,1,29.9,phy
AL051997,DANNY,1997,7,28.3,-91.4,40,30,1,25.5,phy
AL051997,DANNY,1997,7,28.6,-91.0,50,20,0,21.6,phy
AL051997,DANNY,1997,7,28.9,-90.2,55,15,0,21.6,phy
AL051998,EARL,1998,8,21.6,-93.5,30,15,0,44.3,phy
AL051998,EARL,1998,8,22.4,-93.8,35,15,0,45.3,phy
AL051998,EARL,1998,9,23.2,-93.7,35,15,0,50.3,phy
AL051998,EARL,1998,9,24.1,-93.4,40,10,0,50.2,phy
AL051998,EARL,1998,9,25.0,-93.1,45,25,0,62.3,phy
AL051998,EARL,1998,9,25.8,-92.5,50,35,1,51.7,phy
AL051998,EARL,1998,9,26.8,-91.5,50,30,1,47.5,phy
AL051998,EARL,1998,9,27.6,-90.4,50,20,0,45.6,phy
AL051998,EARL,1998,9,28.2,-89.0,70,-25,0,56.5,phy
AL051998,EARL,1998,9,28.7,-87.9,85,-45,0,55.0,phy
AL051998,EARL,1998,9,29.4,-86.8,80,-40,0,42.3,phy
AL051998,EARL,1998,9,30.1,-85.7,70,-20,0,11.4,phy
AL071998,GEORGES,1998,9,24.5,-81.8,90,0,0,9.6,phy
AL071998,GEORGES,1998,9,24.6,-82.4,90,0,0,7.9,phy
AL071998,GEORGES,1998,9,24.8,-83.3,90,5,0,36.0,phy
AL071998,GEORGES,1998,9,25.2,-84.2,90,5,0,96.7,phy
AL071998,GEORGES,1998,9,25.7,-85.1,90,5,0,49.5,phy
AL071998,GEORGES,1998,9,26.2,-85.9,90,5,0,49.5,phy
AL071998,GEORGES,1998,9,27.0,-86.5,95,0,0,38.3,phy
AL071998,GEORGES,1998,9,27.6,-87.2,95,-5,0,35.9,phy
AL071998,GEORGES,1998,9,28.2,-87.8,95,-5,0,40.2,phy
AL071998,GEORGES,1998,9,28.8,-88.3,95,-30,0,45.7,phy
AL071998,GEORGES,1998,9,29.3,-88.5,95,-45,0,42.4,phy
AL131998,MITCH,1998,11,18.7,-93.7,20,20,0,65.8,phy
AL131998,MITCH,1998,11,19.2,-93.4,20,15,0,51.0,phy
AL131998,MITCH,1998,11,19.3,-92.7,20,10,0,45.8,phy
AL131998,MITCH,1998,11,19.4,-92.1,25,15,0,40.3,phy
AL131998,MITCH,1998,11,19.6,-91.4,40,0,0,25.2,phy
AL131998,MITCH,1998,11,20.0,-90.6,35,10,0,6.4,phy
AL131998,MITCH,1998,11,20.1,-90.5,35,10,0,6.4,phy
AL131998,MITCH,1998,11,20.8,-89.6,30,20,0,,phy
AL131998,MITCH,1998,11,21.8,-88.2,40,15,0,18.5,phy
AL131998,MITCH,1998,11,23.3,-86.5,40,10,0,40.6,phy
AL131998,MITCH,1998,11,24.8,-84.8,45,5,0,51.2,phy
AL131998,MITCH,1998,11,25.6,-83.1,50,0,0,44.1,phy
AL131998,MITCH,1998,11,26.2,-81.9,55,-5,0,0.0,phy
AL031999,BRET,1999,8,19.5,-94.4,30,5,0,42.3,phy
AL031999,BRET,1999,8,19.5,-94.5,30,10,0,43.3,phy
AL031999,BRET,1999,8,19.6,-94.6,30,15,0,43.4,phy
AL031999,BRET,1999,8,19.7,-94.6,30,20,0,43.0,phy
AL031999,BRET,1999,8,19.8,-94.7,35,20,0,44.4,phy
AL031999,BRET,1999,8,19.8,-94.7,40,25,0,44.4,phy
AL031999,BRET,1999,8,20.0,-94.6,45,30,1,44.9,phy
AL031999,BRET,1999,8,20.4,-94.5,50,30,1,45.4,phy
AL031999,BRET,1999,8,21.2,-94.4,55,35,1,50.4,phy
AL031999,BRET,1999,8,21.9,-94.5,65,55,1,51.7,phy
AL031999,BRET,1999,8,22.5,-94.7,75,50,1,55.4,phy
AL031999,BRET,1999,8,23.1,-94.9,80,45,1,58.1,phy
AL031999,BRET,1999,8,23.8,-95.0,90,30,1,55.7,phy
AL031999,BRET,1999,8,24.7,-95.1,120,-20,0,49.8,phy
AL031999,BRET,1999,8,25.5,-95.5,125,-45,0,56.2,phy
AL031999,BRET,1999,8,26.2,-96.1,125,-65,0,54.1,phy
AL031999,BRET,1999,8,26.6,-96.8,120,-85,0,23.1,phy
AL131999,IRENE,1999,10,23.8,-82.2,65,0,0,85.8,phy
AL131999,IRENE,1999,10,24.4,-81.8,65,0,0,74.6,phy
AL131999,IRENE,1999,10,24.6,-81.6,65,0,0,34.4,phy
AL131999,IRENE,1999,10,25.1,-81.3,65,0,0,6.4,phy
AL112000,GORDON,2000,9,21.0,-88.0,25,25,0,,phy
AL112000,GORDON,2000,9,21.4,-88.7,25,30,1,21.6,phy
AL112000,GORDON,2000,9,21.6,-87.8,30,30,1,6.4,phy
AL112000,GORDON,2000,9,22.5,-86.7,40,25,0,63.8,phy
AL112000,GORDON,2000,9,22.9,-86.6,50,20,0,85.0,phy
AL112000,GORDON,2000,9,23.5,-86.3,55,10,0,101.1,phy
AL112000,GORDON,2000,9,24.3,-85.9,60,5,0,126.7,phy
AL112000,GORDON,2000,9,25.2,-85.4,65,-5,0,121.4,phy
AL112000,GORDON,2000,9,26.1,-84.9,70,-30,0,57.5,phy
AL112000,GORDON,2000,9,27.1,-84.3,65,-35,0,47.0,phy
AL112000,GORDON,2000,9,28.0,-83.8,65,-40,0,34.4,phy
AL112000,GORDON,2000,9,28.9,-83.4,60,-35,0,13.5,phy
AL152000,KEITH,2000,10,19.5,-91.4,30,35,1,21.6,phy
AL152000,KEITH,2000,10,19.9,-92.5,35,40,1,39.2,phy
AL152000,KEITH,2000,10,20.3,-93.5,40,40,1,43.1,phy
AL152000,KEITH,2000,10,20.7,-94.8,60,-15,0,58.1,phy
AL152000,KEITH,2000,10,21.2,-96.1,65,-35,0,63.2,phy
AL152000,KEITH,2000,10,21.8,-97.0,75,-55,0,53.8,phy
AL082001,GABRIELLE,2001,9,25.8,-84.1,25,5,0,40.8,phy
AL082001,GABRIELLE,2001,9,25.7,-84.6,25,5,0,44.0,phy
AL082001,GABRIELLE,2001,9,25.7,-85.0,25,5,0,54.8,phy
AL082001,GABRIELLE,2001,9,25.6,-85.3,25,10,0,60.1,phy
AL082001,GABRIELLE,2001,9,25.4,-85.4,30,10,0,89.0,phy
AL082001,GABRIELLE,2001,9,25.1,-85.7,30,15,0,135.6,phy
AL082001,GABRIELLE,2001,9,25.2,-85.3,30,20,0,109.6,phy
AL082001,GABRIELLE,2001,9,25.3,-84.9,35,25,0,61.8,phy
AL082001,GABRIELLE,2001,9,25.4,-84.5,40,5,0,43.6,phy
AL082001,GABRIELLE,2001,9,25.4,-84.1,45,-5,0,39.6,phy
AL082001,GABRIELLE,2001,9,25.8,-83.6,50,-10,0,38.8,phy
AL082001,GABRIELLE,2001,9,27.1,-82.6,60,-20,0,9.6,phy
AL102002,ISIDORE,2002,9,22.1,-84.3,75,35,1,6.4,phy
AL102002,ISIDORE,2002,9,22.3,-85.1,85,25,0,104.9,phy
AL102002,ISIDORE,2002,9,22.0,-85.8,100,10,0,111.2,phy
AL102002,ISIDORE,2002,9,21.9,-86.1,110,0,0,99.0,phy
AL102002,ISIDORE,2002,9,22.1,-86.5,110,-10,0,52.5,phy
AL102002,ISIDORE,2002,9,22.0,-87.4,110,-40,0,25.2,phy
AL102002,ISIDORE,2002,9,21.9,-88.2,110,-50,0,11.4,phy
AL102002,ISIDORE,2002,9,21.6,-88.9,110,-60,0,11.4,phy
AL102002,ISIDORE,2002,9,21.3,-89.3,110,-60,0,6.4,phy
AL102002,ISIDORE,2002,9,21.0,-89.4,100,-65,0,,phy
AL102002,ISIDORE,2002,9,20.6,-89.6,70,-25,0,,phy
AL102002,ISIDORE,2002,9,20.1,-89.6,60,-10,0,,phy
AL102002,ISIDORE,2002,9,20.3,-89.4,50,0,0,,phy
AL102002,ISIDORE,2002,9,20.5,-89.3,35,15,0,,phy
AL102002,ISIDORE,2002,9,21.0,-89.5,45,5,0,,phy
AL102002,ISIDORE,2002,9,21.7,-89.7,50,0,0,21.6,phy
AL102002,ISIDORE,2002,9,22.1,-89.8,50,5,0,40.3,phy
AL102002,ISIDORE,2002,9,23.0,-89.7,50,5,0,55.4,phy
AL102002,ISIDORE,2002,9,24.2,-89.7,50,5,0,59.9,phy
AL102002,ISIDORE,2002,9,25.4,-90.2,50,5,0,52.5,phy
AL102002,ISIDORE,2002,9,26.3,-90.4,55,-15,0,63.6,phy
AL102002,ISIDORE,2002,9,27.5,-90.3,55,-35,0,46.0,phy
AL102002,ISIDORE,2002,9,29.1,-90.3,55,-35,0,6.4,phy
AL132002,LILI,2002,10,22.4,-84.4,90,30,1,6.4,phy
AL132002,LILI,2002,10,23.0,-85.7,90,35,1,90.5,phy
AL132002,LILI,2002,10,23.6,-87.2,100,5,0,52.6,phy
AL132002,LILI,2002,10,24.4,-88.3,110,-30,0,52.1,phy
AL132002,LILI,2002,10,25.4,-89.5,120,-60,0,43.1,phy
AL132002,LILI,2002,10,25.9,-89.9,125,-65,0,47.0,phy
AL132002,LILI,2002,10,26.7,-90.3,125,-85,0,60.1,phy
AL132002,LILI,2002,10,28.1,-91.4,105,-75,0,50.1,phy
AL132002,LILI,2002,10,29.2,-92.1,80,-55,0,7.9,phy
AL042003,CLAUDETTE,2003,7,21.1,-87.2,50,-5,0,,phy
AL042003,CLAUDETTE,2003,7,21.8,-88.2,45,0,0,5.5,phy
AL042003,CLAUDETTE,2003,7,22.6,-89.2,45,0,0,28.9,phy
AL042003,CLAUDETTE,2003,7,23.3,-90.2,45,0,0,36.2,phy
AL042003,CLAUDETTE,2003,7,23.9,-90.7,45,5,0,33.5,phy
AL042003,CLAUDETTE,2003,7,24.6,-90.9,45,5,0,37.3,phy
AL042003,CLAUDETTE,2003,7,24.9,-91.5,45,10,0,39.4,phy
AL042003,CLAUDETTE,2003,7,24.9,-91.9,45,10,0,38.7,phy
AL042003,CLAUDETTE,2003,7,25.1,-92.1,50,5,0,39.1,phy
AL042003,CLAUDETTE,2003,7,25.3,-92.2,50,10,0,37.9,phy
AL042003,CLAUDETTE,2003,7,25.6,-92.2,55,5,0,37.9,phy
AL042003,CLAUDETTE,2003,7,26.0,-92.3,55,10,0,38.4,phy
AL042003,CLAUDETTE,2003,7,26.7,-92.6,55,20,0,31.4,phy
AL042003,CLAUDETTE,2003,7,27.3,-93.0,60,10,0,28.8,phy
AL042003,CLAUDETTE,2003,7,27.7,-93.6,60,-10,0,27.8,phy
AL042003,CLAUDETTE,2003,7,27.9,-94.6,65,-25,0,26.9,phy
AL042003,CLAUDETTE,2003,7,28.3,-95.5,75,-40,0,21.0,phy
AL042003,CLAUDETTE,2003,7,28.3,-96.2,80,-45,0,18.5,phy
AL082003,ERIKA,2003,8,26.4,-83.3,35,15,0,32.2,phy
AL082003,ERIKA,2003,8,26.6,-85.7,40,15,0,109.4,phy
AL082003,ERIKA,2003,8,26.4,-88.3,40,20,0,65.2,phy
AL082003,ERIKA,2003,8,26.1,-90.5,45,20,0,39.9,phy
AL082003,ERIKA,2003,8,26.0,-92.5,50,-15,0,46.0,phy
AL082003,ERIKA,2003,8,25.9,-94.4,55,-30,0,45.4,phy
AL032004,CHARLEY,2004,8,24.4,-82.9,95,-30,0,51.4,phy
AL032004,CHARLEY,2004,8,26.1,-82.4,125,-65,0,21.6,phy
AL032004,CHARLEY,2004,8,26.6,-82.2,130,-70,0,6.4,phy
AL032004,CHARLEY,2004,8,26.9,-82.1,125,-65,0,6.4,phy
AL062004,FRANCES,2004,9,28.6,-83.3,55,-25,0,15.8,phy
AL062004,FRANCES,2004,9,29.2,-83.7,55,-30,0,15.8,phy
AL092004,IVAN,2004,9,22.4,-85.6,140,-20,0,107.8,phy
AL092004,IVAN,2004,9,23.0,-86.0,125,-10,0,109.0,phy
AL092004,IVAN,2004,9,23.7,-86.5,120,-5,0,45.9,phy
AL092004,IVAN,2004,9,24.7,-87.0,120,-10,0,36.8,phy
AL092004,IVAN,2004,9,25.6,-87.4,120,-15,0,47.4,phy
AL092004,IVAN,2004,9,26.7,-87.9,115,-45,0,136.4,phy
AL092004,IVAN,2004,9,27.9,-88.2,115,-65,0,60.2,phy
AL092004,IVAN,2004,9,28.9,-88.2,110,-80,0,32.9,phy
AL092004,IVAN,2004,9,25.8,-81.7,25,0,0,6.4,phy
AL092004,IVAN,2004,9,25.2,-82.8,25,5,0,40.3,phy
AL092004,IVAN,2004,9,24.8,-84.1,25,10,0,62.6,phy
AL092004,IVAN,2004,9,25.1,-86.1,25,10,0,71.0,phy
AL092004,IVAN,2004,9,26.0,-87.3,25,25,0,42.4,phy
AL092004,IVAN,2004,9,26.5,-88.6,30,10,0,136.4,phy
AL092004,IVAN,2004,9,27.1,-89.5,35,-5,0,148.4,phy
AL092004,IVAN,2004,9,27.9,-91.0,35,-10,0,41.7,phy
AL032005,CINDY,2005,7,20.9,-88.5,25,20,0,,phy
AL032005,CINDY,2005,7,22.3,-89.0,30,30,1,30.5,phy
AL032005,CINDY,2005,7,23.9,-89.7,30,35,1,43.8,phy
AL032005,CINDY,2005,7,25.1,-90.2,35,15,0,33.3,phy
AL032005,CINDY,2005,7,26.4,-90.4,45,-5,0,62.1,phy
AL032005,CINDY,2005,7,27.6,-90.5,60,-30,0,45.7,phy
AL032005,CINDY,2005,7,28.5,-90.3,65,-40,0,25.4,phy
AL042005,DENNIS,2005,7,23.4,-82.5,75,50,1,113.8,phy
AL042005,DENNIS,2005,7,24.3,-83.4,80,40,1,32.9,phy
AL042005,DENNIS,2005,7,25.2,-84.2,90,20,0,33.4,phy
AL042005,DENNIS,2005,7,26.1,-85.0,110,-65,0,22.7,phy
AL042005,DENNIS,2005,7,27.2,-85.8,125,-95,0,27.4,phy
AL042005,DENNIS,2005,7,28.5,-86.3,120,-95,0,33.0,phy
AL042005,DENNIS,2005,7,29.9,-86.9,110,-90,0,28.9,phy
AL052005,EMILY,2005,7,21.3,-88.9,65,15,0,6.4,phy
AL052005,EMILY,2005,7,22.0,-90.3,65,20,0,34.0,phy
AL052005,EMILY,2005,7,22.6,-91.5,75,35,1,40.1,phy
AL052005,EMILY,2005,7,23.2,-92.8,80,30,1,45.3,phy
AL052005,EMILY,2005,7,23.7,-94.0,80,30,1,43.3,phy
AL052005,EMILY,2005,7,24.1,-95.1,85,-15,0,43.0,phy
AL052005,EMILY,2005,7,24.4,-96.1,110,-65,0,49.0,phy
AL052005,EMILY,2005,7,24.6,-96.9,110,-80,0,50.6,phy
AL122005,KATRINA,2005,8,25.4,-81.3,65,30,1,6.4,phy
AL122005,KATRINA,2005,8,25.1,-82.0,75,25,0,18.5,phy
AL122005,KATRINA,2005,8,24.9,-82.6,85,15,0,29.4,phy
AL122005,KATRINA,2005,8,24.6,-83.3,90,10,0,35.0,phy
AL122005,KATRINA,2005,8,24.4,-84.0,95,30,1,42.1,phy
AL122005,KATRINA,2005,8,24.4,-84.7,100,45,1,63.1,phy
AL122005,KATRINA,2005,8,24.5,-85.3,100,50,1,109.1,phy
AL122005,KATRINA,2005,8,24.8,-85.9,100,40,1,100.8,phy
AL122005,KATRINA,2005,8,25.2,-86.7,125,0,0,105.0,phy
AL122005,KATRINA,2005,8,25.7,-87.7,145,-35,0,91.8,phy
AL122005,KATRINA,2005,8,26.3,-88.6,150,-70,0,84.6,phy
AL122005,KATRINA,2005,8,27.2,-89.2,140,-90,0,74.8,phy
AL122005,KATRINA,2005,8,28.2,-89.6,125,-85,0,41.3,phy
AL182005,RITA,2005,9,24.1,-82.7,95,55,1,58.4,phy
AL182005,RITA,2005,9,24.2,-84.0,110,45,1,44.1,phy
AL182005,RITA,2005,9,24.2,-85.2,120,20,0,105.6,phy
AL182005,RITA,2005,9,24.3,-86.2,145,-20,0,113.8,phy
AL182005,RITA,2005,9,24.5,-86.9,150,-30,0,122.5,phy
AL182005,RITA,2005,9,24.7,-87.3,155,-35,0,114.9,phy
AL182005,RITA,2005,9,24.8,-87.6,155,-40,0,110.1,phy
AL182005,RITA,2005,9,25.2,-88.3,140,-25,0,89.3,phy
AL182005,RITA,2005,9,25.6,-89.1,125,-15,0,55.3,phy
AL182005,RITA,2005,9,26.0,-89.9,120,-15,0,50.6,phy
AL182005,RITA,2005,9,26.5,-90.7,115,-15,0,69.4,phy
AL182005,RITA,2005,9,27.1,-91.5,115,-50,0,71.5,phy
AL182005,RITA,2005,9,27.8,-92.3,110,-65,0,72.0,phy
AL182005,RITA,2005,9,28.6,-93.0,105,-70,0,34.4,phy
AL182005,RITA,2005,9,29.4,-93.6,100,-70,0,11.4,phy
AL202005,STAN,2005,10,20.5,-89.8,30,25,0,,phy
AL202005,STAN,2005,10,20.5,-91.0,35,30,1,13.5,phy
AL202005,STAN,2005,10,20.3,-91.7,40,30,1,29.4,phy
AL202005,STAN,2005,10,20.1,-92.2,50,-5,0,43.9,phy
AL202005,STAN,2005,10,19.8,-93.2,55,-25,0,48.9,phy
AL202005,STAN,2005,10,19.2,-94.1,65,-40,0,50.5,phy
AL252005,WILMA,2005,10,21.3,-87.1,85,5,0,25.2,phy
AL252005,WILMA,2005,10,21.6,-87.0,85,10,0,9.6,phy
AL252005,WILMA,2005,10,21.8,-86.8,85,25,0,29.4,phy
AL252005,WILMA,2005,10,22.4,-86.1,85,10,0,108.3,phy
AL252005,WILMA,2005,10,23.1,-85.4,90,15,0,103.8,phy
AL252005,WILMA,2005,10,24.0,-84.3,95,15,0,93.4,phy
AL252005,WILMA,2005,10,25.0,-83.1,110,-10,0,47.4,phy
AL252005,WILMA,2005,10,25.9,-81.7,105,-15,0,6.4,phy
AL042007,DEAN,2007,8,19.7,-92.2,65,-35,0,32.1,phy
AL092007,HUMBERTO,2007,9,27.3,-95.0,25,55,1,45.8,phy
AL092007,HUMBERTO,2007,9,27.8,-95.1,35,30,1,48.0,phy
AL092007,HUMBERTO,2007,9,28.3,-95.0,45,-10,0,34.4,phy
AL092007,HUMBERTO,2007,9,28.8,-94.8,55,-30,0,18.5,phy
AL132007,LORENZO,2007,9,21.8,-94.8,25,5,0,46.8,phy
AL132007,LORENZO,2007,9,21.7,-95.2,25,5,0,47.9,phy
AL132007,LORENZO,2007,9,21.2,-95.0,25,5,0,50.2,phy
AL132007,LORENZO,2007,9,21.0,-94.7,30,15,0,49.5,phy
AL132007,LORENZO,2007,9,21.2,-94.4,30,30,1,50.7,phy
AL132007,LORENZO,2007,9,21.2,-94.7,30,40,1,51.1,phy
AL132007,LORENZO,2007,9,20.8,-94.8,30,35,1,49.1,phy
AL132007,LORENZO,2007,9,20.6,-95.1,45,-15,0,49.5,phy
AL132007,LORENZO,2007,9,20.5,-95.7,60,-40,0,51.0,phy
AL042008,DOLLY,2008,7,21.8,-88.8,45,10,0,13.4,phy
AL042008,DOLLY,2008,7,22.8,-90.4,45,15,0,52.5,phy
AL042008,DOLLY,2008,7,23.0,-92.0,45,20,0,45.2,phy
AL042008,DOLLY,2008,7,23.2,-93.3,45,25,0,49.2,phy
AL042008,DOLLY,2008,7,23.7,-94.1,55,30,1,51.0,phy
AL042008,DOLLY,2008,7,24.3,-94.9,60,15,0,44.5,phy
AL042008,DOLLY,2008,7,24.9,-95.7,65,0,0,48.3,phy
AL042008,DOLLY,2008,7,25.4,-96.2,70,-15,0,52.5,phy
AL042008,DOLLY,2008,7,25.9,-96.7,85,-40,0,39.6,phy
AL042008,DOLLY,2008,7,26.0,-96.8,85,-40,0,21.5,phy
AL072008,GUSTAV,2008,8,22.7,-83.5,120,-25,0,40.3,phy
AL072008,GUSTAV,2008,8,23.6,-84.4,105,-10,0,97.9,phy
AL072008,GUSTAV,2008,8,24.8,-85.5,100,-5,0,151.0,phy
AL072008,GUSTAV,2008,8,25.9,-86.7,95,-10,0,103.5,phy
AL072008,GUSTAV,2008,9,26.9,-87.7,95,-35,0,51.2,phy
AL072008,GUSTAV,2008,9,27.9,-89.0,95,-55,0,46.6,phy
AL072008,GUSTAV,2008,9,28.8,-90.3,95,-65,0,18.5,phy
AL092008,IKE,2008,9,23.1,-84.0,65,20,0,98.2,phy
AL092008,IKE,2008,9,23.4,-84.6,70,15,0,127.6,phy
AL092008,IKE,2008,9,23.8,-85.2,80,5,0,135.9,phy
AL092008,IKE,2008,9,24.2,-85.8,85,0,0,144.9,phy
AL092008,IKE,2008,9,24.7,-86.4,85,0,0,128.7,phy
AL092008,IKE,2008,9,25.1,-87.1,85,5,0,112.9,phy
AL092008,IKE,2008,9,25.5,-88.0,85,10,0,48.5,phy
AL092008,IKE,2008,9,25.8,-88.9,85,10,0,52.0,phy
AL092008,IKE,2008,9,26.1,-90.0,85,10,0,61.3,phy
AL092008,IKE,2008,9,26.4,-91.1,90,5,0,61.4,phy
AL092008,IKE,2008,9,26.9,-92.2,95,-10,0,63.3,phy
AL092008,IKE,2008,9,27.5,-93.2,95,-45,0,47.6,phy
AL092008,IKE,2008,9,28.3,-94.0,95,-60,0,37.8,phy
AL092008,IKE,2008,9,29.1,-94.6,95,-60,0,13.5,phy
AL172008,PALOMA,2008,11,22.8,-83.8,20,0,0,90.6,phy
AL112009,IDA,2009,11,21.9,-86.2,85,-20,0,103.8,phy
AL112009,IDA,2009,11,23.0,-86.5,90,-30,0,55.2,phy
AL112009,IDA,2009,11,24.4,-87.5,80,-30,0,44.0,phy
AL112009,IDA,2009,11,26.3,-88.3,60,-25,0,56.4,phy
AL112009,IDA,2009,11,27.9,-88.6,65,-35,0,0.0,phy
AL112009,IDA,2009,11,28.5,-88.7,75,-45,0,0.0,phy
AL112009,IDA,2009,11,28.9,-88.7,60,-35,0,0.0,phy
AL012010,ALEX,2010,6,19.5,-91.4,40,15,0,17.7,phy
AL012010,ALEX,2010,6,20.0,-91.6,50,10,0,23.4,phy
AL012010,ALEX,2010,6,20.3,-91.7,50,10,0,29.4,phy
AL012010,ALEX,2010,6,20.7,-91.7,55,10,0,28.5,phy
AL012010,ALEX,2010,6,21.5,-91.9,55,15,0,33.4,phy
AL012010,ALEX,2010,6,22.4,-92.7,60,15,0,34.4,phy
AL012010,ALEX,2010,6,22.9,-93.6,60,20,0,36.5,phy
AL012010,ALEX,2010,6,23.0,-94.4,65,25,0,30.3,phy
AL012010,ALEX,2010,6,23.1,-94.8,70,5,0,30.7,phy
AL012010,ALEX,2010,6,23.5,-95.2,75,-15,0,37.1,phy
AL012010,ALEX,2010,6,24.0,-95.5,75,-15,0,34.2,phy
AL012010,ALEX,2010,6,24.3,-96.2,80,-40,0,29.3,phy
AL012010,ALEX,2010,7,24.3,-97.3,90,-60,0,24.0,phy
AL132010,KARL,2010,9,19.4,-91.1,45,50,1,11.4,phy
AL132010,KARL,2010,9,19.6,-92.2,55,55,1,27.7,phy
AL132010,KARL,2010,9,19.6,-93.3,70,20,0,40.1,phy
AL132010,KARL,2010,9,19.7,-94.1,85,-25,0,37.6,phy
AL132010,KARL,2010,9,19.7,-94.9,95,-70,0,29.9,phy
AL182010,PAULA,2010,10,21.8,-85.6,75,-35,0,103.2,phy
AL182010,PAULA,2010,10,22.2,-85.2,70,-40,0,107.8,phy
AL182010,PAULA,2010,10,22.6,-84.5,60,-35,0,85.1,phy
AL182010,PAULA,2010,10,22.7,-83.9,55,-30,0,71.8,phy
AL182010,PAULA,2010,10,22.8,-83.5,50,-30,0,6.4,phy
AL152011,NATE,2011,9,20.3,-93.9,30,10,0,27.0,phy
AL152011,NATE,2011,9,20.3,-93.7,30,15,0,24.6,phy
AL152011,NATE,2011,9,20.3,-93.3,30,20,0,23.2,phy
AL152011,NATE,2011,9,20.3,-92.9,35,20,0,30.6,phy
AL152011,NATE,2011,9,20.3,-92.6,40,25,0,32.2,phy
AL152011,NATE,2011,9,20.2,-92.5,45,20,0,31.0,phy
AL152011,NATE,2011,9,20.1,-92.4,50,5,0,29.8,phy
AL152011,NATE,2011,9,19.9,-92.3,55,-5,0,26.9,phy
AL152011,NATE,2011,9,19.7,-92.3,65,-20,0,20.7,phy
AL152011,NATE,2011,9,19.7,-92.1,65,-20,0,22.2,phy
AL152011,NATE,2011,9,19.9,-92.2,55,-10,0,27.2,phy
AL152011,NATE,2011,9,20.0,-92.4,50,0,0,28.6,phy
AL152011,NATE,2011,9,20.0,-92.7,45,10,0,28.3,phy
AL152011,NATE,2011,9,20.0,-93.0,45,10,0,23.3,phy
AL152011,NATE,2011,9,20.0,-93.4,45,5,0,23.9,phy
AL152011,NATE,2011,9,20.1,-93.8,50,-10,0,27.6,phy
AL152011,NATE,2011,9,20.1,-94.2,55,-20,0,28.6,phy
AL152011,NATE,2011,9,20.1,-94.7,55,-30,0,30.8,phy
AL052012,ERNESTO,2012,8,18.7,-92.8,60,-30,0,15.4,phy
AL092012,ISAAC,2012,8,24.2,-82.6,50,10,0,73.7,phy
AL092012,ISAAC,2012,8,25.0,-83.6,50,10,0,59.5,phy
AL092012,ISAAC,2012,8,25.7,-84.7,55,10,0,53.1,phy
AL092012,ISAAC,2012,8,26.3,-85.7,60,10,0,63.2,phy
AL092012,ISAAC,2012,8,26.8,-86.7,60,10,0,49.8,phy
AL092012,ISAAC,2012,8,27.4,-87.6,60,10,0,41.6,phy
AL092012,ISAAC,2012,8,28.0,-88.3,65,0,0,38.8,phy
AL092012,ISAAC,2012,8,28.6,-88.8,70,-10,0,40.6,phy
AL092012,ISAAC,2012,8,28.9,-89.4,70,-15,0,13.5,phy
AL092012,ISAAC,2012,8,29.0,-89.7,70,-15,0,24.7,phy
AL092012,ISAAC,2012,8,29.1,-90.0,70,-15,0,15.8,phy
AL102013,INGRID,2013,9,19.3,-92.2,25,5,0,32.4,phy
AL102013,INGRID,2013,9,19.6,-92.9,30,5,0,43.5,phy
AL102013,INGRID,2013,9,19.7,-93.6,30,10,0,39.9,phy
AL102013,INGRID,2013,9,19.7,-94.1,30,20,0,46.8,phy
AL102013,INGRID,2013,9,19.6,-94.6,30,25,0,54.3,phy
AL102013,INGRID,2013,9,19.3,-95.1,35,25,0,50.2,phy
AL102013,INGRID,2013,9,19.1,-95.3,40,25,0,38.7,phy
AL102013,INGRID,2013,9,19.3,-95.3,50,25,0,44.9,phy
AL102013,INGRID,2013,9,19.6,-95.1,55,20,0,55.8,phy
AL102013,INGRID,2013,9,20.3,-94.6,60,5,0,42.9,phy
AL102013,INGRID,2013,9,21.0,-94.4,65,0,0,51.4,phy
AL102013,INGRID,2013,9,21.6,-94.7,75,-5,0,55.8,phy
AL102013,INGRID,2013,9,22.0,-95.2,75,-15,0,47.3,phy
AL102013,INGRID,2013,9,22.4,-95.6,65,-10,0,43.8,phy
AL102013,INGRID,2013,9,22.7,-95.9,65,-25,0,39.4,phy
AL102013,INGRID,2013,9,23.0,-96.2,70,-45,0,49.3,phy
AL102013,INGRID,2013,9,23.4,-96.9,60,-40,0,47.0,phy
AL052016,EARL,2016,8,18.5,-93.5,40,-15,0,10.4,phy
AL092016,HERMINE,2016,8,23.4,-82.4,30,0,0,120.9,phy
AL092016,HERMINE,2016,8,23.4,-83.3,30,0,0,159.2,phy
AL092016,HERMINE,2016,8,23.5,-84.0,30,0,0,131.0,phy
AL092016,HERMINE,2016,8,23.7,-84.6,30,0,0,81.5,phy
AL092016,HERMINE,2016,8,23.8,-85.4,30,0,0,35.7,phy
AL092016,HERMINE,2016,8,23.8,-86.2,30,5,0,38.3,phy
AL092016,HERMINE,2016,8,23.9,-86.8,30,10,0,45.4,phy
AL092016,HERMINE,2016,8,24.0,-87.3,30,15,0,53.0,phy
AL092016,HERMINE,2016,8,24.1,-87.8,30,20,0,56.8,phy
AL092016,HERMINE,2016,8,24.4,-88.0,35,20,0,51.3,phy
AL092016,HERMINE,2016,8,24.8,-87.9,40,20,0,40.3,phy
AL092016,HERMINE,2016,8,25.1,-87.7,45,20,0,38.2,phy
AL092016,HERMINE,2016,9,25.5,-87.2,50,20,0,36.9,phy
AL092016,HERMINE,2016,9,26.0,-86.8,55,10,0,35.3,phy
AL092016,HERMINE,2016,9,26.9,-86.2,60,-10,0,49.7,phy
AL092016,HERMINE,2016,9,27.9,-85.5,65,-15,0,49.8,phy
AL092016,HERMINE,2016,9,29.0,-84.8,70,-20,0,24.4,phy
AL072017,FRANKLIN,2017,8,20.2,-90.9,40,35,1,9.6,phy
AL072017,FRANKLIN,2017,8,20.4,-92.2,55,5,0,34.4,phy
AL072017,FRANKLIN,2017,8,20.2,-93.3,60,-35,0,47.8,phy
AL092017,HARVEY,2017,8,20.0,-89.7,25,10,0,,phy
AL092017,HARVEY,2017,8,20.5,-90.7,25,15,0,6.4,phy
AL092017,HARVEY,2017,8,20.9,-91.6,25,25,0,47.4,phy
AL092017,HARVEY,2017,8,21.4,-92.3,30,30,1,38.8,phy
AL092017,HARVEY,2017,8,21.6,-92.4,35,35,1,39.8,phy
AL092017,HARVEY,2017,8,22.0,-92.5,40,40,1,44.2,phy
AL092017,HARVEY,2017,8,22.8,-92.6,50,40,1,65.0,phy
AL092017,HARVEY,2017,8,23.7,-93.1,60,35,1,74.3,phy
AL092017,HARVEY,2017,8,24.4,-93.6,70,35,1,70.8,phy
AL092017,HARVEY,2017,8,25.0,-94.4,80,35,1,74.8,phy
AL092017,HARVEY,2017,8,25.6,-95.1,90,15,0,72.4,phy
AL092017,HARVEY,2017,8,26.3,-95.8,95,-30,0,76.8,phy
AL092017,HARVEY,2017,8,27.1,-96.3,105,-55,0,43.4,phy
AL092017,HARVEY,2017,8,27.8,-96.8,115,-70,0,18.5,phy
AL092017,HARVEY,2017,8,28.0,-96.9,115,-70,0,7.9,phy
AL092017,HARVEY,2017,8,28.4,-95.9,40,5,0,18.5,phy
AL092017,HARVEY,2017,8,28.2,-95.4,40,5,0,38.9,phy
AL092017,HARVEY,2017,8,28.1,-95.0,40,0,0,42.0,phy
AL092017,HARVEY,2017,8,28.2,-94.6,40,0,0,38.2,phy
AL092017,HARVEY,2017,8,28.5,-94.2,45,-10,0,34.4,phy
AL092017,HARVEY,2017,8,28.9,-93.8,45,-15,0,21.6,phy
AL092017,HARVEY,2017,8,29.4,-93.6,40,-15,0,11.4,phy
AL112017,IRMA,2017,9,24.5,-81.5,115,-65,0,49.6,phy
AL112017,IRMA,2017,9,24.7,-81.5,115,-65,0,7.9,phy
AL112017,IRMA,2017,9,25.6,-81.7,100,-55,0,7.9,phy
AL112017,IRMA,2017,9,25.9,-81.7,100,-55,0,6.4,phy
AL132017,KATIA,2017,9,22.2,-97.2,25,20,0,50.1,phy
AL132017,KATIA,2017,9,22.4,-97.0,30,35,1,57.3,phy
AL132017,KATIA,2017,9,22.4,-96.7,30,40,1,62.4,phy
AL132017,KATIA,2017,9,22.2,-96.4,35,35,1,60.4,phy
AL132017,KATIA,2017,9,22.0,-95.8,45,25,0,56.6,phy
AL132017,KATIA,2017,9,21.8,-95.2,65,5,0,56.4,phy
AL132017,KATIA,2017,9,21.7,-94.9,70,5,0,53.6,phy
AL132017,KATIA,2017,9,21.6,-94.6,70,10,0,47.8,phy
AL132017,KATIA,2017,9,21.6,-94.6,70,15,0,47.8,phy
AL132017,KATIA,2017,9,21.6,-94.6,70,20,0,47.8,phy
AL132017,KATIA,2017,9,21.5,-95.0,75,-5,0,57.2,phy
AL132017,KATIA,2017,9,21.4,-95.3,80,-45,0,56.4,phy
AL132017,KATIA,2017,9,21.1,-95.7,85,-55,0,53.2,phy
AL162017,NATE,2017,10,23.5,-86.5,70,-10,0,104.9,phy
AL162017,NATE,2017,10,25.7,-87.9,80,-45,0,100.3,phy
AL162017,NATE,2017,10,27.6,-88.9,80,-55,0,44.7,phy
AL142018,MICHAEL,2018,10,22.7,-85.2,85,25,0,77.4,phy
AL142018,MICHAEL,2018,10,23.7,-85.8,85,35,1,44.7,phy
AL142018,MICHAEL,2018,10,24.6,-86.2,90,35,1,40.4,phy
AL142018,MICHAEL,2018,10,25.6,-86.4,100,35,1,54.0,phy
AL142018,MICHAEL,2018,10,26.6,-86.5,110,-30,0,54.6,phy
AL142018,MICHAEL,2018,10,27.7,-86.6,120,-70,0,53.2,phy
AL142018,MICHAEL,2018,10,29.0,-86.3,125,-80,0,61.9,phy
AL142018,MICHAEL,2018,10,30.0,-85.5,140,-95,0,6.4,phy
AL022019,BARRY,2019,7,28.5,-86.5,25,10,0,36.0,phy
AL022019,BARRY,2019,7,28.1,-87.1,30,10,0,49.5,phy
AL022019,BARRY,2019,7,27.8,-87.6,30,15,0,61.9,phy
AL022019,BARRY,2019,7,27.7,-88.0,35,10,0,62.9,phy
AL022019,BARRY,2019,7,27.7,-88.4,35,15,0,59.6,phy
AL022019,BARRY,2019,7,27.7,-88.8,40,15,0,54.4,phy
AL022019,BARRY,2019,7,27.8,-89.2,45,15,0,49.8,phy
AL022019,BARRY,2019,7,27.9,-89.7,45,15,0,47.7,phy
AL022019,BARRY,2019,7,28.1,-90.2,50,15,0,38.2,phy
AL022019,BARRY,2019,7,28.4,-90.7,55,5,0,27.8,phy
AL022019,BARRY,2019,7,28.6,-91.1,60,-10,0,21.6,phy
AL022019,BARRY,2019,7,28.9,-91.5,60,-20,0,13.5,phy
AL022019,BARRY,2019,7,29.3,-91.9,65,-30,0,6.4,phy
AL082020,HANNA,2020,7,25.7,-88.3,25,10,0,33.6,phy
AL082020,HANNA,2020,7,25.8,-89.0,25,15,0,33.7,phy
AL082020,HANNA,2020,7,25.9,-89.7,30,15,0,34.9,phy
AL082020,HANNA,2020,7,26.0,-90.4,30,20,0,46.0,phy
AL082020,HANNA,2020,7,26.2,-91.1,35,20,0,57.4,phy
AL082020,HANNA,2020,7,26.6,-92.0,40,20,0,63.2,phy
AL082020,HANNA,2020,7,27.1,-92.8,45,25,0,57.2,phy
AL082020,HANNA,2020,7,27.2,-93.7,50,30,1,45.6,phy
AL082020,HANNA,2020,7,27.1,-94.5,55,20,0,58.7,phy
AL082020,HANNA,2020,7,27.1,-95.3,60,-5,0,51.0,phy
AL082020,HANNA,2020,7,27.1,-96.0,70,-30,0,52.3,phy
AL082020,HANNA,2020,7,26.9,-96.8,80,-50,0,38.6,phy
AL132020,LAURA,2020,8,22.8,-84.8,60,30,1,133.1,phy
AL132020,LAURA,2020,8,23.4,-86.2,65,35,1,47.5,phy
AL132020,LAURA,2020,8,24.1,-87.5,70,50,1,34.3,phy
AL132020,LAURA,2020,8,24.9,-88.9,75,55,1,40.6,phy
AL132020,LAURA,2020,8,25.6,-90.2,90,40,1,57.9,phy
AL132020,LAURA,2020,8,26.4,-91.4,100,-15,0,58.0,phy
AL132020,LAURA,2020,8,27.3,-92.5,120,-65,0,61.0,phy
AL132020,LAURA,2020,8,28.5,-93.0,130,-95,0,40.3,phy
AL142020,MARCO,2020,8,22.2,-86.1,55,0,0,80.1,phy
AL142020,MARCO,2020,8,23.2,-86.7,60,-10,0,43.7,phy
AL142020,MARCO,2020,8,24.3,-87.2,65,-20,0,41.2,phy
AL142020,MARCO,2020,8,25.3,-87.4,65,-25,0,36.9,phy
AL142020,MARCO,2020,8,26.4,-87.6,55,-20,0,38.1,phy
AL142020,MARCO,2020,8,27.3,-87.9,50,-25,0,48.5,phy
AL142020,MARCO,2020,8,28.1,-88.3,45,-25,0,64.2,phy
AL142020,MARCO,2020,8,28.7,-88.6,40,-20,0,55.4,phy
AL192020,SALLY,2020,9,25.6,-81.6,35,15,0,6.4,phy
AL192020,SALLY,2020,9,26.0,-82.5,35,15,0,25.2,phy
AL192020,SALLY,2020,9,26.7,-83.5,45,10,0,45.4,phy
AL192020,SALLY,2020,9,27.2,-84.5,50,15,0,38.1,phy
AL192020,SALLY,2020,9,27.6,-85.4,50,25,0,38.0,phy
AL192020,SALLY,2020,9,27.9,-86.0,50,25,0,44.4,phy
AL192020,SALLY,2020,9,28.2,-86.5,55,15,0,43.1,phy
AL192020,SALLY,2020,9,28.4,-86.9,65,5,0,46.8,phy
AL192020,SALLY,2020,9,28.6,-87.3,75,-5,0,61.3,phy
AL192020,SALLY,2020,9,28.7,-87.7,75,0,0,64.9,phy
AL192020,SALLY,2020,9,28.8,-88.0,70,25,0,59.3,phy
AL192020,SALLY,2020,9,29.0,-88.1,70,15,0,51.3,phy
AL192020,SALLY,2020,9,29.3,-88.1,70,-10,0,46.5,phy
AL192020,SALLY,2020,9,29.6,-88.0,75,-40,0,34.4,phy
AL192020,SALLY,2020,9,29.9,-87.9,95,-65,0,29.4,phy
AL252020,GAMMA,2020,10,21.0,-87.9,50,0,0,,phy
AL252020,GAMMA,2020,10,21.8,-88.2,45,0,0,18.5,phy
AL252020,GAMMA,2020,10,22.3,-88.1,50,-10,0,40.3,phy
AL252020,GAMMA,2020,10,22.7,-87.7,55,-25,0,64.7,phy
AL252020,GAMMA,2020,10,22.9,-87.4,50,-20,0,55.8,phy
AL252020,GAMMA,2020,10,22.8,-87.4,45,-15,0,47.4,phy
AL252020,GAMMA,2020,10,22.6,-87.5,40,-15,0,40.3,phy
AL262020,DELTA,2020,10,21.1,-87.4,85,5,0,,phy
AL262020,DELTA,2020,10,21.7,-88.8,75,25,0,7.9,phy
AL262020,DELTA,2020,10,22.3,-90.2,80,25,0,38.9,phy
AL262020,DELTA,2020,10,23.0,-91.4,85,20,0,61.1,phy
AL262020,DELTA,2020,10,23.7,-92.4,90,10,0,64.6,phy
AL262020,DELTA,2020,10,24.5,-93.1,100,-10,0,62.4,phy
AL262020,DELTA,2020,10,25.3,-93.5,105,-30,0,61.9,phy
AL262020,DELTA,2020,10,26.3,-93.7,105,-55,0,62.2,phy
AL262020,DELTA,2020,10,27.5,-93.8,100,-65,0,50.3,phy
AL262020,DELTA,2020,10,28.7,-93.6,90,-65,0,29.4,phy
AL282020,ZETA,2020,10,21.3,-89.0,60,20,0,6.4,phy
AL282020,ZETA,2020,10,22.2,-90.0,55,40,1,47.4,phy
AL282020,ZETA,2020,10,23.2,-90.8,55,30,1,53.7,phy
AL282020,ZETA,2020,10,24.4,-91.5,65,-5,0,61.1,phy
AL282020,ZETA,2020,10,26.0,-91.7,80,-35,0,48.3,phy
AL282020,ZETA,2020,10,28.0,-91.1,95,-50,0,65.8,phy
AL292020,ETA,2020,11,25.0,-81.4,55,-10,0,6.4,phy
AL292020,ETA,2020,11,24.9,-82.9,50,0,0,40.3,phy
AL292020,ETA,2020,11,24.2,-84.1,45,5,0,120.7,phy
AL292020,ETA,2020,11,23.4,-85.0,45,10,0,122.4,phy
AL292020,ETA,2020,11,23.0,-85.4,45,15,0,101.2,phy
AL292020,ETA,2020,11,22.6,-85.3,50,15,0,90.0,phy
AL292020,ETA,2020,11,22.9,-85.1,50,10,0,111.9,phy
AL292020,ETA,2020,11,23.5,-84.6,55,0,0,130.7,phy
AL292020,ETA,2020,11,24.5,-84.2,60,-10,0,102.4,phy
AL292020,ETA,2020,11,25.8,-83.9,65,-25,0,58.2,phy
AL292020,ETA,2020,11,26.8,-83.7,60,-25,0,54.0,phy
AL292020,ETA,2020,11,27.9,-83.5,55,-15,0,29.4,phy
AL292020,ETA,2020,11,28.7,-83.2,50,-10,0,0.0,phy
AL052021,ELSA,2021,7,23.7,-82.4,50,5,0,67.4,phy
AL052021,ELSA,2021,7,24.6,-82.7,55,0,0,21.6,phy
AL052021,ELSA,2021,7,25.5,-82.9,60,-15,0,43.3,phy
AL052021,ELSA,2021,7,26.6,-83.2,65,-20,0,40.3,phy
AL052021,ELSA,2021,7,27.8,-83.5,55,-15,0,29.4,phy
AL052021,ELSA,2021,7,29.1,-83.6,55,-15,0,13.5,phy
AL072021,GRACE,2021,8,20.5,-89.5,45,40,1,,phy
AL072021,GRACE,2021,8,20.8,-91.1,55,50,1,21.6,phy
AL072021,GRACE,2021,8,20.7,-92.6,60,40,1,46.5,phy
AL072021,GRACE,2021,8,20.6,-93.8,75,-15,0,41.5,phy
AL092021,IDA,2021,8,22.6,-83.5,70,20,0,6.4,phy
AL092021,IDA,2021,8,23.5,-84.7,70,45,1,115.5,phy
AL092021,IDA,2021,8,24.4,-85.7,70,60,1,120.4,phy
AL092021,IDA,2021,8,25.6,-86.6,80,45,1,74.4,phy
AL092021,IDA,2021,8,26.7,-87.6,90,15,0,147.6,phy
AL092021,IDA,2021,8,27.6,-88.7,115,-50,0,133.6,phy
AL092021,IDA,2021,8,28.5,-89.6,130,-90,0,43.5,phy
AL092021,IDA,2021,8,29.1,-90.2,130,-95,0,7.9,phy
AL142021,NICHOLAS,2021,9,21.0,-95.2,35,15,0,60.3,phy
AL142021,NICHOLAS,2021,9,22.4,-95.6,35,20,0,50.3,phy
AL142021,NICHOLAS,2021,9,23.7,-96.1,40,25,0,46.1,phy
AL142021,NICHOLAS,2021,9,24.8,-96.5,50,15,0,41.8,phy
AL142021,NICHOLAS,2021,9,25.9,-96.7,50,0,0,47.4,phy
AL142021,NICHOLAS,2021,9,27.0,-96.6,55,-20,0,56.5,phy
AL142021,NICHOLAS,2021,9,28.0,-96.2,65,-35,0,34.4,phy
AL142021,NICHOLAS,2021,9,29.3,-91.6,20,-5,0,6.4,phy
AL092022,IAN,2022,9,22.6,-83.6,100,40,1,6.4,phy-thetao
AL092022,IAN,2022,9,23.5,-83.3,105,30,1,71.7,phy-thetao
AL092022,IAN,2022,9,24.4,-83.0,105,-5,0,51.9,phy-thetao
AL092022,IAN,2022,9,24.6,-82.9,110,-10,0,9.6,phy-thetao
AL092022,IAN,2022,9,25.2,-82.9,120,-55,0,47.4,phy-thetao
AL092022,IAN,2022,9,26.0,-82.7,140,-80,0,29.4,phy-thetao
AL092022,IAN,2022,9,26.6,-82.4,135,-70,0,15.8,phy-thetao
AL092022,IAN,2022,9,26.7,-82.2,130,-65,0,6.4,phy-thetao
AL092022,IAN,2022,9,26.8,-82.0,125,-60,0,6.4,phy-thetao
AL102023,IDALIA,2023,8,22.6,-85.0,65,40,1,135.7,phy-thetao
AL102023,IDALIA,2023,8,23.8,-84.8,70,30,1,110.2,phy-thetao
AL102023,IDALIA,2023,8,25.3,-84.8,80,-20,0,34.0,phy-thetao
AL102023,IDALIA,2023,8,26.9,-84.7,90,-40,0,44.0,phy-thetao
AL102023,IDALIA,2023,8,28.3,-84.5,105,-55,0,36.2,phy-thetao
AL102023,IDALIA,2023,8,29.1,-84.1,115,-65,0,25.2,phy-thetao
AL022024,BERYL,2024,7,20.9,-88.8,60,-10,0,,phy-thetao
AL022024,BERYL,2024,7,21.4,-89.8,50,0,0,15.8,phy-thetao
AL022024,BERYL,2024,7,21.9,-90.9,45,5,0,37.1,phy-thetao
AL022024,BERYL,2024,7,22.6,-91.8,50,5,0,48.4,phy-thetao
AL022024,BERYL,2024,7,23.6,-92.7,50,5,0,41.6,phy-thetao
AL022024,BERYL,2024,7,24.4,-93.6,50,10,0,50.3,phy-thetao
AL022024,BERYL,2024,7,24.9,-94.3,50,20,0,38.3,phy-thetao
AL022024,BERYL,2024,7,25.5,-94.9,55,15,0,34.7,phy-thetao
AL022024,BERYL,2024,7,26.3,-95.4,55,-5,0,39.4,phy-thetao
AL022024,BERYL,2024,7,27.1,-95.7,60,-30,0,43.7,phy-thetao
AL022024,BERYL,2024,7,28.2,-95.9,70,-45,0,34.4,phy-thetao
AL042024,DEBBY,2024,8,23.9,-83.2,35,35,1,102.7,phy-thetao
AL042024,DEBBY,2024,8,25.0,-83.8,40,30,1,38.2,phy-thetao
AL042024,DEBBY,2024,8,26.2,-84.3,50,15,0,48.6,phy-thetao
AL042024,DEBBY,2024,8,27.3,-84.3,60,-10,0,43.9,phy-thetao
AL042024,DEBBY,2024,8,28.3,-84.1,70,-25,0,34.4,phy-thetao
AL042024,DEBBY,2024,8,29.1,-83.9,70,-25,0,21.6,phy-thetao
AL062024,FRANCINE,2024,9,21.4,-94.5,45,5,0,44.0,phy-thetao
AL062024,FRANCINE,2024,9,22.0,-94.8,45,10,0,48.2,phy-thetao
AL062024,FRANCINE,2024,9,22.7,-95.1,45,10,0,56.6,phy-thetao
AL062024,FRANCINE,2024,9,23.2,-95.5,45,10,0,45.6,phy-thetao
AL062024,FRANCINE,2024,9,23.7,-95.9,50,5,0,39.2,phy-thetao
AL062024,FRANCINE,2024,9,23.9,-96.1,55,10,0,41.3,phy-thetao
AL062024,FRANCINE,2024,9,24.1,-96.2,55,25,0,43.0,phy-thetao
AL062024,FRANCINE,2024,9,24.5,-95.8,55,25,0,56.1,phy-thetao
AL062024,FRANCINE,2024,9,25.3,-95.3,55,30,1,73.0,phy-thetao
AL062024,FRANCINE,2024,9,26.0,-94.7,65,5,0,70.9,phy-thetao
AL062024,FRANCINE,2024,9,26.6,-94.1,80,-35,0,50.0,phy-thetao
AL062024,FRANCINE,2024,9,27.5,-93.2,80,-50,0,49.9,phy-thetao
AL062024,FRANCINE,2024,9,28.6,-92.1,85,-60,0,40.3,phy-thetao
AL092024,HELENE,2024,9,22.0,-86.5,70,35,1,67.8,phy-thetao
AL092024,HELENE,2024,9,22.8,-86.7,70,50,1,96.6,phy-thetao
AL092024,HELENE,2024,9,23.6,-86.5,75,5,0,122.4,phy-thetao
AL092024,HELENE,2024,9,24.7,-85.8,85,-40,0,156.7,phy-thetao
AL092024,HELENE,2024,9,26.6,-85.0,105,-65,0,65.7,phy-thetao
AL092024,HELENE,2024,9,28.7,-84.3,120,-80,0,34.4,phy-thetao
AL142024,MILTON,2024,10,21.0,-94.6,30,5,0,43.4,phy-thetao
AL142024,MILTON,2024,10,20.8,-95.2,30,5,0,33.7,phy-thetao
AL142024,MILTON,2024,10,21.4,-95.4,30,15,0,32.0,phy-thetao
AL142024,MILTON,2024,10,22.0,-95.5,30,25,0,40.2,phy-thetao
AL142024,MILTON,2024,10,22.5,-95.5,35,35,1,38.3,phy-thetao
AL142024,MILTON,2024,10,22.7,-95.5,35,40,1,40.9,phy-thetao
AL142024,MILTON,2024,10,22.6,-95.2,45,45,1,35.1,phy-thetao
AL142024,MILTON,2024,10,22.5,-94.8,55,65,1,36.9,phy-thetao
AL142024,MILTON,2024,10,22.5,-94.1,70,80,1,54.0,phy-thetao
AL142024,MILTON,2024,10,22.5,-93.4,75,70,1,49.6,phy-thetao
AL142024,MILTON,2024,10,22.1,-92.9,90,35,1,49.8,phy-thetao
AL142024,MILTON,2024,10,21.8,-92.2,120,5,0,67.9,phy-thetao
AL142024,MILTON,2024,10,21.7,-91.3,150,-10,0,40.3,phy-thetao
AL142024,MILTON,2024,10,21.8,-90.9,155,-15,0,47.4,phy-thetao
AL142024,MILTON,2024,10,21.8,-90.4,145,-5,0,34.4,phy-thetao
AL142024,MILTON,2024,10,21.9,-89.5,125,15,0,34.4,phy-thetao
AL142024,MILTON,2024,10,22.5,-88.8,125,10,0,21.6,phy-thetao
AL142024,MILTON,2024,10,22.5,-88.0,140,-25,0,40.3,phy-thetao
AL142024,MILTON,2024,10,22.8,-87.2,145,-40,0,45.5,phy-thetao
AL142024,MILTON,2024,10,23.0,-86.9,140,-35,0,72.4,phy-thetao
AL142024,MILTON,2024,10,23.3,-86.6,135,-35,0,117.8,phy-thetao
AL142024,MILTON,2024,10,23.8,-85.9,140,-70,0,100.2,phy-thetao
AL142024,MILTON,2024,10,24.3,-85.4,140,-70,0,60.8,phy-thetao
AL142024,MILTON,2024,10,25.0,-84.8,135,-70,0,47.7,phy-thetao
AL142024,MILTON,2024,10,26.3,-84.0,115,-55,0,47.8,phy-thetao
AL142024,MILTON,2024,10,27.3,-82.7,105,-45,0,7.9,phy-thetao
AL142024,MILTON,2024,10,27.4,-82.6,100,-40,0,7.9,phy-thetao
AL182024,RAFAEL,2024,11,23.1,-83.2,95,-5,0,109.5,phy-thetao
AL182024,RAFAEL,2024,11,23.8,-84.1,90,15,0,115.2,phy-thetao
AL182024,RAFAEL,2024,11,24.3,-84.9,90,5,0,88.0,phy-thetao
AL182024,RAFAEL,2024,11,24.6,-85.7,90,-10,0,60.0,phy-thetao
AL182024,RAFAEL,2024,11,24.6,-86.6,90,-25,0,77.8,phy-thetao
AL182024,RAFAEL,2024,11,24.4,-87.6,105,-50,0,91.1,phy-thetao
AL182024,RAFAEL,2024,11,24.4,-88.4,95,-45,0,92.3,phy-thetao
AL182024,RAFAEL,2024,11,24.6,-89.1,80,-35,0,70.6,phy-thetao
AL182024,RAFAEL,2024,11,24.7,-89.7,65,-25,0,74.7,phy-thetao
AL182024,RAFAEL,2024,11,24.8,-90.5,55,-20,0,77.8,phy-thetao
AL182024,RAFAEL,2024,11,25.0,-91.2,50,-15,0,95.5,phy-thetao
