time_utc,lat,lon,vmax_kt,mslp_mb,type,dv_prev24_kt,dv_next24_kt,ri_window_start,ri_met_here,hycom_time,hycom_sst_c,hycom_d26_m,hycom_current_ms,argo_id,argo_km,argo_date,argo_d26_m,argo_surf_c,glider_id,glider_km,per12,shear_kt,shear_dir,sst_c,mpi_kt,pot_kt,rh_700_500,d200,ohc_kjcm2,vort850,tadv,storm_speed_kt,t200_c,land_km,ships_fcst_24h_kt,ir_std,ir_pct_cold,nhc_ships-rii_20kt12h_pct,nhc_ships-rii_25kt24h_pct,nhc_ships-rii_30kt24h_pct,nhc_ships-rii_35kt24h_pct,nhc_ships-rii_40kt24h_pct,nhc_ships-rii_45kt36h_pct,nhc_ships-rii_55kt48h_pct,nhc_ships-rii_65kt72h_pct,nhc_consensus_20kt12h_pct,nhc_consensus_25kt24h_pct,nhc_consensus_30kt24h_pct,nhc_consensus_35kt24h_pct,nhc_consensus_40kt24h_pct,nhc_consensus_45kt36h_pct,nhc_consensus_55kt48h_pct,nhc_consensus_65kt72h_pct,nhc_dtops_20kt12h_pct,nhc_dtops_25kt24h_pct,nhc_dtops_30kt24h_pct,nhc_dtops_35kt24h_pct,nhc_dtops_40kt24h_pct,nhc_dtops_45kt36h_pct,nhc_dtops_55kt48h_pct,nhc_dtops_65kt72h_pct,our_rii_30kt24h_pct,our_rii_25kt24h_pct
2026-10-04 18Z,22.0,-96.5,15,0,DB,,10,False,False,2026-10-04 21Z,30.72,49.1,0.21,4903551,107,2026-10-06,54.7,30.43,unit_541,579,,,,,,,,,,,,,,,,,,,,,,,,,,,,,,,,,,,,,,,,,,,
2026-10-05 00Z,22.0,-96.5,20,0,DB,,5,False,False,2026-10-04 21Z,30.72,49.1,0.21,4903551,107,2026-10-06,54.7,30.43,unit_541,579,,,,,,,,,,,,,,,,,,,,,,,,,,,,,,,,,,,,,,,,,,,
2026-10-05 06Z,22.0,-96.5,25,0,DB,,0,False,False,2026-10-05 06Z,29.62,48.5,0.37,4903551,107,2026-10-06,54.7,30.43,unit_541,579,,,,,,,,,,,,,,,,,,,,,,,,,,,,,,,,,,,,,,,,,,,
2026-10-05 12Z,22.0,-96.5,25,1010,DB,,0,False,False,2026-10-05 15Z,29.71,46.3,0.24,4903551,107,2026-10-06,54.7,30.43,unit_541,579,,,,,,,,,,,,,,,,,,,,,,,,,,,,,,,,,,,,,,,,,,,
2026-10-05 18Z,22.2,-96.3,25,1010,DB,10,5,False,False,2026-10-05 15Z,29.79,46.7,0.22,4903551,133,2026-10-06,54.7,30.43,unit_541,556,,,,,,,,,,,,,,,,,,,,,,,,,,,,,,,,,,,,,,,,,,,
2026-10-06 00Z,22.3,-96.1,25,1009,DB,5,5,False,False,2026-10-06 00Z,30.34,47.4,0.29,4903551,149,2026-10-06,54.7,30.43,unit_541,544,,,,,,,,,,,,,,,,,,,,,,,,,,,,,,,,,,,,,,,,,,,
2026-10-06 06Z,22.2,-96.0,25,1009,DB,0,10,False,False,2026-10-06 06Z,29.7,45.0,0.13,4903551,143,2026-10-06,54.7,30.43,unit_541,556,,,,,,,,,,,,,,,,,,,,,,,,,,,,,,,,,,,,,,,,,,,
2026-10-06 12Z,22.0,-96.0,25,1008,DB,0,15,False,False,2026-10-06 18Z,29.49,41.4,0.57,4903551,124,2026-10-06,54.7,30.43,unit_541,578,,,,,,,,,,,,,,,,,,,,,,,,,,,,,,,,,,,,,,,,,,,
2026-10-06 18Z,21.9,-95.7,30,1007,TD,5,20,False,False,2026-10-06 18Z,29.27,42.1,0.63,4903551,134,2026-10-06,54.7,30.43,unit_541,590,5.0,13.0,206.0,30.8,168.0,138.0,76.0,48.0,54.0,13.0,0.0,2.0,-50.9,168.0,44.0,16.7,94.0,3.9,23.5,12.7,11.2,5.8,12.5,13.8,16.0,6.2,20.4,11.8,6.4,2.8,6.3,6.6,5.9,1.0,8.0,2.0,1.0,0.0,3.0,3.0,10.0,19.6,33.2
2026-10-07 00Z,21.7,-95.3,30,1006,TD,5,30,True,False,2026-10-07 06Z,29.67,48.2,0.18,4903557,131,2026-10-07,51.0,30.536,unit_541,617,5.0,13.0,207.0,30.9,169.0,139.0,74.0,49.0,56.0,5.0,-2.0,5.0,-51.0,201.0,54.0,12.5,91.0,4.4,26.8,13.0,11.3,6.1,12.5,13.5,0.0,5.0,21.8,12.3,7.1,3.1,6.0,5.2,0.0,1.0,18.0,3.0,2.0,0.0,5.0,8.0,3.0,19.6,32.8
2026-10-07 06Z,21.9,-94.6,35,1004,TS,10,35,True,False,2026-10-07 06Z,30.24,43.1,0.09,2904010,120,2026-10-07,60.0,30.52,unit_541,609,5.0,14.0,228.0,30.9,169.0,134.0,75.0,36.0,38.0,9.0,0.0,6.0,-51.2,291.0,58.0,16.1,62.0,4.5,31.5,13.1,11.8,6.1,13.6,15.2,14.6,4.6,21.3,9.8,6.3,2.9,7.4,6.3,5.1,7.0,54.0,28.0,14.0,5.0,42.0,48.0,3.0,14.7,26.2
2026-10-07 12Z,22.2,-93.9,40,1002,TS,15,30,True,False,2026-10-07 15Z,29.91,48.9,0.5,2904010,44,2026-10-07,60.0,30.52,ng1256,552,5.0,13.0,240.0,30.9,170.0,135.0,74.0,46.0,34.0,14.0,0.0,6.0,-51.3,354.0,57.0,8.0,97.0,6.0,35.6,18.6,15.5,6.5,13.2,13.5,0.0,11.0,24.2,14.7,9.2,3.3,6.5,5.1,0.0,8.0,48.0,17.0,8.0,5.0,15.0,13.0,1.0,15.8,28.2
2026-10-07 18Z,22.5,-93.3,50,995,TS,20,,False,False,2026-10-07 15Z,29.57,45.3,0.42,2904010,36,2026-10-07,60.0,30.52,ng1256,486,15.0,14.0,243.0,30.8,170.0,120.0,70.0,53.0,40.0,26.0,-2.0,8.0,-51.1,347.0,76.0,10.1,90.0,8.9,41.9,29.2,23.6,7.3,14.6,15.3,0.0,13.0,24.0,16.6,10.9,3.1,6.1,5.3,0.0,36.0,38.0,15.0,13.0,15.0,15.0,18.0,1.0,24.4,39.0
2026-10-08 00Z,22.7,-92.3,60,988,TS,30,,False,True,2026-10-08 00Z,30.44,47.9,0.19,2904010,139,2026-10-07,60.0,30.52,ng1256,411,20.0,19.0,226.0,30.6,171.0,111.0,69.0,78.0,42.0,28.0,-4.0,8.0,-51.0,275.0,85.0,11.3,86.0,15.1,47.2,36.2,34.7,8.3,15.2,0.0,0.0,12.2,27.2,19.9,14.4,3.4,6.1,0.1,0.0,32.0,45.0,32.0,20.0,11.0,18.0,12.0,1.0,23.9,39.6
2026-10-08 06Z,23.1,-91.5,70,981,HU,35,,False,True,2026-10-08 06Z,29.75,48.1,0.4,3902797,217,2026-10-06,59.2,30.521,ng1256,337,20.0,23.0,248.0,30.5,171.0,101.0,65.0,84.0,45.0,33.0,0.0,8.0,-51.3,264.0,89.0,9.8,89.0,21.9,39.3,32.1,28.8,8.1,13.1,0.0,0.0,16.1,21.6,16.0,10.8,3.0,4.8,0.0,0.0,27.0,29.0,24.0,15.0,13.0,14.0,0.0,1.0,16.0,28.3
2026-10-08 12Z,23.4,-90.6,70,976,HU,30,,False,True,2026-10-08 06Z,28.72,45.5,0.15,4903911,213,2026-10-02,39.4,29.81,ng1256,285,10.0,17.0,250.0,29.6,162.0,92.0,63.0,68.0,28.0,51.0,1.0,9.0,-51.4,249.0,82.0,8.6,99.0,10.9,18.8,15.5,11.1,7.0,0.0,0.0,0.0,10.7,10.5,7.9,4.7,2.6,0.1,0.0,0.0,17.0,43.0,32.0,27.0,20.0,3.0,0.0,1.0,8.6,15.5
