fix_time_utc,lat,lon,min_slp_mb,eye,max_fl_wind_kt,max_fl_wind_where,mission,file
2026-10-07 12:33Z,22.4,-93.97,1004,NA,32,226 deg 57 nm 12:50:30Z,AF304 0209A ISAIAS,REPNT2-KNHC.202610071255.txt
2026-10-07 13:43Z,22.51,-93.91,1002,NA,36,318 deg 9 nm 13:46:30Z,AF304 0209A ISAIAS,REPNT2-KNHC.202610071404.txt
2026-10-07 14:56Z,22.5,-93.73,1002,NA,46,044 deg 19 nm 15:02:00Z,AF304 0209A ISAIAS,REPNT2-KNHC.202610071520.txt
2026-10-07 16:47Z,22.47,-93.52,997,NA,46,209 deg 9 nm 16:49:56Z,NOAA3 0309A ISAIAS,REPNT2-KWBC.202610071711.txt
2026-10-07 17:57Z,22.51,-93.28,997,NA,33,332 deg 17 nm 18:01:11Z,NOAA3 0309A ISAIAS,REPNT2-KWBC.202610071821.txt
2026-10-07 19:06Z,22.58,-93.09,996,NA,61,090 deg 52 nm 19:19:04Z,NOAA3 0309A ISAIAS,REPNT2-KWBC.202610071937.txt
2026-10-07 23:58Z,22.73,-92.27,988,NA,48,137 deg 34 nm 00:12:00Z,AF301 0509A ISAIAS,REPNT2-KNHC.202610080128.txt
2026-10-08 01:13Z,22.82,-92.07,989,OPEN SW C7,50,229 deg 14 nm 01:17:00Z,AF301 0509A ISAIAS,REPNT2-KNHC.202610080151.txt
2026-10-08 02:48Z,22.91,-91.87,982,NA,57,238 deg 7 nm 02:53:00Z,AF301 0509A ISAIAS,REPNT2-KNHC.202610080324.txt
2026-10-08 04:34Z,23.07,-91.71,985,NA,70,038 deg 22 nm 04:41:30Z,AF301 0509A ISAIAS,REPNT2-KNHC.202610080506.txt
2026-10-08 05:07Z,23.05,-91.68,983,OPEN SE C30,63,220 deg 15 nm 05:11:06Z,NOAA2 0609A ISAIAS,REPNT2-KWBC.202610080540.txt
2026-10-08 06:24Z,23.13,-91.59,984,OPEN SE E01/31/18,58,323 deg 13 nm 06:27:16Z,NOAA2 0609A ISAIAS,REPNT2-KWBC.202610080653.txt
2026-10-08 07:29Z,23.18,-91.4,983,OPEN SE C17,52,095 deg 11 nm 07:31:52Z,NOAA2 0609A ISAIAS,REPNT2-KWBC.202610080813.txt
2026-10-08 11:56Z,23.4,-90.58,978,CLOSED C15,78,137 deg 19 nm 12:01:30Z,AF305 0709A ISAIAS,REPNT2-KNHC.202610081235.txt
