key,platform,profile_time,cycle,lat,lon,surface_t_c,surface_s_psu,d26_m,mld_m,max_depth_m,n_levels,dist_track_km,dist_center_km,first_seen_run
1902883|2026-09-18T22:59:29Z,1902883,2026-09-18T22:59:29Z,19,20.196,-95.305,30.386,36.103,61.6,50,2768.2,1082,167,1090,20261008T2306
1902883|2026-09-29T02:30:59Z,1902883,2026-09-29T02:30:59Z,20,20.458,-95.4,30.829,36.58,46.9,20,2757.2,1082,138,1150,20261009T1344
2904010|2026-10-07T18:24:24Z,2904010,2026-10-07T18:24:24Z,62,22.517,-93.647,30.52,36.532,60.0,50,1598.8,495,19,622,20261008T2306
2904010|2026-10-08T23:06:08Z,2904010,2026-10-08T23:06:08Z,63,22.497,-93.646,30.221,36.625,56.6,40,1499.5,494,17,862,20261009T0644
2904011|2026-10-06T00:11:19Z,2904011,2026-10-06T00:11:19Z,61,27.203,-88.451,29.918,36.3,108.8,60,1699.7,497,84,126,20261008T2306
2904033|2026-10-06T01:34:29Z,2904033,2026-10-06T01:34:29Z,62,26.267,-91.803,29.757,36.362,78.2,25,1005.4,508,323,426,20261008T2306
2904033|2026-10-09T08:15:07Z,2904033,2026-10-09T08:15:07Z,63,26.298,-91.98,29.383,36.314,40.1,25,1003.3,507,339,489,20261009T1344
2904124|2026-10-06T19:20:04Z,2904124,2026-10-06T19:20:04Z,59,25.949,-93.693,29.735,36.442,42.3,30,989.1,500,383,474,20261008T2306
3902797|2026-10-06T19:19:49Z,3902797,2026-10-06T19:19:49Z,62,25.005,-91.969,30.521,36.831,59.2,50,1015.6,513,215,553,20261008T2306
4902915|2026-10-07T04:02:31Z,4902915,2026-10-07T04:02:31Z,687,24.883,-90.701,,,,,,,139,462,20261008T2306
4903248|2026-09-22T03:12:32Z,4903248,2026-09-22T03:12:32Z,515,25.201,-92.46,30.745,36.55,53.1,40,2007.6,473,253,584,20261008T2306
4903278|2026-10-05T10:57:41Z,4903278,2026-10-05T10:57:41Z,469,28.884,-86.898,,,,,,,10,137,20261008T2306
4903279|2026-10-05T19:10:48Z,4903279,2026-10-05T19:10:48Z,462,24.356,-87.114,29.574,36.218,135.3,45,1409.1,710,190,372,20261008T2306
4903353|2026-10-08T03:23:44Z,4903353,2026-10-08T03:23:44Z,412,28.241,-88.686,29.846,36.531,56.8,45,1663.4,837,145,149,20261008T2306
4903356|2026-10-07T09:26:22Z,4903356,2026-10-07T09:26:22Z,404,25.861,-92.199,29.601,36.328,51.0,25,2015.3,1013,312,475,20261008T2306
4903466|2026-10-06T20:00:04Z,4903466,2026-10-06T20:00:04Z,311,26.066,-86.118,29.898,36.393,77.4,15,2006.0,1008,179,216,20261008T2306
4903468|2026-10-03T14:27:22Z,4903468,2026-10-03T14:27:22Z,292,26.645,-93.088,29.908,36.435,34.2,25,1595.2,803,425,455,20261008T2306
4903468|2026-10-08T15:46:07Z,4903468,2026-10-08T15:46:07Z,293,26.581,-92.871,29.613,36.418,49.6,40,1709.7,860,411,485,20261008T2344
4903471|2026-10-07T06:50:08Z,4903471,2026-10-07T06:50:08Z,290,25.576,-86.475,29.885,36.152,143.6,50,2009.9,1010,177,250,20261008T2306
4903472|2026-10-06T10:03:27Z,4903472,2026-10-06T10:03:27Z,301,23.763,-85.583,29.907,36.315,208.8,55,1999.0,1150,356,470,20261008T2306
4903543|2026-10-05T04:52:38Z,4903543,2026-10-05T04:52:38Z,242,24.259,-96.086,30.78,36.9,59.4,45,2009.4,1010,217,958,20261008T2306
4903544|2026-10-04T12:17:12Z,4903544,2026-10-04T12:17:12Z,242,25.494,-84.696,29.86,36.11,84.4,55,1695.4,853,332,357,20261008T2306
4903545|2026-10-08T03:07:00Z,4903545,2026-10-08T03:07:00Z,243,25.676,-85.351,29.665,36.191,117.9,45,2011.5,1011,266,297,20261008T2306
4903546|2026-10-04T09:31:46Z,4903546,2026-10-04T09:31:46Z,242,20.114,-92.954,30.306,36.344,51.9,40,1357.0,684,251,940,20261008T2306
4903546|2026-10-09T09:13:55Z,4903546,2026-10-09T09:13:55Z,243,20.123,-92.96,29.8,36.428,29.3,25,1159.2,585,250,1020,20261009T1344
4903547|2026-10-03T22:40:47Z,4903547,2026-10-03T22:40:47Z,242,26.204,-92.462,30.036,36.478,50.6,40,2009.6,1010,357,416,20261008T2306
4903547|2026-10-08T23:58:23Z,4903547,2026-10-08T23:58:23Z,243,26.312,-92.759,29.668,36.663,44.2,40,1901.2,956,379,474,20261009T0644
4903548|2026-10-04T05:57:13Z,4903548,2026-10-04T05:57:13Z,242,23.768,-96.106,30.773,36.856,61.1,45,2007.4,1008,163,927,20261008T2306
4903548|2026-10-09T06:36:53Z,4903548,2026-10-09T06:36:53Z,243,23.56,-96.217,30.415,36.625,59.8,40,2005.3,1008,140,1005,20261009T1344
4903549|2026-10-06T23:09:25Z,4903549,2026-10-06T23:09:25Z,240,26.599,-86.061,,,,,,,158,173,20261008T2306
4903550|2026-10-05T19:35:46Z,4903550,2026-10-05T19:35:46Z,258,23.506,-84.247,29.503,36.088,176.4,75,2015.1,1013,486,497,20261009T0031
4903551|2026-10-06T10:53:01Z,4903551,2026-10-06T10:53:01Z,243,21.044,-96.623,30.43,36.638,54.7,45,999.0,505,107,1199,20261008T2306
4903555|2026-10-06T02:57:22Z,4903555,2026-10-06T02:57:22Z,241,28.214,-87.66,29.887,36.076,61.3,50,2005.6,1008,46,67,20261008T2306
4903556|2026-10-03T05:26:20Z,4903556,2026-10-03T05:26:20Z,242,27.639,-90.194,29.824,36.438,48.5,40,1049.2,530,239,371,20261008T2306
4903556|2026-10-08T05:02:48Z,4903556,2026-10-08T05:02:48Z,243,27.64,-90.188,29.797,36.52,59.7,45,1053.5,533,257,284,20261008T2344
4903557|2026-10-07T11:19:56Z,4903557,2026-10-07T11:19:56Z,243,20.548,-95.03,30.536,36.706,51.0,40,2016.1,1013,131,1116,20261008T2306
4903622|2026-09-04T11:54:27Z,4903622,2026-09-04T11:54:27Z,184,26.795,-86.747,30.474,36.218,147.7,40,1899.2,500,87,115,20261008T2306
4903911|2026-10-02T23:41:07Z,4903911,2026-10-02T23:41:07Z,72,25.259,-90.064,29.81,36.498,39.4,30,979.2,490,126,168,20261008T2306
4903911|2026-10-08T23:56:12Z,4903911,2026-10-08T23:56:12Z,73,25.725,-91.318,29.348,36.436,40.7,30,975.9,488,247,455,20261009T0644
7901009|2026-10-03T08:27:12Z,7901009,2026-10-03T08:27:12Z,124,25.95,-87.695,29.935,,108.9,55,1998.5,511,52,198,20261008T2306
7902327|2026-09-30T05:44:20Z,7902327,2026-09-30T05:44:20Z,14,25.684,-93.622,30.793,36.721,58.5,40,1849.9,507,352,492,20261008T2306
