key,glider,time,operator,dataset,lat,lon,surface_t_c,surface_s_psu,surface_density,max_depth_m,dist_track_km,dist_center_km,first_seen_run
ng1241|2026-10-08T10:40:51Z,ng1241,2026-10-08T10:40:51Z,US Navy (NAVOCEANO),ng1241-20260713T0000,27.32,-92.088,25.107,36.555,1024.642,925.2,404,428,20261008T2306
ng1241|2026-10-08T15:59:00Z,ng1241,2026-10-08T15:59:00Z,US Navy (NAVOCEANO),ng1241-20260713T0000,27.317,-92.13,25.128,36.553,1024.641,925.2,425,428,20261008T2344
ng1241|2026-10-09T02:38:04Z,ng1241,2026-10-09T02:38:04Z,US Navy (NAVOCEANO),ng1241-20260713T0000,27.317,-92.235,25.708,36.556,1024.459,925.2,417,417,20261009T0644
ng1256|2026-10-07T07:28:13Z,ng1256,2026-10-07T07:28:13Z,US Navy (NAVOCEANO),ng1256-20260713T0000,25.963,-90.394,23.964,36.528,1025.257,970.1,185,206,20261008T2306
ng1256|2026-10-08T18:14:17Z,ng1256,2026-10-08T18:14:17Z,US Navy (NAVOCEANO),ng1256-20260713T0000,26.019,-91.347,28.097,36.411,1023.512,970.1,277,303,20261008T2344
ng1256|2026-10-09T02:03:07Z,ng1256,2026-10-09T02:03:07Z,US Navy (NAVOCEANO),ng1256-20260713T0000,26.0,-91.471,28.179,36.438,1023.498,970.1,285,308,20261009T0644
ng1260|2026-10-08T10:07:25Z,ng1260,2026-10-08T10:07:25Z,US Navy (NAVOCEANO),ng1260-20260626T0000,27.721,-85.707,25.332,36.128,1024.262,958.4,172,515,20261008T2306
ng1260|2026-10-08T16:57:02Z,ng1260,2026-10-08T16:57:02Z,US Navy (NAVOCEANO),ng1260-20260626T0000,27.702,-85.691,24.975,36.191,1024.431,958.4,174,372,20261008T2344
ng1260|2026-10-09T01:29:11Z,ng1260,2026-10-09T01:29:11Z,US Navy (NAVOCEANO),ng1260-20260626T0000,27.683,-85.679,25.791,35.932,1023.954,958.4,175,342,20261009T0644
sg677|2026-10-08T09:41:40Z,sg677,2026-10-08T09:41:40Z,Univ. of Southern Mississippi,sg677-20260921T0000,28.502,-88.815,29.616,36.56,1023.058,995.2,138,459,20261008T2306
sg677|2026-10-08T14:53:42Z,sg677,2026-10-08T14:53:42Z,Univ. of Southern Mississippi,sg677-20260921T0000,28.53,-88.794,28.928,36.574,1023.298,995.2,140,350,20261008T2344
sg677|2026-10-09T01:22:11Z,sg677,2026-10-09T01:22:11Z,Univ. of Southern Mississippi,sg677-20260921T0000,28.588,-88.748,29.548,36.55,1023.072,995.2,136,312,20261009T0644
