key,run_utc,point,label,lat,lon,vmax_kt,hycom_time,sst_c,d26_m,current_ms
20261008T2306|best_track|2026100418,20261008T2306,best_track,2026100418,22.0,-96.5,15,2026-10-08 15:00:00,28.44,32.2,0.26
20261008T2306|best_track|2026100500,20261008T2306,best_track,2026100500,22.0,-96.5,20,2026-10-08 15:00:00,28.44,32.2,0.26
20261008T2306|best_track|2026100506,20261008T2306,best_track,2026100506,22.0,-96.5,25,2026-10-08 15:00:00,28.44,32.2,0.26
20261008T2306|best_track|2026100512,20261008T2306,best_track,2026100512,22.0,-96.5,25,2026-10-08 15:00:00,28.44,32.2,0.26
20261008T2306|best_track|2026100518,20261008T2306,best_track,2026100518,22.2,-96.3,25,2026-10-08 15:00:00,28.61,38.2,0.28
20261008T2306|best_track|2026100600,20261008T2306,best_track,2026100600,22.3,-96.1,25,2026-10-08 15:00:00,28.77,39.9,0.37
20261008T2306|best_track|2026100606,20261008T2306,best_track,2026100606,22.2,-96.0,25,2026-10-08 15:00:00,28.77,41.7,0.46
20261008T2306|best_track|2026100612,20261008T2306,best_track,2026100612,22.0,-96.0,25,2026-10-08 15:00:00,28.58,39.5,0.42
20261008T2306|best_track|2026100618,20261008T2306,best_track,2026100618,21.9,-95.7,30,2026-10-08 15:00:00,29.19,42.0,0.46
20261008T2306|best_track|2026100700,20261008T2306,best_track,2026100700,21.7,-95.3,30,2026-10-08 15:00:00,29.64,42.9,0.31
20261008T2306|best_track|2026100706,20261008T2306,best_track,2026100706,21.9,-94.6,35,2026-10-08 15:00:00,30.27,41.4,0.44
20261008T2306|best_track|2026100712,20261008T2306,best_track,2026100712,22.2,-93.9,40,2026-10-08 15:00:00,29.75,44.1,0.68
20261008T2306|best_track|2026100718,20261008T2306,best_track,2026100718,22.5,-93.3,50,2026-10-08 15:00:00,29.19,38.4,0.39
20261008T2306|best_track|2026100800,20261008T2306,best_track,2026100800,22.7,-92.3,60,2026-10-08 15:00:00,29.38,42.6,0.17
20261008T2306|best_track|2026100806,20261008T2306,best_track,2026100806,23.1,-91.5,70,2026-10-08 15:00:00,29.59,48.8,0.44
20261008T2306|best_track|2026100812,20261008T2306,best_track,2026100812,23.4,-90.6,70,2026-10-08 15:00:00,28.71,44.8,0.14
20261008T2306|best_track|2026100818,20261008T2306,best_track,2026100818,24.0,-89.8,85,2026-10-08 15:00:00,29.21,38.6,0.19
20261008T2306|center|2026-10-08T21:00:00.000Z,20261008T2306,center,2026-10-08T21:00:00.000Z,24.4,-89.3,85,2026-10-08 15:00:00,29.09,32.6,0.39
20261008T2306|forecast|+0h 08/1800,20261008T2306,forecast,+0h 08/1800,24.4,-89.3,85,2026-10-08 15:00:00,29.09,32.6,0.39
20261008T2306|forecast|+12h 09/0600,20261008T2306,forecast,+12h 09/0600,25.7,-88.4,95,2026-10-08 15:00:00,29.83,62.9,1.35
20261008T2306|forecast|+24h 09/1800,20261008T2306,forecast,+24h 09/1800,28.2,-87.4,85,2026-10-08 15:00:00,28.63,42.6,0.43
20261008T2306|forecast|+36h 10/0600,20261008T2306,forecast,+36h 10/0600,31.0,-87.2,65,2026-10-08 15:00:00,,,
20261008T2306|forecast|+48h 10/1800,20261008T2306,forecast,+48h 10/1800,33.2,-87.8,30,2026-10-08 15:00:00,,,
20261008T2306|forecast|+60h 11/0600,20261008T2306,forecast,+60h 11/0600,35.0,-87.8,25,2026-10-08 15:00:00,,,
20261008T2306|forecast|+72h 11/1800,20261008T2306,forecast,+72h 11/1800,37.0,-85.0,20,2026-10-08 15:00:00,,,
20261008T2311|best_track|2026100418,20261008T2311,best_track,2026100418,22.0,-96.5,15,2026-10-08 15:00:00,28.44,32.2,0.26
20261008T2311|best_track|2026100500,20261008T2311,best_track,2026100500,22.0,-96.5,20,2026-10-08 15:00:00,28.44,32.2,0.26
20261008T2311|best_track|2026100506,20261008T2311,best_track,2026100506,22.0,-96.5,25,2026-10-08 15:00:00,28.44,32.2,0.26
20261008T2311|best_track|2026100512,20261008T2311,best_track,2026100512,22.0,-96.5,25,2026-10-08 15:00:00,28.44,32.2,0.26
20261008T2311|best_track|2026100518,20261008T2311,best_track,2026100518,22.2,-96.3,25,2026-10-08 15:00:00,28.61,38.2,0.28
20261008T2311|best_track|2026100600,20261008T2311,best_track,2026100600,22.3,-96.1,25,2026-10-08 15:00:00,28.77,39.9,0.37
20261008T2311|best_track|2026100606,20261008T2311,best_track,2026100606,22.2,-96.0,25,2026-10-08 15:00:00,28.77,41.7,0.46
20261008T2311|best_track|2026100612,20261008T2311,best_track,2026100612,22.0,-96.0,25,2026-10-08 15:00:00,28.58,39.5,0.42
20261008T2311|best_track|2026100618,20261008T2311,best_track,2026100618,21.9,-95.7,30,2026-10-08 15:00:00,29.19,42.0,0.46
20261008T2311|best_track|2026100700,20261008T2311,best_track,2026100700,21.7,-95.3,30,2026-10-08 15:00:00,29.64,42.9,0.31
20261008T2311|best_track|2026100706,20261008T2311,best_track,2026100706,21.9,-94.6,35,2026-10-08 15:00:00,30.27,41.4,0.44
20261008T2311|best_track|2026100712,20261008T2311,best_track,2026100712,22.2,-93.9,40,2026-10-08 15:00:00,29.75,44.1,0.68
20261008T2311|best_track|2026100718,20261008T2311,best_track,2026100718,22.5,-93.3,50,2026-10-08 15:00:00,29.19,38.4,0.39
20261008T2311|best_track|2026100800,20261008T2311,best_track,2026100800,22.7,-92.3,60,2026-10-08 15:00:00,29.38,42.6,0.17
20261008T2311|best_track|2026100806,20261008T2311,best_track,2026100806,23.1,-91.5,70,2026-10-08 15:00:00,29.59,48.8,0.44
20261008T2311|best_track|2026100812,20261008T2311,best_track,2026100812,23.4,-90.6,70,2026-10-08 15:00:00,28.71,44.8,0.14
20261008T2311|best_track|2026100818,20261008T2311,best_track,2026100818,24.0,-89.8,85,2026-10-08 15:00:00,29.21,38.6,0.19
20261008T2311|center|2026-10-08T21:00:00.000Z,20261008T2311,center,2026-10-08T21:00:00.000Z,24.4,-89.3,85,2026-10-08 15:00:00,29.09,32.6,0.39
20261008T2311|forecast|+0h 08/1800,20261008T2311,forecast,+0h 08/1800,24.4,-89.3,85,2026-10-08 15:00:00,29.09,32.6,0.39
20261008T2311|forecast|+12h 09/0600,20261008T2311,forecast,+12h 09/0600,25.7,-88.4,95,2026-10-08 15:00:00,29.83,62.9,1.35
20261008T2311|forecast|+24h 09/1800,20261008T2311,forecast,+24h 09/1800,28.2,-87.4,85,2026-10-08 15:00:00,28.63,42.6,0.43
20261008T2311|forecast|+36h 10/0600,20261008T2311,forecast,+36h 10/0600,31.0,-87.2,65,2026-10-08 15:00:00,,,
20261008T2311|forecast|+48h 10/1800,20261008T2311,forecast,+48h 10/1800,33.2,-87.8,30,2026-10-08 15:00:00,,,
20261008T2311|forecast|+60h 11/0600,20261008T2311,forecast,+60h 11/0600,35.0,-87.8,25,2026-10-08 15:00:00,,,
20261008T2311|forecast|+72h 11/1800,20261008T2311,forecast,+72h 11/1800,37.0,-85.0,20,2026-10-08 15:00:00,,,
20261008T2344|best_track|2026100418,20261008T2344,best_track,2026100418,22.0,-96.5,15,2026-10-09 00:00:00,28.51,42.5,0.24
20261008T2344|best_track|2026100500,20261008T2344,best_track,2026100500,22.0,-96.5,20,2026-10-09 00:00:00,28.51,42.5,0.24
20261008T2344|best_track|2026100506,20261008T2344,best_track,2026100506,22.0,-96.5,25,2026-10-09 00:00:00,28.51,42.5,0.24
20261008T2344|best_track|2026100512,20261008T2344,best_track,2026100512,22.0,-96.5,25,2026-10-09 00:00:00,28.51,42.5,0.24
20261008T2344|best_track|2026100518,20261008T2344,best_track,2026100518,22.2,-96.3,25,2026-10-09 00:00:00,28.66,41.9,0.22
20261008T2344|best_track|2026100600,20261008T2344,best_track,2026100600,22.3,-96.1,25,2026-10-09 00:00:00,28.88,45.8,0.34
20261008T2344|best_track|2026100606,20261008T2344,best_track,2026100606,22.2,-96.0,25,2026-10-09 00:00:00,29.0,43.6,0.25
20261008T2344|best_track|2026100612,20261008T2344,best_track,2026100612,22.0,-96.0,25,2026-10-09 00:00:00,28.86,36.4,0.38
20261008T2344|best_track|2026100618,20261008T2344,best_track,2026100618,21.9,-95.7,30,2026-10-09 00:00:00,29.33,38.7,0.26
20261008T2344|best_track|2026100700,20261008T2344,best_track,2026100700,21.7,-95.3,30,2026-10-09 00:00:00,29.72,41.4,0.3
20261008T2344|best_track|2026100706,20261008T2344,best_track,2026100706,21.9,-94.6,35,2026-10-09 00:00:00,30.19,45.0,0.61
20261008T2344|best_track|2026100712,20261008T2344,best_track,2026100712,22.2,-93.9,40,2026-10-09 00:00:00,29.64,40.5,0.53
20261008T2344|best_track|2026100718,20261008T2344,best_track,2026100718,22.5,-93.3,50,2026-10-09 00:00:00,28.96,41.2,0.45
20261008T2344|best_track|2026100800,20261008T2344,best_track,2026100800,22.7,-92.3,60,2026-10-09 00:00:00,29.24,35.8,0.39
20261008T2344|best_track|2026100806,20261008T2344,best_track,2026100806,23.1,-91.5,70,2026-10-09 00:00:00,29.68,35.3,0.48
20261008T2344|best_track|2026100812,20261008T2344,best_track,2026100812,23.4,-90.6,70,2026-10-09 00:00:00,28.7,46.1,0.34
20261008T2344|best_track|2026100818,20261008T2344,best_track,2026100818,24.0,-89.8,85,2026-10-09 00:00:00,28.99,33.9,0.43
20261008T2344|center|2026-10-08T21:00:00.000Z,20261008T2344,center,2026-10-08T21:00:00.000Z,24.4,-89.3,85,2026-10-09 00:00:00,28.84,30.5,0.31
20261008T2344|forecast|+0h 08/1800,20261008T2344,forecast,+0h 08/1800,24.4,-89.3,85,2026-10-09 00:00:00,28.84,30.5,0.31
20261008T2344|forecast|+12h 09/0600,20261008T2344,forecast,+12h 09/0600,25.7,-88.4,95,2026-10-09 00:00:00,29.62,60.8,1.19
20261008T2344|forecast|+24h 09/1800,20261008T2344,forecast,+24h 09/1800,28.2,-87.4,85,2026-10-09 00:00:00,28.7,38.4,0.55
20261008T2344|forecast|+36h 10/0600,20261008T2344,forecast,+36h 10/0600,31.0,-87.2,65,2026-10-09 00:00:00,,,
20261008T2344|forecast|+48h 10/1800,20261008T2344,forecast,+48h 10/1800,33.2,-87.8,30,2026-10-09 00:00:00,,,
20261008T2344|forecast|+60h 11/0600,20261008T2344,forecast,+60h 11/0600,35.0,-87.8,25,2026-10-09 00:00:00,,,
20261008T2344|forecast|+72h 11/1800,20261008T2344,forecast,+72h 11/1800,37.0,-85.0,20,2026-10-09 00:00:00,,,
20261009T0031|best_track|2026100418,20261009T0031,best_track,2026100418,22.0,-96.5,15,2026-10-09 00:00:00,28.51,42.5,0.24
20261009T0031|best_track|2026100500,20261009T0031,best_track,2026100500,22.0,-96.5,20,2026-10-09 00:00:00,28.51,42.5,0.24
20261009T0031|best_track|2026100506,20261009T0031,best_track,2026100506,22.0,-96.5,25,2026-10-09 00:00:00,28.51,42.5,0.24
20261009T0031|best_track|2026100512,20261009T0031,best_track,2026100512,22.0,-96.5,25,2026-10-09 00:00:00,28.51,42.5,0.24
20261009T0031|best_track|2026100518,20261009T0031,best_track,2026100518,22.2,-96.3,25,2026-10-09 00:00:00,28.66,41.9,0.22
20261009T0031|best_track|2026100600,20261009T0031,best_track,2026100600,22.3,-96.1,25,2026-10-09 00:00:00,28.88,45.8,0.34
20261009T0031|best_track|2026100606,20261009T0031,best_track,2026100606,22.2,-96.0,25,2026-10-09 00:00:00,29.0,43.6,0.25
20261009T0031|best_track|2026100612,20261009T0031,best_track,2026100612,22.0,-96.0,25,2026-10-09 00:00:00,28.86,36.4,0.38
20261009T0031|best_track|2026100618,20261009T0031,best_track,2026100618,21.9,-95.7,30,2026-10-09 00:00:00,29.33,38.7,0.26
20261009T0031|best_track|2026100700,20261009T0031,best_track,2026100700,21.7,-95.3,30,2026-10-09 00:00:00,29.72,41.4,0.3
20261009T0031|best_track|2026100706,20261009T0031,best_track,2026100706,21.9,-94.6,35,2026-10-09 00:00:00,30.19,45.0,0.61
20261009T0031|best_track|2026100712,20261009T0031,best_track,2026100712,22.2,-93.9,40,2026-10-09 00:00:00,29.64,40.5,0.53
20261009T0031|best_track|2026100718,20261009T0031,best_track,2026100718,22.5,-93.3,50,2026-10-09 00:00:00,28.96,41.2,0.45
20261009T0031|best_track|2026100800,20261009T0031,best_track,2026100800,22.7,-92.3,60,2026-10-09 00:00:00,29.24,35.8,0.39
20261009T0031|best_track|2026100806,20261009T0031,best_track,2026100806,23.1,-91.5,70,2026-10-09 00:00:00,29.68,35.3,0.48
20261009T0031|best_track|2026100812,20261009T0031,best_track,2026100812,23.4,-90.6,75,2026-10-09 00:00:00,28.7,46.1,0.34
20261009T0031|best_track|2026100818,20261009T0031,best_track,2026100818,23.9,-89.8,85,2026-10-09 00:00:00,28.99,33.9,0.43
20261009T0031|best_track|2026100900,20261009T0031,best_track,2026100900,24.8,-88.8,85,2026-10-09 00:00:00,28.91,29.0,0.47
20261009T0031|center|2026-10-09T00:00:00.000Z,20261009T0031,center,2026-10-09T00:00:00.000Z,24.9,-88.8,85,2026-10-09 00:00:00,28.9,38.8,0.04
20261009T0031|forecast|+0h 08/1800,20261009T0031,forecast,+0h 08/1800,24.4,-89.3,85,2026-10-09 00:00:00,28.84,30.5,0.31
20261009T0031|forecast|+12h 09/0600,20261009T0031,forecast,+12h 09/0600,25.7,-88.4,95,2026-10-09 00:00:00,29.62,60.8,1.19
20261009T0031|forecast|+24h 09/1800,20261009T0031,forecast,+24h 09/1800,28.2,-87.4,85,2026-10-09 00:00:00,28.7,38.4,0.55
20261009T0031|forecast|+36h 10/0600,20261009T0031,forecast,+36h 10/0600,31.0,-87.2,65,2026-10-09 00:00:00,,,
20261009T0031|forecast|+48h 10/1800,20261009T0031,forecast,+48h 10/1800,33.2,-87.8,30,2026-10-09 00:00:00,,,
20261009T0031|forecast|+60h 11/0600,20261009T0031,forecast,+60h 11/0600,35.0,-87.8,25,2026-10-09 00:00:00,,,
20261009T0031|forecast|+72h 11/1800,20261009T0031,forecast,+72h 11/1800,37.0,-85.0,20,2026-10-09 00:00:00,,,
20261009T0044|best_track|2026100418,20261009T0044,best_track,2026100418,22.0,-96.5,15,2026-10-09 00:00:00,28.51,42.5,0.24
20261009T0044|best_track|2026100500,20261009T0044,best_track,2026100500,22.0,-96.5,20,2026-10-09 00:00:00,28.51,42.5,0.24
20261009T0044|best_track|2026100506,20261009T0044,best_track,2026100506,22.0,-96.5,25,2026-10-09 00:00:00,28.51,42.5,0.24
20261009T0044|best_track|2026100512,20261009T0044,best_track,2026100512,22.0,-96.5,25,2026-10-09 00:00:00,28.51,42.5,0.24
20261009T0044|best_track|2026100518,20261009T0044,best_track,2026100518,22.2,-96.3,25,2026-10-09 00:00:00,28.66,41.9,0.22
20261009T0044|best_track|2026100600,20261009T0044,best_track,2026100600,22.3,-96.1,25,2026-10-09 00:00:00,28.88,45.8,0.34
20261009T0044|best_track|2026100606,20261009T0044,best_track,2026100606,22.2,-96.0,25,2026-10-09 00:00:00,29.0,43.6,0.25
20261009T0044|best_track|2026100612,20261009T0044,best_track,2026100612,22.0,-96.0,25,2026-10-09 00:00:00,28.86,36.4,0.38
20261009T0044|best_track|2026100618,20261009T0044,best_track,2026100618,21.9,-95.7,30,2026-10-09 00:00:00,29.33,38.7,0.26
20261009T0044|best_track|2026100700,20261009T0044,best_track,2026100700,21.7,-95.3,30,2026-10-09 00:00:00,29.72,41.4,0.3
20261009T0044|best_track|2026100706,20261009T0044,best_track,2026100706,21.9,-94.6,35,2026-10-09 00:00:00,30.19,45.0,0.61
20261009T0044|best_track|2026100712,20261009T0044,best_track,2026100712,22.2,-93.9,40,2026-10-09 00:00:00,29.64,40.5,0.53
20261009T0044|best_track|2026100718,20261009T0044,best_track,2026100718,22.5,-93.3,50,2026-10-09 00:00:00,28.96,41.2,0.45
20261009T0044|best_track|2026100800,20261009T0044,best_track,2026100800,22.7,-92.3,60,2026-10-09 00:00:00,29.24,35.8,0.39
20261009T0044|best_track|2026100806,20261009T0044,best_track,2026100806,23.1,-91.5,70,2026-10-09 00:00:00,29.68,35.3,0.48
20261009T0044|best_track|2026100812,20261009T0044,best_track,2026100812,23.4,-90.6,75,2026-10-09 00:00:00,28.7,46.1,0.34
20261009T0044|best_track|2026100818,20261009T0044,best_track,2026100818,23.9,-89.8,85,2026-10-09 00:00:00,28.99,33.9,0.43
20261009T0044|best_track|2026100900,20261009T0044,best_track,2026100900,24.8,-88.8,85,2026-10-09 00:00:00,28.91,29.0,0.47
20261009T0044|center|2026-10-09T00:00:00.000Z,20261009T0044,center,2026-10-09T00:00:00.000Z,24.9,-88.8,85,2026-10-09 00:00:00,28.9,38.8,0.04
20261009T0044|forecast|+0h 08/2100,20261009T0044,forecast,+0h 08/2100,24.9,-88.8,85,2026-10-09 00:00:00,28.9,38.8,0.04
20261009T0044|forecast|+12h 09/0600,20261009T0044,forecast,+12h 09/0600,25.7,-88.4,95,2026-10-09 00:00:00,29.62,60.8,1.19
20261009T0044|forecast|+24h 09/1800,20261009T0044,forecast,+24h 09/1800,28.2,-87.4,85,2026-10-09 00:00:00,28.7,38.4,0.55
20261009T0044|forecast|+36h 10/0600,20261009T0044,forecast,+36h 10/0600,31.0,-87.2,65,2026-10-09 00:00:00,,,
20261009T0044|forecast|+48h 10/1800,20261009T0044,forecast,+48h 10/1800,33.2,-87.8,30,2026-10-09 00:00:00,,,
20261009T0044|forecast|+60h 11/0600,20261009T0044,forecast,+60h 11/0600,35.0,-87.8,25,2026-10-09 00:00:00,,,
20261009T0044|forecast|+72h 11/1800,20261009T0044,forecast,+72h 11/1800,37.0,-85.0,20,2026-10-09 00:00:00,,,
20261009T0144|best_track|2026100418,20261009T0144,best_track,2026100418,22.0,-96.5,15,2026-10-09 00:00:00,28.51,42.5,0.24
20261009T0144|best_track|2026100500,20261009T0144,best_track,2026100500,22.0,-96.5,20,2026-10-09 00:00:00,28.51,42.5,0.24
20261009T0144|best_track|2026100506,20261009T0144,best_track,2026100506,22.0,-96.5,25,2026-10-09 00:00:00,28.51,42.5,0.24
20261009T0144|best_track|2026100512,20261009T0144,best_track,2026100512,22.0,-96.5,25,2026-10-09 00:00:00,28.51,42.5,0.24
20261009T0144|best_track|2026100518,20261009T0144,best_track,2026100518,22.2,-96.3,25,2026-10-09 00:00:00,28.66,41.9,0.22
20261009T0144|best_track|2026100600,20261009T0144,best_track,2026100600,22.3,-96.1,25,2026-10-09 00:00:00,28.88,45.8,0.34
20261009T0144|best_track|2026100606,20261009T0144,best_track,2026100606,22.2,-96.0,25,2026-10-09 00:00:00,29.0,43.6,0.25
20261009T0144|best_track|2026100612,20261009T0144,best_track,2026100612,22.0,-96.0,25,2026-10-09 00:00:00,28.86,36.4,0.38
20261009T0144|best_track|2026100618,20261009T0144,best_track,2026100618,21.9,-95.7,30,2026-10-09 00:00:00,29.33,38.7,0.26
20261009T0144|best_track|2026100700,20261009T0144,best_track,2026100700,21.7,-95.3,30,2026-10-09 00:00:00,29.72,41.4,0.3
20261009T0144|best_track|2026100706,20261009T0144,best_track,2026100706,21.9,-94.6,35,2026-10-09 00:00:00,30.19,45.0,0.61
20261009T0144|best_track|2026100712,20261009T0144,best_track,2026100712,22.2,-93.9,40,2026-10-09 00:00:00,29.64,40.5,0.53
20261009T0144|best_track|2026100718,20261009T0144,best_track,2026100718,22.5,-93.3,50,2026-10-09 00:00:00,28.96,41.2,0.45
20261009T0144|best_track|2026100800,20261009T0144,best_track,2026100800,22.7,-92.3,60,2026-10-09 00:00:00,29.24,35.8,0.39
20261009T0144|best_track|2026100806,20261009T0144,best_track,2026100806,23.1,-91.5,70,2026-10-09 00:00:00,29.68,35.3,0.48
20261009T0144|best_track|2026100812,20261009T0144,best_track,2026100812,23.4,-90.6,75,2026-10-09 00:00:00,28.7,46.1,0.34
20261009T0144|best_track|2026100818,20261009T0144,best_track,2026100818,23.9,-89.8,85,2026-10-09 00:00:00,28.99,33.9,0.43
20261009T0144|best_track|2026100900,20261009T0144,best_track,2026100900,24.8,-88.8,85,2026-10-09 00:00:00,28.91,29.0,0.47
20261009T0144|center|2026-10-09T00:00:00.000Z,20261009T0144,center,2026-10-09T00:00:00.000Z,24.9,-88.8,85,2026-10-09 00:00:00,28.9,38.8,0.04
20261009T0144|forecast|+0h 08/2100,20261009T0144,forecast,+0h 08/2100,24.9,-88.8,85,2026-10-09 00:00:00,28.9,38.8,0.04
20261009T0144|forecast|+12h 09/0600,20261009T0144,forecast,+12h 09/0600,25.7,-88.4,95,2026-10-09 00:00:00,29.62,60.8,1.19
20261009T0144|forecast|+24h 09/1800,20261009T0144,forecast,+24h 09/1800,28.2,-87.4,85,2026-10-09 00:00:00,28.7,38.4,0.55
20261009T0144|forecast|+36h 10/0600,20261009T0144,forecast,+36h 10/0600,31.0,-87.2,65,2026-10-09 00:00:00,,,
20261009T0144|forecast|+48h 10/1800,20261009T0144,forecast,+48h 10/1800,33.2,-87.8,30,2026-10-09 00:00:00,,,
20261009T0144|forecast|+60h 11/0600,20261009T0144,forecast,+60h 11/0600,35.0,-87.8,25,2026-10-09 00:00:00,,,
20261009T0144|forecast|+72h 11/1800,20261009T0144,forecast,+72h 11/1800,37.0,-85.0,20,2026-10-09 00:00:00,,,
20261009T0244|best_track|2026100418,20261009T0244,best_track,2026100418,22.0,-96.5,15,2026-10-09 00:00:00,28.51,42.5,0.24
20261009T0244|best_track|2026100500,20261009T0244,best_track,2026100500,22.0,-96.5,20,2026-10-09 00:00:00,28.51,42.5,0.24
20261009T0244|best_track|2026100506,20261009T0244,best_track,2026100506,22.0,-96.5,25,2026-10-09 00:00:00,28.51,42.5,0.24
20261009T0244|best_track|2026100512,20261009T0244,best_track,2026100512,22.0,-96.5,25,2026-10-09 00:00:00,28.51,42.5,0.24
20261009T0244|best_track|2026100518,20261009T0244,best_track,2026100518,22.2,-96.3,25,2026-10-09 00:00:00,28.66,41.9,0.22
20261009T0244|best_track|2026100600,20261009T0244,best_track,2026100600,22.3,-96.1,25,2026-10-09 00:00:00,28.88,45.8,0.34
20261009T0244|best_track|2026100606,20261009T0244,best_track,2026100606,22.2,-96.0,25,2026-10-09 00:00:00,29.0,43.6,0.25
20261009T0244|best_track|2026100612,20261009T0244,best_track,2026100612,22.0,-96.0,25,2026-10-09 00:00:00,28.86,36.4,0.38
20261009T0244|best_track|2026100618,20261009T0244,best_track,2026100618,21.9,-95.7,30,2026-10-09 00:00:00,29.33,38.7,0.26
20261009T0244|best_track|2026100700,20261009T0244,best_track,2026100700,21.7,-95.3,30,2026-10-09 00:00:00,29.72,41.4,0.3
20261009T0244|best_track|2026100706,20261009T0244,best_track,2026100706,21.9,-94.6,35,2026-10-09 00:00:00,30.19,45.0,0.61
20261009T0244|best_track|2026100712,20261009T0244,best_track,2026100712,22.2,-93.9,40,2026-10-09 00:00:00,29.64,40.5,0.53
20261009T0244|best_track|2026100718,20261009T0244,best_track,2026100718,22.5,-93.3,50,2026-10-09 00:00:00,28.96,41.2,0.45
20261009T0244|best_track|2026100800,20261009T0244,best_track,2026100800,22.7,-92.3,60,2026-10-09 00:00:00,29.24,35.8,0.39
20261009T0244|best_track|2026100806,20261009T0244,best_track,2026100806,23.1,-91.5,70,2026-10-09 00:00:00,29.68,35.3,0.48
20261009T0244|best_track|2026100812,20261009T0244,best_track,2026100812,23.4,-90.6,75,2026-10-09 00:00:00,28.7,46.1,0.34
20261009T0244|best_track|2026100818,20261009T0244,best_track,2026100818,23.9,-89.8,85,2026-10-09 00:00:00,28.99,33.9,0.43
20261009T0244|best_track|2026100900,20261009T0244,best_track,2026100900,24.8,-88.8,85,2026-10-09 00:00:00,28.91,29.0,0.47
20261009T0244|center|2026-10-09T00:00:00.000Z,20261009T0244,center,2026-10-09T00:00:00.000Z,24.9,-88.8,85,2026-10-09 00:00:00,28.9,38.8,0.04
20261009T0244|forecast|+0h 08/2100,20261009T0244,forecast,+0h 08/2100,24.9,-88.8,85,2026-10-09 00:00:00,28.9,38.8,0.04
20261009T0244|forecast|+12h 09/0600,20261009T0244,forecast,+12h 09/0600,25.7,-88.4,95,2026-10-09 00:00:00,29.62,60.8,1.19
20261009T0244|forecast|+24h 09/1800,20261009T0244,forecast,+24h 09/1800,28.2,-87.4,85,2026-10-09 00:00:00,28.7,38.4,0.55
20261009T0244|forecast|+36h 10/0600,20261009T0244,forecast,+36h 10/0600,31.0,-87.2,65,2026-10-09 00:00:00,,,
20261009T0244|forecast|+48h 10/1800,20261009T0244,forecast,+48h 10/1800,33.2,-87.8,30,2026-10-09 00:00:00,,,
20261009T0244|forecast|+60h 11/0600,20261009T0244,forecast,+60h 11/0600,35.0,-87.8,25,2026-10-09 00:00:00,,,
20261009T0244|forecast|+72h 11/1800,20261009T0244,forecast,+72h 11/1800,37.0,-85.0,20,2026-10-09 00:00:00,,,
20261009T0344|best_track|2026100418,20261009T0344,best_track,2026100418,22.0,-96.5,15,2026-10-09 00:00:00,28.51,42.5,0.24
20261009T0344|best_track|2026100500,20261009T0344,best_track,2026100500,22.0,-96.5,20,2026-10-09 00:00:00,28.51,42.5,0.24
20261009T0344|best_track|2026100506,20261009T0344,best_track,2026100506,22.0,-96.5,25,2026-10-09 00:00:00,28.51,42.5,0.24
20261009T0344|best_track|2026100512,20261009T0344,best_track,2026100512,22.0,-96.5,25,2026-10-09 00:00:00,28.51,42.5,0.24
20261009T0344|best_track|2026100518,20261009T0344,best_track,2026100518,22.2,-96.3,25,2026-10-09 00:00:00,28.66,41.9,0.22
20261009T0344|best_track|2026100600,20261009T0344,best_track,2026100600,22.3,-96.1,25,2026-10-09 00:00:00,28.88,45.8,0.34
20261009T0344|best_track|2026100606,20261009T0344,best_track,2026100606,22.2,-96.0,25,2026-10-09 00:00:00,29.0,43.6,0.25
20261009T0344|best_track|2026100612,20261009T0344,best_track,2026100612,22.0,-96.0,25,2026-10-09 00:00:00,28.86,36.4,0.38
20261009T0344|best_track|2026100618,20261009T0344,best_track,2026100618,21.9,-95.7,30,2026-10-09 00:00:00,29.33,38.7,0.26
20261009T0344|best_track|2026100700,20261009T0344,best_track,2026100700,21.7,-95.3,30,2026-10-09 00:00:00,29.72,41.4,0.3
20261009T0344|best_track|2026100706,20261009T0344,best_track,2026100706,21.9,-94.6,35,2026-10-09 00:00:00,30.19,45.0,0.61
20261009T0344|best_track|2026100712,20261009T0344,best_track,2026100712,22.2,-93.9,40,2026-10-09 00:00:00,29.64,40.5,0.53
20261009T0344|best_track|2026100718,20261009T0344,best_track,2026100718,22.5,-93.3,50,2026-10-09 00:00:00,28.96,41.2,0.45
20261009T0344|best_track|2026100800,20261009T0344,best_track,2026100800,22.7,-92.3,60,2026-10-09 00:00:00,29.24,35.8,0.39
20261009T0344|best_track|2026100806,20261009T0344,best_track,2026100806,23.1,-91.5,70,2026-10-09 00:00:00,29.68,35.3,0.48
20261009T0344|best_track|2026100812,20261009T0344,best_track,2026100812,23.4,-90.6,75,2026-10-09 00:00:00,28.7,46.1,0.34
20261009T0344|best_track|2026100818,20261009T0344,best_track,2026100818,23.9,-89.8,85,2026-10-09 00:00:00,28.99,33.9,0.43
20261009T0344|best_track|2026100900,20261009T0344,best_track,2026100900,24.8,-88.8,85,2026-10-09 00:00:00,28.91,29.0,0.47
20261009T0344|center|2026-10-09T03:00:00.000Z,20261009T0344,center,2026-10-09T03:00:00.000Z,25.4,-88.4,90,2026-10-09 00:00:00,29.15,40.5,0.86
20261009T0344|forecast|+0h 09/0000,20261009T0344,forecast,+0h 09/0000,25.4,-88.4,90,2026-10-09 00:00:00,29.15,40.5,0.86
20261009T0344|forecast|+12h 09/1200,20261009T0344,forecast,+12h 09/1200,27.1,-87.6,100,2026-10-09 00:00:00,28.73,41.9,1.04
20261009T0344|forecast|+24h 10/0000,20261009T0344,forecast,+24h 10/0000,29.9,-87.1,85,2026-10-09 00:00:00,27.62,52.8,0.21
20261009T0344|forecast|+36h 10/1200,20261009T0344,forecast,+36h 10/1200,32.2,-87.3,45,2026-10-09 00:00:00,,,
20261009T0344|forecast|+48h 11/0000,20261009T0344,forecast,+48h 11/0000,34.1,-87.5,30,2026-10-09 00:00:00,,,
20261009T0344|forecast|+60h 11/1200,20261009T0344,forecast,+60h 11/1200,36.1,-86.1,20,2026-10-09 00:00:00,,,
20261009T0344|forecast|+72h 12/0000,20261009T0344,forecast,+72h 12/0000,38.0,-83.0,20,2026-10-09 00:00:00,,,
20261009T0444|best_track|2026100418,20261009T0444,best_track,2026100418,22.0,-96.5,15,2026-10-09 00:00:00,28.51,42.5,0.24
20261009T0444|best_track|2026100500,20261009T0444,best_track,2026100500,22.0,-96.5,20,2026-10-09 00:00:00,28.51,42.5,0.24
20261009T0444|best_track|2026100506,20261009T0444,best_track,2026100506,22.0,-96.5,25,2026-10-09 00:00:00,28.51,42.5,0.24
20261009T0444|best_track|2026100512,20261009T0444,best_track,2026100512,22.0,-96.5,25,2026-10-09 00:00:00,28.51,42.5,0.24
20261009T0444|best_track|2026100518,20261009T0444,best_track,2026100518,22.2,-96.3,25,2026-10-09 00:00:00,28.66,41.9,0.22
20261009T0444|best_track|2026100600,20261009T0444,best_track,2026100600,22.3,-96.1,25,2026-10-09 00:00:00,28.88,45.8,0.34
20261009T0444|best_track|2026100606,20261009T0444,best_track,2026100606,22.2,-96.0,25,2026-10-09 00:00:00,29.0,43.6,0.25
20261009T0444|best_track|2026100612,20261009T0444,best_track,2026100612,22.0,-96.0,25,2026-10-09 00:00:00,28.86,36.4,0.38
20261009T0444|best_track|2026100618,20261009T0444,best_track,2026100618,21.9,-95.7,30,2026-10-09 00:00:00,29.33,38.7,0.26
20261009T0444|best_track|2026100700,20261009T0444,best_track,2026100700,21.7,-95.3,30,2026-10-09 00:00:00,29.72,41.4,0.3
20261009T0444|best_track|2026100706,20261009T0444,best_track,2026100706,21.9,-94.6,35,2026-10-09 00:00:00,30.19,45.0,0.61
20261009T0444|best_track|2026100712,20261009T0444,best_track,2026100712,22.2,-93.9,40,2026-10-09 00:00:00,29.64,40.5,0.53
20261009T0444|best_track|2026100718,20261009T0444,best_track,2026100718,22.5,-93.3,50,2026-10-09 00:00:00,28.96,41.2,0.45
20261009T0444|best_track|2026100800,20261009T0444,best_track,2026100800,22.7,-92.3,60,2026-10-09 00:00:00,29.24,35.8,0.39
20261009T0444|best_track|2026100806,20261009T0444,best_track,2026100806,23.1,-91.5,70,2026-10-09 00:00:00,29.68,35.3,0.48
20261009T0444|best_track|2026100812,20261009T0444,best_track,2026100812,23.4,-90.6,75,2026-10-09 00:00:00,28.7,46.1,0.34
20261009T0444|best_track|2026100818,20261009T0444,best_track,2026100818,23.9,-89.8,85,2026-10-09 00:00:00,28.99,33.9,0.43
20261009T0444|best_track|2026100900,20261009T0444,best_track,2026100900,24.8,-88.8,85,2026-10-09 00:00:00,28.91,29.0,0.47
20261009T0444|center|2026-10-09T03:00:00.000Z,20261009T0444,center,2026-10-09T03:00:00.000Z,25.4,-88.4,90,2026-10-09 00:00:00,29.15,40.5,0.86
20261009T0444|forecast|+0h 09/0000,20261009T0444,forecast,+0h 09/0000,25.4,-88.4,90,2026-10-09 00:00:00,29.15,40.5,0.86
20261009T0444|forecast|+12h 09/1200,20261009T0444,forecast,+12h 09/1200,27.1,-87.6,100,2026-10-09 00:00:00,28.73,41.9,1.04
20261009T0444|forecast|+24h 10/0000,20261009T0444,forecast,+24h 10/0000,29.9,-87.1,85,2026-10-09 00:00:00,27.62,52.8,0.21
20261009T0444|forecast|+36h 10/1200,20261009T0444,forecast,+36h 10/1200,32.2,-87.3,45,2026-10-09 00:00:00,,,
20261009T0444|forecast|+48h 11/0000,20261009T0444,forecast,+48h 11/0000,34.1,-87.5,30,2026-10-09 00:00:00,,,
20261009T0444|forecast|+60h 11/1200,20261009T0444,forecast,+60h 11/1200,36.1,-86.1,20,2026-10-09 00:00:00,,,
20261009T0444|forecast|+72h 12/0000,20261009T0444,forecast,+72h 12/0000,38.0,-83.0,20,2026-10-09 00:00:00,,,
20261009T0544|best_track|2026100418,20261009T0544,best_track,2026100418,22.0,-96.5,15,2026-10-09 00:00:00,28.51,42.5,0.24
20261009T0544|best_track|2026100500,20261009T0544,best_track,2026100500,22.0,-96.5,20,2026-10-09 00:00:00,28.51,42.5,0.24
20261009T0544|best_track|2026100506,20261009T0544,best_track,2026100506,22.0,-96.5,25,2026-10-09 00:00:00,28.51,42.5,0.24
20261009T0544|best_track|2026100512,20261009T0544,best_track,2026100512,22.0,-96.5,25,2026-10-09 00:00:00,28.51,42.5,0.24
20261009T0544|best_track|2026100518,20261009T0544,best_track,2026100518,22.2,-96.3,25,2026-10-09 00:00:00,28.66,41.9,0.22
20261009T0544|best_track|2026100600,20261009T0544,best_track,2026100600,22.3,-96.1,25,2026-10-09 00:00:00,28.88,45.8,0.34
20261009T0544|best_track|2026100606,20261009T0544,best_track,2026100606,22.2,-96.0,25,2026-10-09 00:00:00,29.0,43.6,0.25
20261009T0544|best_track|2026100612,20261009T0544,best_track,2026100612,22.0,-96.0,25,2026-10-09 00:00:00,28.86,36.4,0.38
20261009T0544|best_track|2026100618,20261009T0544,best_track,2026100618,21.9,-95.7,30,2026-10-09 00:00:00,29.33,38.7,0.26
20261009T0544|best_track|2026100700,20261009T0544,best_track,2026100700,21.7,-95.3,30,2026-10-09 00:00:00,29.72,41.4,0.3
20261009T0544|best_track|2026100706,20261009T0544,best_track,2026100706,21.9,-94.6,35,2026-10-09 00:00:00,30.19,45.0,0.61
20261009T0544|best_track|2026100712,20261009T0544,best_track,2026100712,22.2,-93.9,40,2026-10-09 00:00:00,29.64,40.5,0.53
20261009T0544|best_track|2026100718,20261009T0544,best_track,2026100718,22.5,-93.3,50,2026-10-09 00:00:00,28.96,41.2,0.45
20261009T0544|best_track|2026100800,20261009T0544,best_track,2026100800,22.7,-92.3,60,2026-10-09 00:00:00,29.24,35.8,0.39
20261009T0544|best_track|2026100806,20261009T0544,best_track,2026100806,23.1,-91.5,70,2026-10-09 00:00:00,29.68,35.3,0.48
20261009T0544|best_track|2026100812,20261009T0544,best_track,2026100812,23.4,-90.6,75,2026-10-09 00:00:00,28.7,46.1,0.34
20261009T0544|best_track|2026100818,20261009T0544,best_track,2026100818,23.9,-89.8,85,2026-10-09 00:00:00,28.99,33.9,0.43
20261009T0544|best_track|2026100900,20261009T0544,best_track,2026100900,24.8,-88.8,85,2026-10-09 00:00:00,28.91,29.0,0.47
20261009T0544|center|2026-10-09T03:00:00.000Z,20261009T0544,center,2026-10-09T03:00:00.000Z,25.4,-88.4,90,2026-10-09 00:00:00,29.15,40.5,0.86
20261009T0544|forecast|+0h 09/0000,20261009T0544,forecast,+0h 09/0000,25.4,-88.4,90,2026-10-09 00:00:00,29.15,40.5,0.86
20261009T0544|forecast|+12h 09/1200,20261009T0544,forecast,+12h 09/1200,27.1,-87.6,100,2026-10-09 00:00:00,28.73,41.9,1.04
20261009T0544|forecast|+24h 10/0000,20261009T0544,forecast,+24h 10/0000,29.9,-87.1,85,2026-10-09 00:00:00,27.62,52.8,0.21
20261009T0544|forecast|+36h 10/1200,20261009T0544,forecast,+36h 10/1200,32.2,-87.3,45,2026-10-09 00:00:00,,,
20261009T0544|forecast|+48h 11/0000,20261009T0544,forecast,+48h 11/0000,34.1,-87.5,30,2026-10-09 00:00:00,,,
20261009T0544|forecast|+60h 11/1200,20261009T0544,forecast,+60h 11/1200,36.1,-86.1,20,2026-10-09 00:00:00,,,
20261009T0544|forecast|+72h 12/0000,20261009T0544,forecast,+72h 12/0000,38.0,-83.0,20,2026-10-09 00:00:00,,,
20261009T0644|best_track|2026100418,20261009T0644,best_track,2026100418,22.0,-96.5,15,2026-10-09 06:00:00,28.44,40.2,0.18
20261009T0644|best_track|2026100500,20261009T0644,best_track,2026100500,22.0,-96.5,20,2026-10-09 06:00:00,28.44,40.2,0.18
20261009T0644|best_track|2026100506,20261009T0644,best_track,2026100506,22.0,-96.5,25,2026-10-09 06:00:00,28.44,40.2,0.18
20261009T0644|best_track|2026100512,20261009T0644,best_track,2026100512,22.0,-96.5,25,2026-10-09 06:00:00,28.44,40.2,0.18
20261009T0644|best_track|2026100518,20261009T0644,best_track,2026100518,22.2,-96.3,25,2026-10-09 06:00:00,28.56,42.4,0.22
20261009T0644|best_track|2026100600,20261009T0644,best_track,2026100600,22.3,-96.1,25,2026-10-09 06:00:00,28.82,42.2,0.34
20261009T0644|best_track|2026100606,20261009T0644,best_track,2026100606,22.2,-96.0,25,2026-10-09 06:00:00,28.96,46.0,0.23
20261009T0644|best_track|2026100612,20261009T0644,best_track,2026100612,22.0,-96.0,25,2026-10-09 06:00:00,28.79,43.6,0.18
20261009T0644|best_track|2026100618,20261009T0644,best_track,2026100618,21.9,-95.7,30,2026-10-09 06:00:00,29.26,40.1,0.36
20261009T0644|best_track|2026100700,20261009T0644,best_track,2026100700,21.7,-95.3,30,2026-10-09 06:00:00,29.63,38.2,0.34
20261009T0644|best_track|2026100706,20261009T0644,best_track,2026100706,21.9,-94.6,35,2026-10-09 06:00:00,30.06,39.3,0.25
20261009T0644|best_track|2026100712,20261009T0644,best_track,2026100712,22.2,-93.9,40,2026-10-09 06:00:00,29.52,43.1,0.2
20261009T0644|best_track|2026100718,20261009T0644,best_track,2026100718,22.5,-93.3,50,2026-10-09 06:00:00,28.83,42.3,0.19
20261009T0644|best_track|2026100800,20261009T0644,best_track,2026100800,22.7,-92.3,60,2026-10-09 06:00:00,29.08,40.3,0.24
20261009T0644|best_track|2026100806,20261009T0644,best_track,2026100806,23.1,-91.5,70,2026-10-09 06:00:00,29.49,34.9,0.33
20261009T0644|best_track|2026100812,20261009T0644,best_track,2026100812,23.4,-90.6,75,2026-10-09 06:00:00,28.5,41.3,0.29
20261009T0644|best_track|2026100818,20261009T0644,best_track,2026100818,23.9,-89.8,85,2026-10-09 06:00:00,28.85,32.7,0.86
20261009T0644|best_track|2026100900,20261009T0644,best_track,2026100900,24.8,-88.8,85,2026-10-09 06:00:00,28.94,37.9,1.26
20261009T0644|center|2026-10-09T06:00:00.000Z,20261009T0644,center,2026-10-09T06:00:00.000Z,25.8,-88.4,90,2026-10-09 06:00:00,29.66,63.3,1.22
20261009T0644|forecast|+0h 09/0300,20261009T0644,forecast,+0h 09/0300,25.8,-88.4,90,2026-10-09 06:00:00,29.66,63.3,1.22
20261009T0644|forecast|+12h 09/1200,20261009T0644,forecast,+12h 09/1200,27.1,-87.6,100,2026-10-09 06:00:00,28.69,45.0,0.38
20261009T0644|forecast|+24h 10/0000,20261009T0644,forecast,+24h 10/0000,29.9,-87.1,85,2026-10-09 06:00:00,27.5,58.9,0.41
20261009T0644|forecast|+36h 10/1200,20261009T0644,forecast,+36h 10/1200,32.2,-87.3,45,2026-10-09 06:00:00,,,
20261009T0644|forecast|+48h 11/0000,20261009T0644,forecast,+48h 11/0000,34.1,-87.5,30,2026-10-09 06:00:00,,,
20261009T0644|forecast|+60h 11/1200,20261009T0644,forecast,+60h 11/1200,36.1,-86.1,20,2026-10-09 06:00:00,,,
20261009T0644|forecast|+72h 12/0000,20261009T0644,forecast,+72h 12/0000,38.0,-83.0,20,2026-10-09 06:00:00,,,
20261009T0651|best_track|2026100418,20261009T0651,best_track,2026100418,22.0,-96.5,15,2026-10-09 06:00:00,28.44,40.2,0.18
20261009T0651|best_track|2026100500,20261009T0651,best_track,2026100500,22.0,-96.5,20,2026-10-09 06:00:00,28.44,40.2,0.18
20261009T0651|best_track|2026100506,20261009T0651,best_track,2026100506,22.0,-96.5,25,2026-10-09 06:00:00,28.44,40.2,0.18
20261009T0651|best_track|2026100512,20261009T0651,best_track,2026100512,22.0,-96.5,25,2026-10-09 06:00:00,28.44,40.2,0.18
20261009T0651|best_track|2026100518,20261009T0651,best_track,2026100518,22.2,-96.3,25,2026-10-09 06:00:00,28.56,42.4,0.22
20261009T0651|best_track|2026100600,20261009T0651,best_track,2026100600,22.3,-96.1,25,2026-10-09 06:00:00,28.82,42.2,0.34
20261009T0651|best_track|2026100606,20261009T0651,best_track,2026100606,22.2,-96.0,25,2026-10-09 06:00:00,28.96,46.0,0.23
20261009T0651|best_track|2026100612,20261009T0651,best_track,2026100612,22.0,-96.0,25,2026-10-09 06:00:00,28.79,43.6,0.18
20261009T0651|best_track|2026100618,20261009T0651,best_track,2026100618,21.9,-95.7,30,2026-10-09 06:00:00,29.26,40.1,0.36
20261009T0651|best_track|2026100700,20261009T0651,best_track,2026100700,21.7,-95.3,30,2026-10-09 06:00:00,29.63,38.2,0.34
20261009T0651|best_track|2026100706,20261009T0651,best_track,2026100706,21.9,-94.6,35,2026-10-09 06:00:00,30.06,39.3,0.25
20261009T0651|best_track|2026100712,20261009T0651,best_track,2026100712,22.2,-93.9,40,2026-10-09 06:00:00,29.52,43.1,0.2
20261009T0651|best_track|2026100718,20261009T0651,best_track,2026100718,22.5,-93.3,50,2026-10-09 06:00:00,28.83,42.3,0.19
20261009T0651|best_track|2026100800,20261009T0651,best_track,2026100800,22.7,-92.3,60,2026-10-09 06:00:00,29.08,40.3,0.24
20261009T0651|best_track|2026100806,20261009T0651,best_track,2026100806,23.1,-91.5,70,2026-10-09 06:00:00,29.49,34.9,0.33
20261009T0651|best_track|2026100812,20261009T0651,best_track,2026100812,23.4,-90.6,75,2026-10-09 06:00:00,28.5,41.3,0.29
20261009T0651|best_track|2026100818,20261009T0651,best_track,2026100818,23.9,-89.8,85,2026-10-09 06:00:00,28.85,32.7,0.86
20261009T0651|best_track|2026100900,20261009T0651,best_track,2026100900,24.8,-88.8,85,2026-10-09 06:00:00,28.94,37.9,1.26
20261009T0651|center|2026-10-09T06:00:00.000Z,20261009T0651,center,2026-10-09T06:00:00.000Z,25.8,-88.4,90,2026-10-09 06:00:00,29.66,63.3,1.22
20261009T0651|forecast|+0h 09/0300,20261009T0651,forecast,+0h 09/0300,25.8,-88.4,90,2026-10-09 06:00:00,29.66,63.3,1.22
20261009T0651|forecast|+12h 09/1200,20261009T0651,forecast,+12h 09/1200,27.1,-87.6,100,2026-10-09 06:00:00,28.69,45.0,0.38
20261009T0651|forecast|+24h 10/0000,20261009T0651,forecast,+24h 10/0000,29.9,-87.1,85,2026-10-09 06:00:00,27.5,58.9,0.41
20261009T0651|forecast|+36h 10/1200,20261009T0651,forecast,+36h 10/1200,32.2,-87.3,45,2026-10-09 06:00:00,,,
20261009T0651|forecast|+48h 11/0000,20261009T0651,forecast,+48h 11/0000,34.1,-87.5,30,2026-10-09 06:00:00,,,
20261009T0651|forecast|+60h 11/1200,20261009T0651,forecast,+60h 11/1200,36.1,-86.1,20,2026-10-09 06:00:00,,,
20261009T0651|forecast|+72h 12/0000,20261009T0651,forecast,+72h 12/0000,38.0,-83.0,20,2026-10-09 06:00:00,,,
20261009T0744|best_track|2026100418,20261009T0744,best_track,2026100418,22.0,-96.5,15,2026-10-09 06:00:00,28.44,40.2,0.18
20261009T0744|best_track|2026100500,20261009T0744,best_track,2026100500,22.0,-96.5,20,2026-10-09 06:00:00,28.44,40.2,0.18
20261009T0744|best_track|2026100506,20261009T0744,best_track,2026100506,22.0,-96.5,25,2026-10-09 06:00:00,28.44,40.2,0.18
20261009T0744|best_track|2026100512,20261009T0744,best_track,2026100512,22.0,-96.5,25,2026-10-09 06:00:00,28.44,40.2,0.18
20261009T0744|best_track|2026100518,20261009T0744,best_track,2026100518,22.2,-96.3,25,2026-10-09 06:00:00,28.56,42.4,0.22
20261009T0744|best_track|2026100600,20261009T0744,best_track,2026100600,22.3,-96.1,25,2026-10-09 06:00:00,28.82,42.2,0.34
20261009T0744|best_track|2026100606,20261009T0744,best_track,2026100606,22.2,-96.0,25,2026-10-09 06:00:00,28.96,46.0,0.23
20261009T0744|best_track|2026100612,20261009T0744,best_track,2026100612,22.0,-96.0,25,2026-10-09 06:00:00,28.79,43.6,0.18
20261009T0744|best_track|2026100618,20261009T0744,best_track,2026100618,21.9,-95.7,30,2026-10-09 06:00:00,29.26,40.1,0.36
20261009T0744|best_track|2026100700,20261009T0744,best_track,2026100700,21.7,-95.3,30,2026-10-09 06:00:00,29.63,38.2,0.34
20261009T0744|best_track|2026100706,20261009T0744,best_track,2026100706,21.9,-94.6,35,2026-10-09 06:00:00,30.06,39.3,0.25
20261009T0744|best_track|2026100712,20261009T0744,best_track,2026100712,22.2,-93.9,40,2026-10-09 06:00:00,29.52,43.1,0.2
20261009T0744|best_track|2026100718,20261009T0744,best_track,2026100718,22.5,-93.3,50,2026-10-09 06:00:00,28.83,42.3,0.19
20261009T0744|best_track|2026100800,20261009T0744,best_track,2026100800,22.7,-92.3,60,2026-10-09 06:00:00,29.08,40.3,0.24
20261009T0744|best_track|2026100806,20261009T0744,best_track,2026100806,23.1,-91.5,70,2026-10-09 06:00:00,29.49,34.9,0.33
20261009T0744|best_track|2026100812,20261009T0744,best_track,2026100812,23.4,-90.6,75,2026-10-09 06:00:00,28.5,41.3,0.29
20261009T0744|best_track|2026100818,20261009T0744,best_track,2026100818,23.9,-89.8,80,2026-10-09 06:00:00,28.85,32.7,0.86
20261009T0744|best_track|2026100900,20261009T0744,best_track,2026100900,24.8,-89.0,85,2026-10-09 06:00:00,29.02,34.3,0.96
20261009T0744|best_track|2026100906,20261009T0744,best_track,2026100906,25.8,-88.4,90,2026-10-09 06:00:00,29.66,63.3,1.22
20261009T0744|center|2026-10-09T06:00:00.000Z,20261009T0744,center,2026-10-09T06:00:00.000Z,25.8,-88.4,90,2026-10-09 06:00:00,29.66,63.3,1.22
20261009T0744|forecast|+0h 09/0300,20261009T0744,forecast,+0h 09/0300,25.8,-88.4,90,2026-10-09 06:00:00,29.66,63.3,1.22
20261009T0744|forecast|+12h 09/1200,20261009T0744,forecast,+12h 09/1200,27.1,-87.6,100,2026-10-09 06:00:00,28.69,45.0,0.38
20261009T0744|forecast|+24h 10/0000,20261009T0744,forecast,+24h 10/0000,29.9,-87.1,85,2026-10-09 06:00:00,27.5,58.9,0.41
20261009T0744|forecast|+36h 10/1200,20261009T0744,forecast,+36h 10/1200,32.2,-87.3,45,2026-10-09 06:00:00,,,
20261009T0744|forecast|+48h 11/0000,20261009T0744,forecast,+48h 11/0000,34.1,-87.5,30,2026-10-09 06:00:00,,,
20261009T0744|forecast|+60h 11/1200,20261009T0744,forecast,+60h 11/1200,36.1,-86.1,20,2026-10-09 06:00:00,,,
20261009T0744|forecast|+72h 12/0000,20261009T0744,forecast,+72h 12/0000,38.0,-83.0,20,2026-10-09 06:00:00,,,
20261009T0844|best_track|2026100418,20261009T0844,best_track,2026100418,22.0,-96.5,15,2026-10-09 06:00:00,28.44,40.2,0.18
20261009T0844|best_track|2026100500,20261009T0844,best_track,2026100500,22.0,-96.5,20,2026-10-09 06:00:00,28.44,40.2,0.18
20261009T0844|best_track|2026100506,20261009T0844,best_track,2026100506,22.0,-96.5,25,2026-10-09 06:00:00,28.44,40.2,0.18
20261009T0844|best_track|2026100512,20261009T0844,best_track,2026100512,22.0,-96.5,25,2026-10-09 06:00:00,28.44,40.2,0.18
20261009T0844|best_track|2026100518,20261009T0844,best_track,2026100518,22.2,-96.3,25,2026-10-09 06:00:00,28.56,42.4,0.22
20261009T0844|best_track|2026100600,20261009T0844,best_track,2026100600,22.3,-96.1,25,2026-10-09 06:00:00,28.82,42.2,0.34
20261009T0844|best_track|2026100606,20261009T0844,best_track,2026100606,22.2,-96.0,25,2026-10-09 06:00:00,28.96,46.0,0.23
20261009T0844|best_track|2026100612,20261009T0844,best_track,2026100612,22.0,-96.0,25,2026-10-09 06:00:00,28.79,43.6,0.18
20261009T0844|best_track|2026100618,20261009T0844,best_track,2026100618,21.9,-95.7,30,2026-10-09 06:00:00,29.26,40.1,0.36
20261009T0844|best_track|2026100700,20261009T0844,best_track,2026100700,21.7,-95.3,30,2026-10-09 06:00:00,29.63,38.2,0.34
20261009T0844|best_track|2026100706,20261009T0844,best_track,2026100706,21.9,-94.6,35,2026-10-09 06:00:00,30.06,39.3,0.25
20261009T0844|best_track|2026100712,20261009T0844,best_track,2026100712,22.2,-93.9,40,2026-10-09 06:00:00,29.52,43.1,0.2
20261009T0844|best_track|2026100718,20261009T0844,best_track,2026100718,22.5,-93.3,50,2026-10-09 06:00:00,28.83,42.3,0.19
20261009T0844|best_track|2026100800,20261009T0844,best_track,2026100800,22.7,-92.3,60,2026-10-09 06:00:00,29.08,40.3,0.24
20261009T0844|best_track|2026100806,20261009T0844,best_track,2026100806,23.1,-91.5,70,2026-10-09 06:00:00,29.49,34.9,0.33
20261009T0844|best_track|2026100812,20261009T0844,best_track,2026100812,23.4,-90.6,75,2026-10-09 06:00:00,28.5,41.3,0.29
20261009T0844|best_track|2026100818,20261009T0844,best_track,2026100818,23.9,-89.8,80,2026-10-09 06:00:00,28.85,32.7,0.86
20261009T0844|best_track|2026100900,20261009T0844,best_track,2026100900,24.8,-89.0,85,2026-10-09 06:00:00,29.02,34.3,0.96
20261009T0844|best_track|2026100906,20261009T0844,best_track,2026100906,25.8,-88.4,90,2026-10-09 06:00:00,29.66,63.3,1.22
20261009T0844|center|2026-10-09T06:00:00.000Z,20261009T0844,center,2026-10-09T06:00:00.000Z,25.8,-88.4,90,2026-10-09 06:00:00,29.66,63.3,1.22
20261009T0844|forecast|+0h 09/0300,20261009T0844,forecast,+0h 09/0300,25.8,-88.4,90,2026-10-09 06:00:00,29.66,63.3,1.22
20261009T0844|forecast|+12h 09/1200,20261009T0844,forecast,+12h 09/1200,27.1,-87.6,100,2026-10-09 06:00:00,28.69,45.0,0.38
20261009T0844|forecast|+24h 10/0000,20261009T0844,forecast,+24h 10/0000,29.9,-87.1,85,2026-10-09 06:00:00,27.5,58.9,0.41
20261009T0844|forecast|+36h 10/1200,20261009T0844,forecast,+36h 10/1200,32.2,-87.3,45,2026-10-09 06:00:00,,,
20261009T0844|forecast|+48h 11/0000,20261009T0844,forecast,+48h 11/0000,34.1,-87.5,30,2026-10-09 06:00:00,,,
20261009T0844|forecast|+60h 11/1200,20261009T0844,forecast,+60h 11/1200,36.1,-86.1,20,2026-10-09 06:00:00,,,
20261009T0844|forecast|+72h 12/0000,20261009T0844,forecast,+72h 12/0000,38.0,-83.0,20,2026-10-09 06:00:00,,,
