key,run_utc,point,label,lat,lon,mur_time,sst_c
20261008T2306|center,20261008T2306,center,2026-10-08T21:00:00.000Z,24.4,-89.3,2026-10-07T09:00:00Z,28.812
20261008T2306|forecast|0,20261008T2306,forecast,+0h 08/1800,24.4,-89.3,2026-10-07T09:00:00Z,28.812
20261008T2306|forecast|12,20261008T2306,forecast,+12h 09/0600,25.7,-88.4,2026-10-07T09:00:00Z,29.524
20261008T2306|forecast|24,20261008T2306,forecast,+24h 09/1800,28.2,-87.4,2026-10-07T09:00:00Z,29.186
20261008T2306|forecast|36,20261008T2306,forecast,+36h 10/0600,31.0,-87.2,2026-10-07T09:00:00Z,
20261008T2306|forecast|48,20261008T2306,forecast,+48h 10/1800,33.2,-87.8,2026-10-07T09:00:00Z,
20261008T2306|forecast|60,20261008T2306,forecast,+60h 11/0600,35.0,-87.8,2026-10-07T09:00:00Z,
20261008T2306|forecast|72,20261008T2306,forecast,+72h 11/1800,37.0,-85.0,2026-10-07T09:00:00Z,
20261008T2311|center,20261008T2311,center,2026-10-08T21:00:00.000Z,24.4,-89.3,2026-10-07T09:00:00Z,28.812
20261008T2311|forecast|0,20261008T2311,forecast,+0h 08/1800,24.4,-89.3,2026-10-07T09:00:00Z,28.812
20261008T2311|forecast|12,20261008T2311,forecast,+12h 09/0600,25.7,-88.4,2026-10-07T09:00:00Z,29.524
20261008T2311|forecast|24,20261008T2311,forecast,+24h 09/1800,28.2,-87.4,2026-10-07T09:00:00Z,29.186
20261008T2311|forecast|36,20261008T2311,forecast,+36h 10/0600,31.0,-87.2,2026-10-07T09:00:00Z,
20261008T2311|forecast|48,20261008T2311,forecast,+48h 10/1800,33.2,-87.8,2026-10-07T09:00:00Z,
20261008T2311|forecast|60,20261008T2311,forecast,+60h 11/0600,35.0,-87.8,2026-10-07T09:00:00Z,
20261008T2311|forecast|72,20261008T2311,forecast,+72h 11/1800,37.0,-85.0,2026-10-07T09:00:00Z,
