id,name,lat,lon,type,owner,pgm,met,currents,waterquality,dist_track_km,dist_center_km,files
kvoa,Viosca Knoll 786 / Petronius (Chevron),29.229,-87.781,oilrig,Federal Aviation Administration,Marine METAR,n,n,n,78,89,txt
42039,"PENSACOLA - 115NM SSE of Pensacola, FL",28.768,-86.024,buoy,NDBC,NDBC Meteorological/Ocean,y,n,n,100,105,txt spec
kipn,Mississippi Canyon 920 / Independence Hub (Anadarko / Enterprise),28.085,-87.986,oilrig,Federal Aviation Administration,Marine METAR,n,n,n,70,110,
kikt,Mississippi Canyon 474 / Na Kika FPU (BP),28.521,-88.289,oilrig,Federal Aviation Administration,Marine METAR,n,n,n,107,118,txt
42040,"LUKE OFFSHORE TEST PLATFORM - 63 NM South of Dauphin Island, AL",29.207,-88.237,buoy,NDBC,NDBC Meteorological/Ocean,n,n,n,120,124,
42028,"C24 - FLRACEP nWFS Buoy, 58m isobath",29.745,-86.227,buoy,COMPS (University of South Florida),IOOS Partners,y,n,y,55,144,txt ocean
kvky,Main Pass 289C (Apache Corp.),29.248,-88.441,oilrig,Federal Aviation Administration,Marine METAR,n,n,n,141,144,
42012,"ORANGE BEACH - 44 NM SE of Mobile, AL",30.061,-87.547,buoy,NDBC,NDBC Meteorological/Ocean,y,n,n,66,157,txt spec
42027,"C23 - FLRACEP nWFS Buoy, 45m isobath",29.045,-85.305,buoy,COMPS (University of South Florida),IOOS Partners,y,n,y,159,179,txt ocean
42354,"Chandeleur Island SE, LA (279)",29.579,-88.645,buoy,SCRIPPS,IOOS Partners,y,y,n,169,179,txt spec
ppta1,"Perdido Pass, AL",30.279,-87.556,fixed,Dauphin Island Sea Lab,IOOS Partners,y,n,n,65,181,txt
kmis,MP 140B  AWOS (Apache Corp),29.296,-88.842,oilrig,Federal Aviation Administration,Marine METAR,n,n,n,180,182,
42031,"West End CP, AL",30.09,-88.212,buoy,Dauphin Island Sea Lab,IOOS Partners,n,n,n,129,188,
42357,DISL Sofar Spotter,30.092,-88.212,other,Dauphin Island Sea Lab,IOOS Partners,y,n,n,129,189,txt spec
pclf1,"8729840 - Pensacola, FL",30.404,-87.211,fixed,NOS,NOS/CO-OPS,y,n,n,31,190,txt
cgcl1,Cognac,28.791,-89.056,fixed,Shell Oil,IOOS Partners,n,n,n,185,191,
frma1,"8734383 - Fort Morgan, AL",30.234,-87.994,fixed,NOAA NOS PORTS,NOS/CO-OPS,y,n,n,107,191,txt
bsca1,"Bon Secour, AL",30.329,-87.829,fixed,Dauphin Island Sea Lab,IOOS Partners,n,n,n,90,194,txt
dila1,"8735180 - Dauphin Island, AL ",30.25,-88.075,fixed,NOS,NOS/CO-OPS,y,n,n,114,197,txt
dpha1,"Dauphin Island Sea Lab, AL",30.251,-88.078,fixed,Dauphin Island Sea Lab,IOOS Partners,n,n,n,115,197,txt
wkqa1,"Fish River, Weeks Bay Reserve, AL",30.417,-87.823,fixed,National Estuarine Research Reserve System,NERRS,n,n,y,88,203,ocean
kata1,"Katrina Cut, AL",30.258,-88.213,fixed,Dauphin Island Sea Lab,IOOS Partners,y,n,n,127,204,txt
wkxa1,"Safe Harbor Met Station, Weeks Bay Reserve, AL",30.421,-87.828,fixed,National Estuarine Research Reserve System,NERRS,y,n,n,89,204,txt
crta1,"Cedar Point, AL",30.308,-88.14,fixed,Dauphin Island Sea Lab,IOOS Partners,n,n,n,120,205,
pcbf1,"8729210 - Panama City Beach, FL",30.213,-85.88,fixed,NOS,NOS/CO-OPS,y,n,n,93,206,txt
42067,USM-R1,30.05,-88.583,buoy,USM,IOOS Partners,n,n,n,165,208,
efla1,"8734536 - E Range Front Light Visibility, AL",30.429,-88.01,fixed,NOAA NOS PORTS,NOS/CO-OPS,y,n,n,106,211,txt
mbla1,"Middle Bay Lighthouse, AL",30.437,-88.011,fixed,Dauphin Island Sea Lab,IOOS Partners,n,n,n,106,212,
pacf1,"8729108 - Panama City, FL",30.15,-85.664,fixed,NOS,NOS/CO-OPS,y,n,n,113,213,txt
ptbm6,"8741003 - Petit Bois Island, Port of Pascagoula, MS",30.213,-88.505,fixed,NOAA NOS PORTS,NOS/CO-OPS,y,n,n,155,216,txt
pill1,"8760721 - Pilottown, LA",29.179,-89.259,fixed,NOAA NOS PORTS,NOS/CO-OPS,y,n,n,215,217,txt
gdxm6,"Crooked Bayou, Grand Bay Reserve, MS",30.359,-88.42,fixed,National Estuarine Research Reserve System,NERRS,y,n,n,146,224,txt
mbpa1,"8736163 - Middle Bay Port, Mobile Bay, AL",30.527,-88.086,fixed,NOAA NOS PORTS,NOS/CO-OPS,y,n,n,112,224,txt
adbf1,"Dry Bar, Apalachicola Reserve, FL",29.675,-85.058,fixed,National Estuarine Research Reserve System,NERRS,n,n,y,166,226,ocean
pstl1,"8760922 - Pilot's Station East, SW Pass, LA",28.932,-89.407,fixed,NOS,NOS/CO-OPS,y,n,n,222,226,txt
gdqm6,"Bangs Lake, Grand Bay Reserve, MS",30.357,-88.463,fixed,National Estuarine Research Reserve System,NERRS,n,n,n,150,227,ocean
burl1,"Southwest Pass, LA",28.906,-89.429,fixed,NDBC,NDBC Meteorological/Ocean,y,n,n,223,228,txt cwind
gbcm6,"Bayou Cumbest, Grand Bay Reserve, MS",30.384,-88.436,fixed,National Estuarine Research Reserve System,NERRS,n,n,n,147,228,ocean
gbhm6,"Bayou Heron, Grand Bay Reserve, MS",30.418,-88.405,fixed,National Estuarine Research Reserve System,NERRS,n,n,y,143,229,ocean
sgof1,"Tyndall AFB Tower C (N4), FL",29.408,-84.858,fixed,NDBC,NDBC Meteorological/Ocean,n,n,n,188,232,
mhpa1,"Meaher Park, AL",30.667,-87.936,fixed,Dauphin Island Sea Lab,IOOS Partners,n,n,n,96,233,txt
pnlm6,"8741533 - Pascagoula NOAA Lab, MS",30.368,-88.563,fixed,NOS,NOS/CO-OPS,y,n,n,159,233,txt
apcf1,"8728690 - Apalachicola, FL",29.724,-84.98,fixed,NOS,NOS/CO-OPS,y,n,n,173,235,txt
mcga1,"8736897 - Coast Guard Sector Mobile, AL",30.649,-88.058,fixed,NOAA NOS PORTS,NOS/CO-OPS,y,n,n,108,236,txt
ptoa1,"8737005 - Pinto Island, AL",30.671,-88.031,fixed,NOAA NOS PORTS,NOS/CO-OPS,y,n,n,105,237,txt
wdel1,Shell West Delta 143,28.662,-89.551,fixed,Shell Oil,IOOS Partners,n,n,n,230,239,
obla1,"8737048 - Mobile State Docks, AL",30.705,-88.04,fixed,NOS,NOS/CO-OPS,y,n,n,106,241,txt
kdlp,West Delta 27A (AngloSuisse Offshore Partners),29.121,-89.547,oilrig,Federal Aviation Administration,Marine METAR,n,n,n,241,243,
apxf1,"East Bay, Apalachicola Reserve, FL",29.769,-84.881,fixed,National Estuarine Research Reserve System,NERRS,y,n,n,183,246,txt
apqf1,"East Bay Bottom, Apalachicola Reserve, FL",29.786,-84.875,fixed,National Estuarine Research Reserve System,NERRS,n,n,y,184,247,ocean
42084,"Southwest Pass Entrance W, LA (256)",28.988,-89.649,buoy,SCRIPPS,IOOS Partners,y,y,n,246,250,txt spec
42036,"WEST TAMPA  - 112 NM WNW of Tampa, FL",28.5,-84.505,buoy,NDBC,NDBC Meteorological/Ocean,y,n,n,250,254,txt spec
42066,USM-R2,30.216,-89.183,buoy,USM,IOOS Partners,n,n,n,220,263,
kmdj,Mississippi Canyon 311A (Apache Corp),28.643,-89.794,oilrig,Federal Aviation Administration,Marine METAR,n,n,n,253,263,
shbl1,"8761305 - Shell Beach, LA",29.868,-89.673,fixed,NOS,NOS/CO-OPS,y,n,n,270,281,txt
wycm6,"8747437 - Bay Waveland Yacht Club, MS",30.326,-89.326,fixed,NOS,NOS/CO-OPS,y,n,n,232,281,txt
grbl1,"Grand Isle Blocks, LA / CSI09",29.101,-89.978,fixed,LSU CSI,IOOS Partners,n,n,n,281,284,
gisl1,"8761724 - Grand Isle, LA",29.265,-89.958,fixed,NOS,NOS/CO-OPS,y,n,n,283,285,txt
lopl1,"Louisiana Offshore Oil Port, LA",28.885,-90.025,oilrig,Louisiana Offshore Oil Port,IOOS Partners,n,n,n,279,286,
ptfl1,"8762075 - Port Fourchon, LA",29.114,-90.199,fixed,NOS,NOS/CO-OPS,y,n,n,302,305,txt
kxpy,Port Fourchon Heliport (Era Helicopters),29.123,-90.202,fixed,Federal Aviation Administration,Marine METAR,n,n,n,302,306,
42099,"Offshore St. Petersburg, FL (144)",27.352,-84.275,buoy,SCRIPPS,IOOS Partners,y,n,n,302,315,txt spec
carl1,"8761955 - Carrollton, LA ",29.933,-90.135,fixed,NOS,NOS/CO-OPS,n,n,n,313,325,txt
nwcl1,"8761927 - New Canal Station, LA",30.027,-90.113,fixed,NOS,NOS/CO-OPS,y,n,n,310,327,txt
spll1,"South Timbalier Block 52, LA / CSI06",28.867,-90.483,fixed,LSU CSI,IOOS Partners,n,n,n,323,330,txt
katp,Green Canyon 787 / Atlantis (BP),27.195,-90.027,oilrig,Federal Aviation Administration,Marine METAR,y,n,n,218,333,txt
42003,"East GULF - 208 NM West of Naples, FL",25.925,-85.616,buoy,NDBC,NDBC Meteorological/Ocean,n,n,n,229,342,
bygl1,"8762482 - West Bank 1, Bayou Gauche, LA",29.789,-90.42,fixed,NOS,NOS/CO-OPS,y,n,n,342,344,txt
trbl1,"Terrebonne Bay, LA",29.187,-90.608,fixed,LUMCON,IOOS Partners,n,n,n,342,346,
kgry,Green Canyon 338 / Front Runner (Murphy E&amp;P),27.625,-90.441,oilrig,Federal Aviation Administration,Marine METAR,n,n,n,278,349,txt
luml1,"LUMCON Marine Center, LA",29.255,-90.664,fixed,LUMCON,IOOS Partners,n,n,n,349,352,
42022,"C12 - WFS Central Buoy, 50m Isobath",27.505,-83.741,buoy,COMPS (University of South Florida),IOOS Partners,y,y,y,345,355,txt ocean
ktnf1,"Keaton Beach, FL",29.819,-83.593,fixed,NDBC,NDBC Meteorological/Ocean,y,n,n,306,362,txt
ksqe,Ship Shoal 354 (Fieldwood Energy),28.083,-90.819,oilrig,Federal Aviation Administration,Marine METAR,n,n,n,336,370,
42409,"GULF OF AMERICA - 247 NM South of New Orleans, LA",25.797,-89.288,dart,NDBC,Tsunami,n,n,n,78,389,
42001,"MID GULF - 180 nm South of Southwest Pass, LA",25.922,-89.638,buoy,NDBC,NDBC Meteorological/Ocean,y,n,n,116,398,txt spec
cdrf1,"Cedar Key, FL",29.136,-83.029,fixed,NDBC,NDBC Meteorological/Ocean,y,n,n,365,399,txt
ckyf1,"8727520 - Cedar Key, FL",29.134,-83.031,fixed,NOS,NOS/CO-OPS,y,n,n,364,399,txt
kspr,Ship Shoal 178 (Apache Corp),28.599,-91.206,oilrig,Federal Aviation Administration,Marine METAR,y,n,n,389,401,txt
tesl1,"8764044 - Tesoro Marine Terminal, Berwick, Atchafalaya River, LA",29.668,-91.237,fixed,NOS,NOS/CO-OPS,y,n,n,415,416,txt
amrl1,"8764227 - LAWMA, Amerada Pass, LA",29.45,-91.338,fixed,NOS,NOS/CO-OPS,y,n,n,418,420,txt
einl1,"8764314 - North of Eugene Island, LA",29.373,-91.384,fixed,NOAA NOS PORTS,NOS/CO-OPS,y,n,n,420,423,txt
cwbf1,"8726724 - Clearwater Beach, FL",27.978,-82.832,fixed,NOS,NOS/CO-OPS,y,n,n,420,425,txt
42098,"Egmont Channel Entrance, FL (214)",27.59,-82.931,buoy,Greater Tampa Bay Marine Advisory Council-PORTS,IOOS Partners,y,y,n,419,427,txt spec
keir,Eugene Island 215 (McMoRan Oil &amp; Gas),28.634,-91.489,oilrig,Federal Aviation Administration,Marine METAR,n,n,n,417,428,
arpf1,"APK - Aripeka, FL",28.433,-82.667,fixed,COMPS (University of South Florida),IOOS Partners,n,n,n,418,434,txt
42013,"C10 - WFS Central Buoy, 25m Isobath",27.173,-82.924,buoy,COMPS (University of South Florida),IOOS Partners,y,y,y,433,444,txt ocean
sapf1,"8726520 - St. Petersburg, Tampa Bay, FL",27.761,-82.627,fixed,NOS,NOS/CO-OPS,y,n,n,444,450,txt
optf1,"8726607 - Old Port Tampa, FL",27.858,-82.553,fixed,NOAA NOS PORTS,NOS/CO-OPS,y,n,n,449,455,txt
mtbf1,"8726412 - Middle Tampa Bay, FL",27.661,-82.594,fixed,NOAA NOS PORTS,NOS/CO-OPS,y,n,n,449,456,txt
pmaf1,"8726384 - Port Manatee, FL",27.638,-82.562,fixed,NOAA NOS PORTS,NOS/CO-OPS,y,n,n,452,460,txt
cdcf1,8726504 - Cut D Channel Inbound Rear Range,27.754,-82.514,fixed,NOAA NOS PORTS,NOS/CO-OPS,n,n,n,455,461,
skcf1,"8726671 - Sparkman Channel Entrance, FL",27.921,-82.445,fixed,NOAA NOS PORTS,NOS/CO-OPS,y,n,n,458,464,txt
tpaf1,"8726694 - TPA Cruise Terminal 2, Tampa, FL",27.933,-82.433,fixed,NOAA NOS PORTS,NOS/CO-OPS,y,n,n,459,465,txt
tshf1,"8726679  - East Bay Causeway, FL",27.929,-82.426,fixed,NOAA NOS PORTS,NOS/CO-OPS,n,n,n,460,465,
ebef1,"8726674 - East Bay, FL",27.923,-82.421,fixed,NOAA NOS PORTS,NOS/CO-OPS,y,n,n,460,466,txt
kscf,South Marsh 268A (Apache Corp),29.116,-91.871,oilrig,Federal Aviation Administration,Marine METAR,n,n,n,460,467,
42097,"Pulley Ridge, FL (226)",25.704,-83.654,buoy,U.S. Army Corps of Engineers,IOOS Partners,n,n,n,413,477,
kghb,Garden Banks 172 / Salsa (Shell E &amp; P),27.84,-91.988,oilrig,Federal Aviation Administration,Marine METAR,y,n,n,422,488,txt
mrsl1,"Marsh Island, LA / CSI03",29.441,-92.061,fixed,LSU CSI,IOOS Partners,n,n,n,486,489,
venf1,"Venice, FL",27.072,-82.453,fixed,NDBC,NDBC Meteorological/Ocean,y,n,n,480,491,txt
42023,"C13 - WFS South Buoy, 50m Isobath",26.01,-83.086,buoy,COMPS (University of South Florida),IOOS Partners,y,y,y,456,497,txt ocean
42055,"BAY OF CAMPECHE - 214 NM NE of Veracruz, MX",22.14,-94.112,buoy,NDBC,NDBC Meteorological/Ocean,y,n,n,3,1013,txt spec
lmbv4,"La Mancha Beach, Mexico",19.594,-96.379,fixed,EPA &amp; Mexican Government Cooperative Program,International Partners,n,n,n,259,1381,
verv4,"Veracruz Harbor, MX",19.204,-96.113,fixed,EPA &amp; Mexican Government Cooperative Program,International Partners,n,n,n,289,1397,
sacv4,"Sacrifice Island, Mexico",19.174,-96.093,fixed,EPA &amp; Mexican Government Cooperative Program,International Partners,n,n,n,292,1398,
owmo1,"Western Reserve, Old Woman Creek Reserve, OH",41.247,-82.454,fixed,National Estuarine Research Reserve System,NERRS,y,n,n,270,1457,txt
owdo1,"Darrow Road, Old Woman Creek Reserve, OH",41.365,-82.505,fixed,National Estuarine Research Reserve System,NERRS,n,n,y,284,1469,ocean
owwo1,"Railroad, Old Woman Creek Reserve, OH",41.373,-82.513,fixed,National Estuarine Research Reserve System,NERRS,n,n,n,285,1469,ocean
owqo1,"Lower Estuary, Old Woman Creek Reserve, OH",41.382,-82.514,fixed,National Estuarine Research Reserve System,NERRS,n,n,y,286,1470,ocean
owso1,"State Road 6, Old Woman Creek Reserve, OH",41.383,-82.514,fixed,National Estuarine Research Reserve System,NERRS,n,n,y,286,1470,ocean
owxo1,"Old Woman Creek, Old Woman Creek Reserve, OH",41.378,-82.508,fixed,National Estuarine Research Reserve System,NERRS,y,n,n,285,1470,txt
45203,Huron Buoy,41.393,-82.512,buoy,Cleveland Water Alliance,IOOS Partners,y,n,n,287,1471,txt spec
hhlo1,"Huron Harbor Light, OH",41.401,-82.545,fixed,"NWS WFO Cleveland, OH (CLE)",IOOS Partners,y,n,n,289,1471,txt
vrmo1,"Vermilion River at Lake Erie, OH",41.428,-82.364,other,"NWS WFO Cleveland, OH (CLE)",IOOS Partners,y,n,n,285,1479,txt
loro1,"Lorain Harbor, OH",41.481,-82.195,fixed,"NWS WFO Cleveland, OH (CLE)",IOOS Partners,n,n,n,284,1489,
45204,Sheffield Buoy,41.508,-82.115,buoy,Cleveland Water Alliance,IOOS Partners,y,n,n,285,1494,txt spec
45196,"Rocky River, OH",41.521,-81.88,buoy,Limno Tech,IOOS Partners,y,n,y,280,1502,txt spec ocean
45205,Edgewater Beach Buoy,41.501,-81.748,buoy,Cleveland Water Alliance,IOOS Partners,y,n,n,274,1504,txt spec
45176,"Cleveland Intake Crib Buoy, OH",41.55,-81.765,buoy,Limno Tech,IOOS Partners,y,n,y,280,1508,txt spec ocean
cndo1,"9063063 - Cleveland, OH",41.542,-81.637,fixed,NOS,NOS/CO-OPS,y,n,n,277,1511,txt
45206,Euclid Beach Buoy,41.585,-81.583,buoy,Cleveland Water Alliance,IOOS Partners,y,n,n,281,1517,txt spec
45197,"Euclid, OH",41.619,-81.617,buoy,Limno Tech,IOOS Partners,y,n,y,285,1520,txt spec ocean
45207,Mentor Harbor Buoy,41.731,-81.367,buoy,Cleveland Water Alliance,IOOS Partners,y,n,n,294,1539,txt spec
faio1,"9063053 - Fairport, OH",41.764,-81.281,fixed,NOS,NOS/CO-OPS,y,n,n,297,1545,txt
