storm,year,wind,w1,delta
UNNAMED,1855,70,110,40
UNNAMED,1855,80,110,30
UNNAMED,1856,70,110,40
UNNAMED,1856,80,120,40
UNNAMED,1856,90,130,40
UNNAMED,1856,100,130,30
UNNAMED,1858,50,90,40
UNNAMED,1858,50,90,40
UNNAMED,1859,50,80,30
UNNAMED,1870,70,100,30
UNNAMED,1870,70,100,30
UNNAMED,1870,40,70,30
UNNAMED,1872,40,70,30
UNNAMED,1874,30,60,30
UNNAMED,1878,40,70,30
UNNAMED,1878,40,80,40
UNNAMED,1878,50,90,40
UNNAMED,1878,40,70,30
UNNAMED,1879,50,80,30
UNNAMED,1879,50,80,30
UNNAMED,1880,70,100,30
UNNAMED,1880,80,110,30
UNNAMED,1880,80,120,40
UNNAMED,1880,90,130,40
UNNAMED,1880,40,70,30
UNNAMED,1882,70,100,30
UNNAMED,1882,70,110,40
UNNAMED,1882,80,120,40
UNNAMED,1885,40,70,30
UNNAMED,1885,30,60,30
UNNAMED,1886,35,65,30
UNNAMED,1886,40,75,35
UNNAMED,1886,45,85,40
UNNAMED,1886,45,80,35
UNNAMED,1886,75,110,35
UNNAMED,1886,80,120,40
UNNAMED,1886,90,130,40
UNNAMED,1886,100,130,30
UNNAMED,1888,35,70,35
UNNAMED,1888,55,85,30
UNNAMED,1888,35,65,30
UNNAMED,1888,45,75,30
UNNAMED,1888,50,80,30
UNNAMED,1889,35,65,30
UNNAMED,1889,55,85,30
UNNAMED,1889,60,95,35
UNNAMED,1891,35,75,40
UNNAMED,1891,45,80,35
UNNAMED,1893,35,75,40
UNNAMED,1893,45,85,40
UNNAMED,1893,55,85,30
UNNAMED,1893,85,115,30
UNNAMED,1893,85,115,30
UNNAMED,1894,60,90,30
UNNAMED,1896,45,75,30
UNNAMED,1896,45,85,40
UNNAMED,1896,55,85,30
UNNAMED,1898,35,70,35
UNNAMED,1899,35,65,30
UNNAMED,1899,35,75,40
UNNAMED,1899,45,85,40
UNNAMED,1899,55,85,30
UNNAMED,1900,35,65,30
UNNAMED,1900,45,75,30
UNNAMED,1900,55,85,30
UNNAMED,1900,60,95,35
UNNAMED,1900,65,105,40
UNNAMED,1900,75,115,40
UNNAMED,1900,85,125,40
UNNAMED,1900,95,125,30
UNNAMED,1902,30,60,30
UNNAMED,1902,35,65,30
UNNAMED,1902,45,75,30
UNNAMED,1902,55,85,30
UNNAMED,1902,60,90,30
UNNAMED,1903,50,80,30
UNNAMED,1906,50,80,30
UNNAMED,1906,50,90,40
UNNAMED,1906,60,100,40
UNNAMED,1906,70,105,35
UNNAMED,1909,50,85,35
UNNAMED,1909,55,85,30
UNNAMED,1909,70,100,30
UNNAMED,1910,90,120,30
UNNAMED,1910,90,130,40
UNNAMED,1910,100,130,30
UNNAMED,1915,55,85,30
UNNAMED,1916,40,70,30
UNNAMED,1916,40,80,40
UNNAMED,1916,50,85,35
UNNAMED,1916,60,90,30
UNNAMED,1917,100,130,30
UNNAMED,1918,55,90,35
UNNAMED,1918,60,100,40
UNNAMED,1918,70,105,35
UNNAMED,1920,35,70,35
UNNAMED,1920,45,75,30
UNNAMED,1920,55,85,30
UNNAMED,1921,30,60,30
UNNAMED,1921,35,70,35
UNNAMED,1921,90,120,30
UNNAMED,1924,40,80,40
UNNAMED,1924,50,80,30
UNNAMED,1924,90,120,30
UNNAMED,1924,95,130,35
UNNAMED,1924,100,145,45
UNNAMED,1924,110,145,35
UNNAMED,1929,35,65,30
UNNAMED,1929,35,70,35
UNNAMED,1929,45,75,30
UNNAMED,1931,45,85,40
UNNAMED,1932,45,90,45
UNNAMED,1932,50,110,60
UNNAMED,1932,55,125,70
UNNAMED,1932,65,100,35
UNNAMED,1933,40,75,35
UNNAMED,1933,55,85,30
UNNAMED,1933,60,95,35
UNNAMED,1933,50,80,30
UNNAMED,1933,55,90,35
UNNAMED,1933,60,95,35
UNNAMED,1934,40,70,30
UNNAMED,1936,30,60,30
UNNAMED,1936,30,70,40
UNNAMED,1936,40,70,30
UNNAMED,1938,75,105,30
UNNAMED,1942,60,90,30
UNNAMED,1942,70,100,30
UNNAMED,1943,35,70,35
UNNAMED,1943,45,80,35
UNNAMED,1943,50,90,40
UNNAMED,1943,60,90,30
UNNAMED,1943,40,75,35
UNNAMED,1943,45,80,35
UNNAMED,1943,55,85,30
UNNAMED,1944,40,70,30
UNNAMED,1944,95,125,30
UNNAMED,1945,50,85,35
UNNAMED,1945,50,80,30
UNNAMED,1945,50,80,30
UNNAMED,1945,55,85,30
UNNAMED,1945,60,90,30
UNNAMED,1946,35,75,40
UNNAMED,1946,45,80,35
UNNAMED,1947,40,70,30
UNNAMED,1947,45,80,35
UNNAMED,1947,50,90,40
UNNAMED,1947,60,90,30
UNNAMED,1948,60,105,45
UNNAMED,1948,70,110,40
UNNAMED,1948,80,110,30
UNNAMED,1948,35,90,55
UNNAMED,1948,45,110,65
UNNAMED,1948,55,105,50
UNNAMED,1949,55,85,30
UNNAMED,1949,60,95,35
UNNAMED,1949,65,95,30
BAKER,1950,55,85,30
ITEM,1950,45,75,30
ITEM,1950,50,80,30
ITEM,1950,55,85,30
CHARLIE,1951,80,115,35
CHARLIE,1951,65,100,35
HOW,1951,45,75,30
HOW,1951,50,80,30
FLORENCE,1953,50,80,30
FLORENCE,1953,50,90,40
FLORENCE,1953,55,100,45
FLORENCE,1953,65,95,30
HAZEL,1953,45,75,30
ALICE,1954,50,95,45
GLADYS,1955,30,65,35
GLADYS,1955,35,65,30
HILDA,1955,60,105,45
HILDA,1955,65,105,40
HILDA,1955,75,105,30
HILDA,1955,55,85,30
ANNA,1956,30,75,45
FLOSSY,1956,40,70,30
AUDREY,1957,35,65,30
AUDREY,1957,40,75,35
AUDREY,1957,45,80,35
AUDREY,1957,80,110,30
UNNAMED,1959,40,75,35
DEBRA,1959,30,65,35
DEBRA,1959,30,65,35
DEBRA,1959,35,70,35
JUDITH,1959,25,55,30
JUDITH,1959,25,55,30
JUDITH,1959,45,75,30
ETHEL,1960,30,60,30
ETHEL,1960,35,80,45
ETHEL,1960,40,100,60
ETHEL,1960,45,100,55
HILDA,1964,30,60,30
HILDA,1964,35,70,35
HILDA,1964,35,70,35
HILDA,1964,45,80,35
HILDA,1964,55,85,30
HILDA,1964,60,105,45
HILDA,1964,70,110,40
HILDA,1964,80,120,40
HILDA,1964,85,120,35
ISBELL,1964,30,60,30
ISBELL,1964,35,70,35
ISBELL,1964,45,85,40
ISBELL,1964,60,90,30
ISBELL,1964,70,100,30
INEZ,1966,85,115,30
BEULAH,1967,80,110,30
BEULAH,1967,85,125,40
BEULAH,1967,90,135,45
BEULAH,1967,95,140,45
FERN,1967,30,65,35
CAMILLE,1969,35,65,30
CAMILLE,1969,45,90,45
CAMILLE,1969,50,95,45
CAMILLE,1969,55,90,35
CAMILLE,1969,65,105,40
CAMILLE,1969,90,130,40
CAMILLE,1969,95,150,55
CAMILLE,1969,95,150,55
CAMILLE,1969,90,150,60
CAMILLE,1969,105,145,40
LAURIE,1969,40,80,40
LAURIE,1969,45,80,35
CELIA,1970,25,60,35
CELIA,1970,30,65,35
CELIA,1970,35,80,45
CELIA,1970,45,80,35
CELIA,1970,75,110,35
ELLA,1970,35,65,30
ELLA,1970,40,70,30
ELLA,1970,35,70,35
ELLA,1970,65,100,35
FERN,1971,45,80,35
FERN,1971,50,80,30
EDITH,1971,45,80,35
EDITH,1971,50,85,35
BRENDA,1973,45,80,35
CARMEN,1974,65,95,30
CARMEN,1974,65,100,35
CARMEN,1974,70,105,35
CARMEN,1974,80,110,30
CARMEN,1974,100,130,30
CAROLINE,1975,30,65,35
CAROLINE,1975,35,65,30
CAROLINE,1975,65,100,35
CAROLINE,1975,65,100,35
ELOISE,1975,55,85,30
ELOISE,1975,60,95,35
ELOISE,1975,65,105,40
ELOISE,1975,75,110,35
ANITA,1977,20,50,30
ANITA,1977,25,65,40
ANITA,1977,30,70,40
ANITA,1977,40,75,35
ANITA,1977,80,110,30
ANITA,1977,80,140,60
ANITA,1977,85,150,65
ANITA,1977,90,120,30
BOB,1979,20,50,30
BOB,1979,25,55,30
BOB,1979,30,65,35
BOB,1979,35,65,30
FREDERIC,1979,80,110,30
FREDERIC,1979,85,115,30
HENRI,1979,30,65,35
HENRI,1979,35,75,40
ALLEN,1980,125,165,40
JEANNE,1980,55,85,30
ALBERTO,1982,20,50,30
ALBERTO,1982,25,75,50
ALBERTO,1982,30,65,35
ALICIA,1983,60,90,30
ALICIA,1983,65,95,30
ALICIA,1983,70,100,30
BARRY,1983,30,60,30
BARRY,1983,30,60,30
BARRY,1983,35,65,30
DANNY,1985,30,60,30
DANNY,1985,35,70,35
DANNY,1985,45,75,30
DANNY,1985,50,80,30
DEBBY,1988,30,65,35
DEBBY,1988,30,65,35
GILBERT,1988,85,115,30
CHANTAL,1989,20,50,30
CHANTAL,1989,25,55,30
CHANTAL,1989,30,65,35
CHANTAL,1989,35,70,35
DIANA,1990,45,75,30
DIANA,1990,50,85,35
GERT,1993,35,65,30
GERT,1993,40,80,40
GERT,1993,45,85,40
ALLISON,1995,30,60,30
ALLISON,1995,35,65,30
ERIN,1995,50,80,30
OPAL,1995,70,100,30
OPAL,1995,75,110,35
OPAL,1995,80,130,50
ROXANNE,1995,50,95,45
ROXANNE,1995,60,100,40
DANNY,1997,30,65,35
DANNY,1997,40,70,30
EARL,1998,50,85,35
EARL,1998,50,80,30
BRET,1999,45,75,30
BRET,1999,50,80,30
BRET,1999,55,90,35
BRET,1999,65,120,55
BRET,1999,75,125,50
BRET,1999,80,125,45
BRET,1999,90,120,30
GORDON,2000,25,55,30
GORDON,2000,30,60,30
KEITH,2000,25,60,35
KEITH,2000,30,65,35
KEITH,2000,35,75,40
KEITH,2000,40,80,40
ISIDORE,2002,50,90,40
ISIDORE,2002,75,110,35
ISIDORE,2002,75,110,35
ISIDORE,2002,75,110,35
LILI,2002,90,120,30
LILI,2002,90,125,35
CHARLEY,2004,90,125,35
CINDY,2005,30,60,30
CINDY,2005,30,65,35
DENNIS,2005,75,125,50
DENNIS,2005,80,120,40
EMILY,2005,75,110,35
EMILY,2005,80,110,30
EMILY,2005,80,110,30
KATRINA,2005,65,95,30
KATRINA,2005,95,125,30
KATRINA,2005,100,145,45
KATRINA,2005,100,150,50
KATRINA,2005,100,140,40
RITA,2005,70,120,50
RITA,2005,85,145,60
RITA,2005,95,150,55
RITA,2005,110,155,45
STAN,2005,35,65,30
STAN,2005,40,70,30
HUMBERTO,2007,25,80,55
HUMBERTO,2007,35,65,30
LORENZO,2007,30,60,30
LORENZO,2007,30,70,40
LORENZO,2007,30,65,35
DOLLY,2008,55,85,30
GUSTAV,2008,75,120,45
PALOMA,2008,75,125,50
PALOMA,2008,80,125,45
KARL,2010,40,85,45
KARL,2010,45,95,50
KARL,2010,55,110,55
FRANKLIN,2017,35,65,30
FRANKLIN,2017,40,75,35
HARVEY,2017,30,60,30
HARVEY,2017,35,70,35
HARVEY,2017,40,80,40
HARVEY,2017,50,90,40
HARVEY,2017,60,95,35
HARVEY,2017,70,105,35
HARVEY,2017,80,115,35
KATIA,2017,30,65,35
KATIA,2017,30,70,40
KATIA,2017,35,70,35
NATE,2017,45,80,35
MICHAEL,2018,30,60,30
MICHAEL,2018,35,65,30
MICHAEL,2018,45,75,30
MICHAEL,2018,50,85,35
MICHAEL,2018,85,120,35
MICHAEL,2018,90,125,35
MICHAEL,2018,100,135,35
HANNA,2020,50,80,30
LAURA,2020,60,90,30
LAURA,2020,65,100,35
LAURA,2020,70,120,50
LAURA,2020,75,130,55
LAURA,2020,90,130,40
ZETA,2020,55,95,40
ZETA,2020,55,85,30
GRACE,2021,45,85,40
GRACE,2021,55,105,50
GRACE,2021,60,100,40
IDA,2021,40,70,30
IDA,2021,70,115,45
IDA,2021,70,130,60
IDA,2021,80,125,45
IAN,2022,70,100,30
IAN,2022,100,140,40
IAN,2022,105,135,30
IDALIA,2023,60,90,30
IDALIA,2023,65,105,40
IDALIA,2023,70,100,30
DEBBY,2024,35,70,35
DEBBY,2024,40,70,30
FRANCINE,2024,55,85,30
HELENE,2024,70,105,35
HELENE,2024,70,120,50
MILTON,2024,35,70,35
MILTON,2024,35,75,40
MILTON,2024,45,90,45
MILTON,2024,55,120,65
MILTON,2024,70,150,80
MILTON,2024,75,145,70
MILTON,2024,90,125,35
