time_utc,WDIR,WSPD,GST,WVHT,DPD,APD,MWD,PRES,ATMP,WTMP,DEWP,VIS,PTDY,TIDE
2026-10-04T00:00Z,100,8.0,10.0,0.9,4,,60,1022.8,16.8,20.0,11.0,,-0.4,
2026-10-04T00:10Z,100,8.0,11.0,0.9,4,,62,1022.8,16.7,20.0,10.8,,,
2026-10-04T00:20Z,110,7.0,9.0,0.9,4,,54,1022.8,16.7,20.0,10.8,,,
2026-10-04T00:30Z,110,7.0,10.0,0.8,4,,57,1022.8,16.5,20.0,10.8,,,
2026-10-04T00:40Z,110,7.0,11.0,0.9,4,,59,1022.8,16.4,20.0,10.8,,,
2026-10-04T00:50Z,110,8.0,10.0,0.8,4,,55,1022.7,16.4,20.0,11.0,,,
2026-10-04T01:00Z,110,8.0,11.0,0.8,4,,61,1022.7,16.3,20.0,10.9,,+0.0,
2026-10-04T01:10Z,120,8.0,10.0,0.8,4,,53,1022.7,16.2,20.0,11.1,,,
2026-10-04T01:20Z,110,8.0,11.0,0.8,4,,57,1022.8,16.3,20.0,11.2,,,
2026-10-04T01:30Z,110,8.0,11.0,0.8,4,,55,1022.7,16.3,20.0,11.4,,,
2026-10-04T01:40Z,110,9.0,11.0,0.7,4,,56,1022.7,16.3,20.0,11.4,,,
2026-10-04T01:50Z,110,9.0,11.0,0.7,4,,52,1022.6,16.2,20.0,11.3,,,
2026-10-04T02:00Z,110,9.0,11.0,0.8,4,,59,1022.4,16.3,20.0,11.5,,-0.3,
2026-10-04T02:10Z,120,9.0,11.0,0.8,4,,56,1022.5,16.2,20.0,11.4,,,
2026-10-04T02:20Z,120,8.0,10.0,0.7,4,,53,1022.5,16.2,20.0,11.3,,,
2026-10-04T02:30Z,120,7.0,9.0,0.7,4,,58,1022.6,16.2,20.0,11.4,,,
2026-10-04T02:40Z,130,7.0,9.0,0.7,4,,58,1022.7,16.0,20.0,11.1,,,
2026-10-04T02:50Z,140,5.0,8.0,0.7,4,,54,1022.6,15.8,20.0,10.9,,,
2026-10-04T03:00Z,150,5.0,7.0,0.6,4,,58,1022.4,15.7,20.0,10.9,,-0.4,
2026-10-04T03:10Z,140,5.0,6.0,0.6,4,,52,1022.3,15.7,20.0,10.8,,,
2026-10-04T03:20Z,140,4.0,6.0,0.6,4,,63,1022.2,15.6,20.0,10.6,,,
2026-10-04T03:30Z,140,3.0,5.0,0.6,4,,54,1022.1,15.6,20.0,10.5,,,
2026-10-04T03:40Z,140,4.0,5.0,0.6,5,,53,1022.0,15.7,20.0,10.5,,,
2026-10-04T03:50Z,140,4.0,5.0,0.5,5,,52,1022.0,15.8,20.0,10.6,,,
2026-10-04T04:00Z,140,4.0,5.0,0.6,3,,53,1022.0,15.8,20.0,10.5,,-0.7,
2026-10-04T04:10Z,140,4.0,5.0,0.5,5,,50,1021.9,15.9,20.0,10.6,,,
2026-10-04T04:20Z,160,3.0,4.0,0.5,4,,59,1021.7,16.1,20.0,11.0,,,
2026-10-04T04:30Z,170,4.0,5.0,0.5,5,,54,1021.7,15.8,20.0,11.0,,,
2026-10-04T04:40Z,180,4.0,5.0,0.5,4,,57,1021.6,15.5,20.0,10.9,,,
2026-10-04T04:50Z,180,3.0,5.0,0.5,4,,56,1021.4,15.2,20.0,10.8,,,
2026-10-04T05:00Z,180,3.0,4.0,0.5,5,,55,1021.3,15.1,20.0,10.9,,-1.1,
2026-10-04T05:10Z,180,3.0,4.0,0.5,5,,56,1021.3,15.1,20.0,10.9,,,
2026-10-04T05:20Z,180,3.0,5.0,0.5,5,,60,1021.2,14.9,20.0,10.7,,,
2026-10-04T05:30Z,180,4.0,5.0,0.5,4,,52,1021.0,14.8,20.0,10.8,,,
2026-10-04T05:40Z,180,4.0,5.0,0.5,5,,50,1020.9,14.8,20.0,10.8,,,
2026-10-04T05:50Z,180,4.0,5.0,0.5,4,,58,1020.9,14.6,20.0,10.9,,,
2026-10-04T06:00Z,190,4.0,5.0,0.5,5,,55,1020.8,14.6,20.0,10.9,,-1.7,
2026-10-04T06:10Z,180,4.0,5.0,0.5,5,,55,1020.6,14.5,19.9,10.8,,,
2026-10-04T06:20Z,180,4.0,5.0,0.5,4,,54,1020.4,14.6,20.0,10.9,,,
2026-10-04T06:30Z,180,4.0,6.0,0.5,4,,57,1020.3,14.6,19.9,11.0,,,
2026-10-04T06:40Z,180,4.0,5.0,0.5,4,,54,1020.2,14.6,19.9,11.0,,,
2026-10-04T06:50Z,180,4.0,5.0,0.5,5,,56,1020.1,14.6,19.9,11.0,,,
2026-10-04T07:00Z,180,4.0,5.0,0.5,5,,54,1020.0,14.6,20.0,11.1,,-2.0,
2026-10-04T07:10Z,180,4.0,5.0,0.5,5,,53,1019.9,14.6,19.9,11.1,,,
2026-10-04T07:20Z,180,4.0,6.0,0.4,5,,56,1019.9,14.6,19.9,11.1,,,
2026-10-04T07:30Z,180,4.0,6.0,0.4,5,,54,1019.7,14.4,19.9,10.9,,,
2026-10-04T07:40Z,180,5.0,6.0,0.4,5,,56,1019.6,14.2,19.9,10.6,,,
2026-10-04T07:50Z,180,4.0,5.0,0.4,4,,64,1019.6,14.2,19.9,10.7,,,
2026-10-04T08:00Z,180,4.0,5.0,0.4,5,,52,1019.6,14.1,19.9,10.6,,-1.7,
2026-10-04T08:10Z,190,4.0,5.0,0.4,5,,59,1019.6,14.2,19.9,10.8,,,
2026-10-04T08:20Z,190,4.0,5.0,0.4,5,,56,1019.7,14.2,19.9,10.8,,,
2026-10-04T08:30Z,200,4.0,5.0,0.4,5,,50,1019.8,14.2,19.9,10.8,,,
2026-10-04T08:40Z,190,4.0,5.0,0.4,5,,57,1019.8,14.2,19.9,10.9,,,
2026-10-04T08:50Z,190,3.0,5.0,0.4,5,,55,1019.8,14.2,19.9,10.6,,,
2026-10-04T09:00Z,190,3.0,4.0,0.4,5,,55,1019.9,14.5,19.9,11.0,,-0.9,
2026-10-04T09:10Z,200,2.0,4.0,0.5,5,,55,1019.9,14.6,19.9,10.8,,,
2026-10-04T09:20Z,210,2.0,3.0,0.4,5,,54,1019.9,14.6,19.9,10.7,,,
2026-10-04T09:30Z,220,2.0,3.0,0.4,5,,57,1020.0,14.6,19.9,11.1,,,
2026-10-04T09:40Z,230,2.0,3.0,0.4,5,,54,1020.0,14.6,19.9,11.2,,,
2026-10-04T09:50Z,200,3.0,4.0,0.4,5,,54,1020.0,14.6,19.9,10.9,,,
2026-10-04T10:00Z,190,3.0,4.0,0.4,5,,56,1020.0,14.2,19.9,11.1,,-0.0,
2026-10-04T10:10Z,190,3.0,4.0,0.4,5,,52,1019.9,13.9,19.9,11.1,,,
2026-10-04T10:20Z,190,3.0,4.0,0.4,,,53,1020.0,13.5,,10.7,,,
2026-10-04T10:30Z,180,3.0,5.0,0.4,5,,54,1019.9,13.5,19.9,10.8,,,
2026-10-04T10:40Z,190,4.0,5.0,0.4,5,,58,1020.0,13.2,19.9,10.6,,,
2026-10-04T10:50Z,190,4.0,5.0,0.4,5,,56,1019.9,13.1,19.9,10.5,,,
2026-10-04T11:00Z,190,3.0,4.0,0.4,5,,50,1020.0,13.1,19.9,10.5,,+0.5,
2026-10-04T11:10Z,200,3.0,4.0,0.4,5,,54,1020.1,13.3,,10.6,,,
2026-10-04T11:20Z,200,3.0,5.0,0.4,5,,55,1019.9,13.5,19.9,10.7,,,
2026-10-04T11:30Z,190,3.0,4.0,0.3,5,,53,1020.0,13.6,19.9,10.8,,,
2026-10-04T11:40Z,200,4.0,5.0,0.4,5,,54,1020.0,13.5,19.9,10.6,,,
2026-10-04T11:50Z,190,4.0,5.0,0.4,5,,55,1020.0,13.7,,10.7,,,
2026-10-04T12:00Z,180,4.0,6.0,0.4,5,,52,1019.9,13.9,19.9,11.0,,+0.0,
2026-10-04T12:10Z,190,4.0,5.0,0.4,5,,58,1020.1,13.8,19.8,10.8,,,
2026-10-04T12:20Z,180,5.0,6.0,0.4,5,,53,1020.0,13.6,19.9,10.7,,,
2026-10-04T12:30Z,180,5.0,7.0,0.4,5,,53,1020.0,13.5,19.9,10.5,,,
2026-10-04T12:40Z,190,5.0,6.0,0.4,5,,56,1020.0,13.5,19.9,10.5,,,
2026-10-04T12:50Z,190,5.0,6.0,0.4,4,,51,1019.9,13.6,19.9,10.5,,,
2026-10-04T13:00Z,180,5.0,6.0,0.4,5,,56,1019.6,13.9,19.9,10.7,,-0.3,
2026-10-04T13:10Z,180,5.0,7.0,0.4,5,,61,1019.4,14.0,19.9,10.8,,,
2026-10-04T13:20Z,180,5.0,7.0,0.4,5,,55,1019.3,14.1,19.9,10.5,,,
2026-10-04T13:30Z,180,5.0,6.0,0.4,5,,55,1019.5,14.5,19.9,10.5,,,
2026-10-04T13:40Z,200,4.0,5.0,0.4,,,179,1019.8,14.9,19.9,10.7,,,
2026-10-04T13:50Z,210,3.0,4.0,0.4,5,,61,1019.8,15.3,19.9,10.9,,,
2026-10-04T14:00Z,230,3.0,4.0,0.4,5,,55,1019.9,16.2,19.9,11.0,,-0.0,
2026-10-04T14:10Z,240,3.0,5.0,0.3,5,,50,1020.0,17.1,19.9,11.2,,,
2026-10-04T14:20Z,250,4.0,5.0,0.3,5,,45,1019.9,17.1,19.9,11.1,,,
2026-10-04T14:30Z,250,3.0,5.0,0.3,5,,55,1019.8,17.2,19.9,11.2,,,
2026-10-04T14:40Z,240,4.0,5.0,0.3,4,,50,1019.7,17.1,19.9,11.2,,,
2026-10-04T14:50Z,240,5.0,6.0,0.3,5,,45,1019.7,17.0,19.9,11.0,,,
2026-10-04T15:00Z,240,5.0,6.0,0.3,5,,48,1019.7,17.1,19.9,11.1,,-0.3,
2026-10-04T15:10Z,250,4.0,6.0,0.3,5,,43,1019.7,17.1,19.9,11.1,,,
2026-10-04T15:20Z,260,4.0,6.0,0.3,5,,49,1019.5,17.4,19.9,11.3,,,
2026-10-04T15:30Z,270,5.0,6.0,0.3,5,,47,1019.6,17.5,19.9,11.3,,,
2026-10-04T15:40Z,270,5.0,6.0,0.3,5,,39,1019.6,17.6,20.0,11.2,,,
2026-10-04T15:50Z,270,5.0,7.0,0.3,,,248,1019.6,17.5,20.0,11.3,,,
2026-10-04T16:00Z,270,5.0,6.0,0.3,,,247,1019.5,17.5,20.0,11.4,,+0.0,
2026-10-04T16:10Z,280,4.0,6.0,0.3,2,,258,1019.5,17.5,20.0,11.4,,,
2026-10-04T16:20Z,280,4.0,6.0,0.3,2,,212,1019.6,17.5,20.0,11.6,,,
2026-10-04T16:30Z,290,4.0,6.0,0.3,2,,259,1019.5,17.6,20.0,11.7,,,
2026-10-04T16:40Z,280,4.0,6.0,0.3,2,,252,1019.4,17.6,20.0,11.8,,,
2026-10-04T16:50Z,290,4.0,6.0,0.3,2,,258,1019.4,17.8,20.0,11.7,,,
2026-10-04T17:00Z,290,5.0,6.0,0.3,2,,269,1019.3,17.9,20.1,11.4,,-0.6,
2026-10-04T17:10Z,290,5.0,6.0,0.4,2,,276,1019.3,18.0,20.1,11.7,,,
2026-10-04T17:20Z,290,5.0,6.0,0.4,2,,277,1019.2,18.0,20.1,11.8,,,
2026-10-04T17:30Z,300,5.0,7.0,0.4,3,,271,1019.1,18.0,20.1,11.8,,,
2026-10-04T17:50Z,290,5.0,6.0,0.4,3,,272,1018.8,18.3,20.1,12.0,,,
2026-10-04T18:00Z,290,5.0,6.0,0.4,3,,272,1018.7,18.4,20.1,12.0,,-1.0,
2026-10-04T18:10Z,280,5.0,6.0,0.4,3,,273,1018.7,18.6,20.1,11.5,,,
2026-10-04T18:20Z,290,4.0,5.0,0.4,3,,272,1018.4,18.7,20.2,11.8,,,
2026-10-04T18:30Z,290,4.0,6.0,0.4,3,,272,1018.2,18.8,20.2,11.9,,,
2026-10-04T18:40Z,290,4.0,5.0,0.4,3,,272,1017.9,18.9,20.2,12.1,,,
2026-10-04T18:50Z,300,3.0,5.0,0.4,3,,276,1017.7,19.0,20.2,12.2,,,
2026-10-04T19:00Z,300,5.0,7.0,0.4,3,,268,1017.7,19.0,20.2,12.3,,-1.9,
2026-10-04T19:10Z,300,5.0,7.0,0.4,3,,276,1017.5,18.9,20.2,12.0,,,
2026-10-04T19:20Z,310,5.0,6.0,0.4,3,,275,1017.4,19.1,20.2,12.1,,,
2026-10-04T19:30Z,310,5.0,6.0,0.4,3,,271,1017.2,19.1,20.2,12.2,,,
2026-10-04T19:40Z,310,4.0,5.0,0.4,3,,278,1017.2,19.2,20.2,12.2,,,
2026-10-04T19:50Z,300,4.0,5.0,0.4,3,,272,1017.1,19.4,20.2,12.2,,,
2026-10-04T20:00Z,310,3.0,4.0,0.4,3,,282,1017.1,19.5,20.2,12.4,,-2.2,
2026-10-04T20:10Z,300,3.0,4.0,0.3,3,,282,1017.1,19.5,20.2,12.5,,,
2026-10-04T20:20Z,310,3.0,4.0,0.4,3,,275,1017.0,19.6,20.3,12.4,,,
2026-10-04T20:30Z,300,3.0,4.0,0.4,3,,280,1017.0,19.6,20.2,12.3,,,
2026-10-04T20:40Z,310,3.0,4.0,0.3,3,,272,1017.1,19.7,20.3,12.8,,,
2026-10-04T20:50Z,310,3.0,4.0,0.3,3,,269,1017.1,19.7,20.3,12.9,,,
2026-10-04T21:00Z,300,3.0,3.0,0.3,3,,270,1017.2,19.8,20.3,13.2,,-1.6,
2026-10-04T21:10Z,300,2.0,3.0,0.3,3,,280,1017.1,20.0,20.3,13.4,,,
2026-10-04T21:20Z,300,2.0,3.0,0.3,3,,282,1017.1,20.1,20.3,13.6,,,
2026-10-04T21:30Z,300,2.0,3.0,0.3,3,,280,1017.1,20.1,20.3,13.5,,,
2026-10-04T21:40Z,310,2.0,3.0,0.3,3,,286,1017.0,20.3,20.3,13.6,,,
2026-10-04T21:50Z,300,2.0,2.0,0.3,3,,286,1016.9,20.5,20.3,13.6,,,
2026-10-04T22:00Z,270,1.0,1.0,0.3,3,,278,1016.9,21.1,20.3,13.7,,-0.8,
2026-10-04T22:10Z,,0.0,2.0,0.3,3,,282,1016.8,21.5,20.3,13.7,,,
2026-10-04T22:20Z,150,2.0,3.0,0.2,,,287,1016.8,20.7,20.3,14.2,,,
2026-10-04T22:30Z,150,1.0,2.0,0.2,,,272,1016.8,20.5,20.2,13.9,,,
2026-10-04T22:40Z,160,2.0,2.0,0.2,,,293,1017.0,20.2,20.2,13.9,,,
2026-10-04T22:50Z,160,1.0,2.0,0.2,,,277,1016.9,20.1,20.2,13.9,,,
2026-10-04T23:00Z,170,1.0,2.0,0.2,,,291,1017.0,20.0,20.2,14.1,,+0.0,
2026-10-04T23:10Z,170,2.0,2.0,0.2,,,283,1016.9,19.8,20.2,14.1,,,
2026-10-04T23:20Z,160,2.0,2.0,0.2,,,286,1016.9,19.7,20.2,14.2,,,
2026-10-04T23:40Z,180,3.0,4.0,0.2,,,288,1016.7,19.6,20.2,14.4,,,
2026-10-04T23:50Z,180,3.0,4.0,0.2,,,286,1016.7,19.8,20.2,14.2,,,
2026-10-05T00:00Z,180,3.0,4.0,0.2,,,238,1016.8,19.9,20.2,14.2,,-0.4,
2026-10-05T00:10Z,190,3.0,4.0,0.2,,,284,1016.8,19.9,20.2,14.5,,,
2026-10-05T00:20Z,190,3.0,4.0,0.2,,,290,1016.8,19.9,20.1,14.2,,,
2026-10-05T00:30Z,200,3.0,4.0,0.2,,,290,1016.8,20.0,20.1,14.3,,,
2026-10-05T00:40Z,210,3.0,4.0,0.2,,,298,1016.9,20.1,20.1,13.9,,,
2026-10-05T00:50Z,220,3.0,4.0,0.2,,,280,1016.9,20.1,20.1,13.3,,,
2026-10-05T01:00Z,240,4.0,5.0,0.2,,,278,1017.0,20.1,20.1,13.2,,-0.0,
2026-10-05T01:10Z,230,5.0,6.0,0.2,,,290,1017.1,20.1,20.1,13.0,,,
2026-10-05T01:20Z,230,5.0,6.0,0.2,,,276,1017.1,20.1,20.1,13.1,,,
2026-10-05T01:30Z,250,5.0,7.0,0.2,,,204,1017.2,20.1,20.1,13.3,,,
2026-10-05T01:40Z,250,6.0,9.0,0.3,,,209,1017.3,20.1,20.1,13.7,,,
2026-10-05T01:50Z,250,7.0,9.0,0.3,,,221,1017.3,20.1,20.1,13.8,,,
2026-10-05T02:00Z,250,7.0,9.0,0.3,2,,233,1017.3,20.1,20.1,14.2,,+0.4,
2026-10-05T02:10Z,250,7.0,9.0,0.3,,,226,1017.4,20.1,20.1,14.0,,,
2026-10-05T02:20Z,260,6.0,9.0,0.4,2,,229,1017.5,20.1,20.1,14.2,,,
2026-10-05T02:30Z,260,6.0,8.0,0.4,2,,252,1017.5,19.9,20.1,14.3,,,
2026-10-05T02:40Z,260,6.0,9.0,0.4,2,,248,1017.5,19.8,20.1,14.6,,,
2026-10-05T02:50Z,270,6.0,8.0,0.4,2,,246,1017.5,19.8,20.1,15.0,,,
2026-10-05T03:00Z,270,6.0,8.0,0.4,3,,254,1017.6,19.9,20.1,15.3,,+0.9,
2026-10-05T03:10Z,270,7.0,9.0,0.4,3,,260,1017.7,19.9,20.1,15.5,,,
2026-10-05T03:20Z,290,7.0,10.0,0.4,3,,251,1017.8,20.2,20.1,15.2,,,
2026-10-05T03:30Z,300,9.0,11.0,0.4,3,,253,1017.8,20.2,20.0,14.7,,,
2026-10-05T03:40Z,310,9.0,12.0,0.4,3,,262,1017.7,20.1,20.0,14.8,,,
2026-10-05T03:50Z,310,10.0,12.0,0.5,3,,272,1017.7,20.0,20.0,14.6,,,
2026-10-05T04:00Z,320,10.0,13.0,0.5,3,,276,1017.7,19.8,20.0,14.5,,+0.6,
2026-10-05T04:10Z,320,10.0,13.0,0.6,3,,286,1017.7,19.6,20.0,14.3,,,
2026-10-05T04:20Z,320,9.0,12.0,0.7,3,,290,1017.6,19.4,20.0,14.3,,,
2026-10-05T04:30Z,330,9.0,12.0,0.8,3,,295,1017.6,19.2,20.0,14.4,,,
2026-10-05T04:40Z,340,8.0,11.0,0.8,4,,292,1017.6,19.0,20.0,14.7,,,
2026-10-05T04:50Z,360,8.0,11.0,0.9,4,,297,1017.6,19.0,20.0,14.7,,,
2026-10-05T05:00Z,10,8.0,10.0,0.9,4,,303,1017.7,18.9,20.0,14.5,,+0.3,
2026-10-05T05:10Z,350,7.0,10.0,0.9,4,,302,1017.8,18.9,19.9,14.4,,,
2026-10-05T05:20Z,340,8.0,10.0,1.0,4,,297,1017.8,18.9,19.9,14.1,,,
2026-10-05T05:30Z,340,8.0,11.0,0.9,4,,294,1017.9,18.8,19.9,14.1,,,
2026-10-05T05:40Z,330,10.0,12.0,0.9,4,,300,1018.0,18.6,19.9,13.3,,,
2026-10-05T05:50Z,330,9.0,12.0,1.0,4,,291,1018.1,18.4,19.9,13.1,,,
2026-10-05T06:00Z,340,9.0,12.0,1.0,4,,291,1018.1,18.3,19.9,12.9,,+0.5,
2026-10-05T06:10Z,330,9.0,13.0,0.9,4,,290,1018.1,18.1,19.9,12.9,,,
2026-10-05T06:20Z,340,9.0,11.0,1.0,4,,304,1018.2,17.9,19.9,13.1,,,
2026-10-05T06:30Z,350,8.0,11.0,1.0,4,,296,1018.4,17.8,19.9,13.2,,,
2026-10-05T06:40Z,340,9.0,12.0,1.0,4,,300,1018.4,17.7,19.9,13.0,,,
2026-10-05T06:50Z,350,9.0,12.0,1.1,5,,303,1018.5,17.5,19.9,12.4,,,
2026-10-05T07:00Z,350,9.0,12.0,1.1,4,,298,1018.5,17.4,19.9,12.4,,+0.9,
2026-10-05T07:10Z,340,9.0,12.0,1.0,4,,298,1018.5,17.3,19.9,12.1,,,
2026-10-05T07:20Z,340,9.0,12.0,1.1,5,,294,1018.5,17.2,19.9,11.9,,,
2026-10-05T07:30Z,340,10.0,13.0,1.1,4,,298,1018.5,17.0,19.9,11.6,,,
2026-10-05T07:40Z,340,9.0,12.0,1.3,5,,294,1018.5,16.9,19.9,11.4,,,
2026-10-05T07:50Z,340,9.0,13.0,1.2,5,,298,1018.6,16.8,19.9,11.4,,,
2026-10-05T08:00Z,340,9.0,14.0,1.2,5,,298,1018.7,16.7,19.9,11.3,,+1.0,
2026-10-05T08:10Z,350,8.0,11.0,1.3,5,,300,1018.8,16.7,19.9,11.5,,,
2026-10-05T08:20Z,340,8.0,11.0,1.3,5,,315,1018.8,16.6,19.9,11.5,,,
2026-10-05T08:30Z,330,8.0,11.0,1.3,5,,314,1018.8,16.5,19.8,11.1,,,
2026-10-05T08:40Z,340,8.0,11.0,1.3,5,,320,1018.9,16.5,19.8,11.1,,,
2026-10-05T08:50Z,340,8.0,11.0,1.2,5,,321,1018.9,16.6,19.8,11.3,,,
2026-10-05T09:00Z,340,7.0,11.0,1.2,5,,320,1018.9,16.4,19.9,11.0,,+0.7,
2026-10-05T09:10Z,340,7.0,10.0,1.3,5,,321,1018.9,16.4,19.8,10.7,,,
2026-10-05T09:20Z,330,6.0,9.0,1.1,5,,316,1018.9,16.3,19.9,10.5,,,
2026-10-05T09:30Z,330,6.0,9.0,1.2,5,,326,1019.0,16.4,19.8,10.4,,,
2026-10-05T09:40Z,340,6.0,9.0,1.2,5,,321,1019.1,16.5,19.8,9.8,,,
2026-10-05T09:50Z,330,6.0,9.0,1.0,5,,322,1019.1,16.4,19.8,10.3,,,
2026-10-05T10:00Z,330,7.0,9.0,1.1,5,,318,1019.2,16.4,19.8,10.4,,+0.7,
2026-10-05T10:10Z,330,6.0,9.0,1.3,5,,326,1019.3,16.4,19.8,10.5,,,
2026-10-05T10:20Z,330,7.0,9.0,1.0,5,,326,1019.3,16.4,19.8,10.4,,,
2026-10-05T10:30Z,330,7.0,9.0,1.0,5,,326,1019.5,16.4,19.8,10.0,,,
2026-10-05T10:40Z,320,7.0,10.0,0.9,5,,324,1019.6,16.4,19.8,10.4,,,
2026-10-05T10:50Z,320,7.0,11.0,1.0,5,,316,1019.6,16.4,19.8,10.4,,,
2026-10-05T11:00Z,320,7.0,10.0,1.1,5,,327,1019.8,16.4,19.8,10.5,,+1.1,
2026-10-05T11:10Z,310,8.0,12.0,1.0,5,,323,1019.9,16.5,19.8,10.6,,,
2026-10-05T11:20Z,310,9.0,13.0,1.0,4,,322,1019.9,16.5,19.8,10.5,,,
2026-10-05T11:30Z,320,9.0,12.0,0.9,5,,332,1019.9,16.5,19.8,10.4,,,
2026-10-05T11:40Z,310,9.0,12.0,0.9,4,,327,1019.9,16.4,19.8,10.6,,,
2026-10-05T11:50Z,320,9.0,12.0,1.1,4,,324,1019.9,16.4,19.8,10.7,,,
2026-10-05T12:00Z,320,10.0,13.0,1.0,4,,317,1020.0,16.5,19.8,11.0,,+1.2,
2026-10-05T12:10Z,310,10.0,12.0,1.0,5,,329,1020.1,16.4,19.8,11.1,,,
2026-10-05T12:20Z,310,10.0,12.0,1.0,4,,312,1020.2,16.5,19.8,11.4,,,
2026-10-05T12:30Z,320,9.0,12.0,1.1,4,,328,1020.3,16.5,19.8,11.0,,,
2026-10-05T12:40Z,330,9.0,12.0,0.9,4,,317,1020.4,16.5,19.8,10.4,,,
2026-10-05T12:50Z,330,9.0,13.0,1.0,4,,322,1020.5,16.4,19.8,10.3,,,
2026-10-05T13:00Z,340,9.0,12.0,1.1,4,,318,1020.6,16.4,19.8,10.1,,+1.4,
2026-10-05T13:10Z,340,9.0,12.0,1.0,4,,336,1020.6,16.5,19.8,10.2,,,
2026-10-05T13:20Z,330,9.0,13.0,1.1,4,,322,1020.8,16.4,19.8,10.3,,,
2026-10-05T13:30Z,340,9.0,12.0,1.1,4,,318,1020.8,16.5,19.8,10.5,,,
2026-10-05T13:40Z,340,10.0,14.0,1.1,4,,316,1020.9,16.5,19.7,10.1,,,
2026-10-05T13:50Z,340,10.0,13.0,0.9,4,,318,1021.0,16.4,19.8,10.3,,,
2026-10-05T14:00Z,340,10.0,14.0,1.1,4,,320,1021.1,16.4,19.7,10.4,,+1.3,
2026-10-05T14:10Z,340,10.0,14.0,1.2,4,,316,1021.2,16.4,19.7,10.1,,,
2026-10-05T14:20Z,330,10.0,13.0,1.1,4,,318,1021.3,16.3,19.7,10.3,,,
2026-10-05T14:30Z,340,9.0,13.0,1.3,4,,309,1021.4,16.2,19.7,10.5,,,
2026-10-05T14:40Z,340,9.0,12.0,1.1,5,,305,1021.6,16.0,19.7,10.4,,,
2026-10-05T14:50Z,340,9.0,12.0,1.2,4,,312,1021.8,15.9,19.7,10.5,,,
2026-10-05T15:00Z,330,8.0,11.0,1.1,5,,314,1021.8,15.9,19.7,10.5,,+1.8,
2026-10-05T15:10Z,330,9.0,12.0,1.2,5,,304,1021.9,15.8,19.7,10.1,,,
2026-10-05T15:20Z,340,9.0,12.0,1.3,5,,297,1022.0,15.9,19.7,9.9,,,
2026-10-05T15:30Z,340,8.0,12.0,1.1,5,,318,1022.1,16.0,19.7,9.7,,,
2026-10-05T15:40Z,340,8.0,12.0,1.3,5,,311,1022.1,15.9,19.7,9.8,,,
2026-10-05T15:50Z,330,8.0,12.0,1.2,5,,315,1022.1,15.9,19.7,9.6,,,
2026-10-05T16:00Z,330,8.0,12.0,1.1,4,,305,1022.2,15.8,19.7,9.5,,+1.6,
2026-10-05T16:10Z,340,8.0,11.0,1.1,5,,312,1022.3,15.6,19.7,9.5,,,
2026-10-05T16:20Z,330,8.0,10.0,1.2,5,,306,1022.3,15.7,19.8,9.7,,,
2026-10-05T16:30Z,330,8.0,11.0,1.0,4,,306,1022.3,15.6,19.8,9.3,,,
2026-10-05T16:40Z,330,8.0,12.0,1.1,5,,301,1022.3,15.5,19.8,9.6,,,
2026-10-05T16:50Z,330,8.0,11.0,1.0,5,,308,1022.3,15.5,19.8,9.3,,,
2026-10-05T17:00Z,330,8.0,11.0,1.0,5,,310,1022.2,15.5,19.8,9.1,,+1.2,
2026-10-05T17:10Z,340,8.0,12.0,1.0,5,,307,1022.3,15.5,19.8,9.4,,,
2026-10-05T17:20Z,320,8.0,11.0,1.0,5,,308,1022.4,15.5,19.8,8.9,,,
2026-10-05T17:30Z,330,8.0,11.0,1.1,4,,305,1022.3,15.5,19.8,8.6,,,
2026-10-05T17:40Z,330,8.0,10.0,1.1,5,,309,1022.1,15.4,19.8,8.6,,,
2026-10-05T17:50Z,330,7.0,10.0,1.0,5,,311,1022.1,15.4,19.8,8.2,,,
2026-10-05T18:00Z,330,7.0,10.0,1.2,4,,309,1022.0,15.5,19.8,8.3,,+0.0,
2026-10-05T18:10Z,330,8.0,11.0,1.1,5,,306,1022.0,15.4,19.8,7.5,,,
2026-10-05T18:20Z,330,8.0,11.0,1.0,4,,308,1021.9,15.4,19.8,8.1,,,
2026-10-05T18:30Z,320,8.0,11.0,1.0,5,,311,1021.8,15.4,19.8,8.0,,,
2026-10-05T18:40Z,330,8.0,11.0,1.1,5,,317,1021.8,15.4,19.8,7.6,,,
2026-10-05T18:50Z,320,7.0,10.0,1.0,5,,325,1021.7,15.3,19.8,7.6,,,
2026-10-05T19:00Z,330,7.0,11.0,1.1,4,,312,1021.7,15.4,19.8,7.7,,-0.5,
2026-10-05T19:10Z,330,7.0,11.0,1.0,5,,321,1021.6,15.5,19.8,7.8,,,
2026-10-05T19:20Z,340,7.0,10.0,1.0,5,,322,1021.6,15.4,19.8,7.8,,,
2026-10-05T19:30Z,330,8.0,11.0,1.0,4,,321,1021.6,15.5,19.8,7.8,,,
2026-10-05T19:40Z,320,7.0,11.0,1.1,5,,325,1021.6,15.5,19.8,8.0,,,
2026-10-05T19:50Z,330,7.0,10.0,1.1,4,,316,1021.5,15.6,19.8,7.9,,,
2026-10-05T20:00Z,320,7.0,10.0,1.1,4,,306,1021.4,15.6,19.8,7.6,,-0.8,
2026-10-05T20:10Z,330,7.0,12.0,1.0,5,,324,1021.4,15.6,19.8,7.6,,,
2026-10-05T20:20Z,340,7.0,9.0,1.0,5,,325,1021.3,15.7,19.8,8.1,,,
2026-10-05T20:30Z,330,7.0,11.0,1.0,4,,326,1021.3,15.7,19.8,7.3,,,
2026-10-05T20:40Z,330,6.0,11.0,0.9,5,,324,1021.4,15.8,19.8,7.5,,,
2026-10-05T20:50Z,330,6.0,9.0,1.0,4,,325,1021.3,15.8,19.8,7.2,,,
2026-10-05T21:00Z,340,7.0,10.0,0.9,4,,320,1021.3,15.9,19.8,7.4,,-0.8,
2026-10-05T21:10Z,320,7.0,10.0,0.9,4,,328,1021.3,16.0,19.8,7.3,,,
2026-10-05T21:20Z,330,6.0,9.0,0.9,4,,322,1021.4,16.0,19.8,7.4,,,
2026-10-05T21:30Z,330,7.0,10.0,0.9,4,,321,1021.4,16.1,19.8,7.1,,,
2026-10-05T21:40Z,330,6.0,8.0,0.8,4,,324,1021.3,16.2,19.8,7.4,,,
2026-10-05T21:50Z,330,6.0,8.0,0.8,4,,332,1021.4,16.2,19.8,7.0,,,
2026-10-05T22:00Z,330,6.0,9.0,0.7,4,,334,1021.4,16.3,19.8,7.0,,-0.3,
2026-10-05T22:10Z,320,5.0,9.0,0.8,4,,322,1021.4,16.3,19.8,6.9,,,
2026-10-05T22:20Z,310,6.0,8.0,0.7,4,,316,1021.4,16.4,19.7,7.1,,,
2026-10-05T22:40Z,320,6.0,9.0,0.7,4,,320,1021.4,16.4,19.7,7.0,,,
2026-10-05T22:50Z,320,5.0,9.0,0.7,4,,323,1021.4,16.3,19.7,6.0,,,
2026-10-05T23:00Z,320,6.0,9.0,0.7,4,,329,1021.4,16.4,19.7,6.4,,+0.0,
2026-10-05T23:10Z,300,5.0,8.0,0.7,4,,330,1021.4,16.3,19.7,6.8,,,
2026-10-05T23:20Z,320,6.0,8.0,0.6,4,,318,1021.4,16.4,19.7,7.4,,,
2026-10-05T23:30Z,310,5.0,8.0,0.7,4,,329,1021.5,16.4,19.7,7.2,,,
2026-10-05T23:40Z,320,5.0,7.0,0.7,4,,326,1021.5,16.4,19.7,7.0,,,
2026-10-05T23:50Z,340,6.0,9.0,0.7,4,,330,1021.5,16.4,19.7,7.3,,,
2026-10-06T00:00Z,340,6.0,8.0,0.7,4,,325,1021.5,16.4,19.7,7.4,,+0.3,
2026-10-06T00:10Z,330,5.0,8.0,0.7,4,,329,1021.4,16.4,19.7,7.3,,,
2026-10-06T00:20Z,340,6.0,8.0,0.7,4,,330,1021.4,16.4,19.7,7.3,,,
2026-10-06T00:30Z,20,6.0,9.0,0.7,4,,334,1021.5,16.2,19.7,9.2,,,
2026-10-06T00:40Z,40,6.0,8.0,0.7,4,,334,1021.5,15.9,19.7,9.1,,,
2026-10-06T00:50Z,50,6.0,8.0,0.7,4,,340,1021.6,15.8,19.7,8.8,,,
2026-10-06T01:00Z,50,6.0,8.0,0.7,4,,330,1021.7,15.7,19.7,8.8,,+0.3,
2026-10-06T01:10Z,50,6.0,8.0,0.6,4,,336,1021.7,15.6,19.7,8.6,,,
2026-10-06T01:20Z,60,6.0,9.0,0.7,4,,340,1021.7,15.5,19.7,8.4,,,
2026-10-06T01:30Z,60,6.0,8.0,0.7,4,,342,1021.8,15.5,19.7,8.8,,,
2026-10-06T01:40Z,60,6.0,9.0,0.7,4,,340,1021.9,15.4,19.7,8.5,,,
2026-10-06T01:50Z,60,5.0,8.0,0.6,4,,348,1021.9,15.4,19.7,8.5,,,
2026-10-06T02:00Z,60,5.0,7.0,0.7,4,,346,1021.9,15.4,19.7,8.6,,+0.5,
2026-10-06T02:10Z,50,5.0,7.0,0.7,4,,346,1021.9,15.3,19.7,8.2,,,
2026-10-06T02:20Z,60,5.0,7.0,0.7,4,,350,1022.0,15.3,19.7,8.4,,,
2026-10-06T02:30Z,80,5.0,7.0,0.7,4,,343,1022.1,15.3,19.7,8.5,,,
2026-10-06T02:40Z,60,4.0,9.0,0.7,4,,340,1022.1,15.3,19.7,8.2,,,
2026-10-06T02:50Z,60,4.0,7.0,0.6,4,,353,1022.1,15.3,19.7,8.3,,,
2026-10-06T03:00Z,50,4.0,7.0,0.7,4,,353,1022.1,15.3,19.7,8.4,,+0.6,
2026-10-06T03:10Z,80,4.0,7.0,0.7,4,,9,1022.1,15.2,19.6,8.2,,,
2026-10-06T03:20Z,130,4.0,6.0,0.7,4,,29,1022.1,14.7,19.6,8.5,,,
2026-10-06T03:30Z,140,4.0,6.0,0.7,4,,33,1022.1,14.6,19.6,8.4,,,
2026-10-06T03:40Z,150,5.0,6.0,0.7,4,,7,1022.1,14.6,19.6,8.2,,,
2026-10-06T03:50Z,160,5.0,7.0,0.6,4,,16,1022.1,14.5,19.6,8.3,,,
2026-10-06T04:00Z,170,5.0,7.0,0.7,4,,24,1022.1,14.4,19.6,8.1,,+0.4,
2026-10-06T04:10Z,160,5.0,7.0,0.7,4,,27,1022.1,14.2,19.6,8.3,,,
2026-10-06T04:20Z,170,5.0,7.0,0.7,4,,32,1022.1,14.1,19.6,8.4,,,
2026-10-06T04:30Z,170,5.0,7.0,0.6,4,,28,1022.1,14.0,19.6,8.4,,,
2026-10-06T04:40Z,160,4.0,6.0,0.6,4,,7,1022.1,13.9,19.6,8.5,,,
2026-10-06T04:50Z,170,5.0,7.0,0.6,4,,30,1022.1,14.1,19.6,8.5,,,
2026-10-06T05:00Z,170,5.0,7.0,0.7,4,,27,1022.1,13.8,19.6,8.5,,+0.2,
2026-10-06T05:10Z,170,5.0,7.0,0.6,4,,25,1022.1,13.7,19.6,8.4,,,
2026-10-06T05:20Z,170,5.0,7.0,0.5,4,,31,1022.0,13.6,19.6,8.4,,,
2026-10-06T05:30Z,170,5.0,7.0,0.6,4,,26,1022.0,13.5,19.6,8.3,,,
2026-10-06T05:40Z,180,5.0,7.0,0.5,4,,27,1022.0,13.5,19.6,8.3,,,
2026-10-06T05:50Z,180,5.0,7.0,0.5,4,,25,1022.2,13.3,19.6,8.2,,,
2026-10-06T06:00Z,180,5.0,7.0,0.5,4,,22,1022.2,13.3,19.6,8.3,,+0.0,
2026-10-06T06:10Z,180,5.0,6.0,0.5,4,,25,1022.2,13.4,19.6,8.3,,,
2026-10-06T06:20Z,180,5.0,7.0,0.5,4,,22,1022.2,13.4,19.6,8.5,,,
2026-10-06T06:30Z,180,5.0,7.0,0.5,4,,25,1022.3,13.2,19.6,8.0,,,
2026-10-06T06:40Z,180,5.0,7.0,0.5,4,,31,1022.4,13.1,19.6,8.0,,,
2026-10-06T06:50Z,170,5.0,8.0,0.5,4,,19,1022.4,13.0,19.6,7.9,,,
2026-10-06T07:00Z,180,5.0,7.0,0.4,4,,18,1022.4,13.0,19.6,7.9,,+0.3,
2026-10-06T07:10Z,180,5.0,7.0,0.4,4,,32,1022.3,12.8,19.6,7.7,,,
2026-10-06T07:20Z,170,6.0,7.0,0.4,4,,30,1022.2,12.8,19.6,7.7,,,
2026-10-06T07:30Z,170,5.0,7.0,0.4,4,,24,1022.1,12.7,19.6,7.7,,,
2026-10-06T07:40Z,180,5.0,7.0,0.4,4,,27,1022.1,12.7,19.6,7.8,,,
2026-10-06T07:50Z,180,5.0,6.0,0.4,4,,48,1022.2,12.7,19.6,8.1,,,
2026-10-06T08:00Z,180,5.0,6.0,0.4,4,,23,1022.2,12.5,19.6,7.8,,+0.0,
2026-10-06T08:10Z,180,5.0,6.0,0.4,4,,40,1022.2,12.5,19.5,7.8,,,
2026-10-06T08:20Z,180,5.0,6.0,0.4,4,,24,1022.1,12.5,19.5,8.0,,,
2026-10-06T08:30Z,180,5.0,6.0,0.4,4,,18,1022.1,12.3,19.5,7.9,,,
2026-10-06T08:40Z,170,5.0,6.0,0.4,3,,166,1022.1,12.1,19.5,8.0,,,
2026-10-06T08:50Z,170,5.0,6.0,0.4,,,171,1022.0,11.8,19.5,8.0,,,
2026-10-06T09:00Z,170,5.0,6.0,0.4,,,34,1022.0,11.8,19.5,8.1,,+0.0,
2026-10-06T09:10Z,180,5.0,6.0,0.4,4,,30,1022.0,11.7,19.5,7.9,,,
2026-10-06T09:20Z,180,5.0,6.0,0.3,4,,160,1022.0,11.8,19.5,8.0,,,
2026-10-06T09:30Z,180,5.0,6.0,0.3,,,156,1022.0,11.5,19.5,7.9,,,
2026-10-06T09:40Z,180,5.0,6.0,0.3,,,154,1021.9,11.3,19.5,7.5,,,
2026-10-06T09:50Z,180,5.0,6.0,0.3,,,152,1021.9,11.3,19.5,7.7,,,
2026-10-06T10:00Z,180,5.0,7.0,0.3,,,160,1021.9,11.2,19.5,7.7,,-0.5,
2026-10-06T10:10Z,180,5.0,6.0,0.3,,,161,1021.9,11.1,19.5,7.7,,,
2026-10-06T10:20Z,180,5.0,7.0,0.3,,,162,1021.9,10.9,19.5,7.7,,,
2026-10-06T10:30Z,180,5.0,6.0,0.3,,,153,1022.0,11.0,19.5,7.6,,,
2026-10-06T10:40Z,180,5.0,6.0,0.3,2,,158,1022.1,11.2,19.5,7.8,,,
2026-10-06T10:50Z,180,5.0,7.0,0.3,,,156,1022.1,11.1,19.5,7.5,,,
2026-10-06T11:00Z,180,5.0,7.0,0.3,,,156,1022.0,11.1,19.5,7.7,,+0.0,
2026-10-06T11:10Z,180,5.0,7.0,0.3,,,163,1022.0,11.1,19.5,7.6,,,
2026-10-06T11:20Z,180,6.0,7.0,0.3,,,160,1022.0,10.8,19.5,7.3,,,
2026-10-06T11:30Z,170,6.0,7.0,0.3,,,152,1022.0,10.9,19.5,7.7,,,
2026-10-06T11:40Z,170,6.0,7.0,0.3,,,158,1022.1,11.0,19.5,7.7,,,
2026-10-06T11:50Z,180,6.0,7.0,0.3,2,,151,1022.2,11.0,19.5,7.5,,,
2026-10-06T12:00Z,180,6.0,7.0,0.3,2,,156,1022.3,11.1,19.5,7.5,,+0.3,
2026-10-06T12:10Z,180,5.0,7.0,0.3,2,,162,1022.4,11.1,19.5,7.6,,,
2026-10-06T12:20Z,180,5.0,7.0,0.3,,,157,1022.5,11.0,19.4,7.5,,,
2026-10-06T12:30Z,180,6.0,8.0,0.3,,,152,1022.6,11.3,19.5,7.3,,,
2026-10-06T12:40Z,190,6.0,8.0,0.3,,,152,1022.6,11.3,19.4,7.3,,,
2026-10-06T12:50Z,180,6.0,7.0,0.3,2,,149,1022.6,11.3,19.4,7.2,,,
2026-10-06T13:00Z,180,6.0,7.0,0.3,,,158,1022.6,11.6,19.4,7.2,,+0.7,
2026-10-06T13:10Z,180,6.0,8.0,0.3,,,161,1022.6,11.8,19.4,7.2,,,
2026-10-06T13:20Z,180,6.0,7.0,0.3,,,157,1022.7,12.0,19.4,7.5,,,
2026-10-06T13:30Z,180,6.0,7.0,0.3,2,,155,1022.7,12.2,19.4,7.1,,,
2026-10-06T13:40Z,180,5.0,7.0,0.3,,,160,1022.7,12.3,19.4,7.3,,,
2026-10-06T13:50Z,180,5.0,7.0,0.3,,,162,1022.7,12.5,19.4,7.3,,,
2026-10-06T14:00Z,180,6.0,7.0,0.3,,,148,1022.7,12.6,19.5,7.1,,+0.6,
2026-10-06T14:10Z,180,6.0,8.0,0.3,2,,149,1022.6,12.9,19.5,7.4,,,
2026-10-06T14:20Z,180,6.0,7.0,0.3,,,152,1022.5,13.0,19.5,7.3,,,
2026-10-06T14:30Z,170,5.0,7.0,0.3,2,,147,1022.5,13.2,19.5,7.5,,,
2026-10-06T14:40Z,170,5.0,7.0,0.3,2,,144,1022.2,13.4,19.5,7.7,,,
2026-10-06T14:50Z,160,5.0,7.0,0.3,2,,147,1022.1,13.6,19.5,7.7,,,
2026-10-06T15:00Z,170,4.0,6.0,0.3,2,,141,1022.2,13.8,19.5,7.7,,+0.0,
2026-10-06T15:10Z,190,4.0,8.0,0.3,2,,166,1022.1,14.3,19.5,8.0,,,
2026-10-06T15:20Z,200,5.0,7.0,0.3,2,,159,1022.1,14.5,19.5,7.3,,,
2026-10-06T15:30Z,200,4.0,6.0,0.3,,,169,1021.8,14.6,19.5,7.5,,,
2026-10-06T15:40Z,190,4.0,7.0,0.3,,,172,1021.7,14.7,19.5,7.5,,,
2026-10-06T15:50Z,190,4.0,5.0,0.3,,,170,1021.6,14.9,19.5,7.6,,,
2026-10-06T16:00Z,200,3.0,6.0,0.3,,,169,1021.6,15.1,19.5,7.7,,-1.0,
2026-10-06T16:10Z,200,3.0,6.0,0.3,,,194,1021.6,15.2,19.5,7.8,,,
2026-10-06T16:20Z,200,2.0,5.0,0.3,,,190,1021.6,15.3,19.6,7.5,,,
2026-10-06T16:30Z,190,2.0,4.0,0.2,,,185,1021.5,15.5,19.6,7.3,,,
2026-10-06T16:40Z,200,2.0,3.0,0.2,,,186,1021.4,15.7,19.6,7.5,,,
2026-10-06T16:50Z,220,2.0,4.0,0.2,,,191,1021.0,15.8,19.6,7.6,,,
2026-10-06T17:00Z,230,2.0,4.0,0.2,,,176,1020.8,16.1,19.7,7.6,,-1.9,
2026-10-06T17:10Z,220,2.0,4.0,0.2,,,57,1020.6,16.0,19.7,7.4,,,
2026-10-06T17:20Z,220,1.0,2.0,0.2,,,9,1020.5,16.1,19.7,7.7,,,
2026-10-06T17:30Z,230,1.0,3.0,0.2,,,50,1020.4,16.4,19.8,8.0,,,
2026-10-06T17:40Z,210,1.0,2.0,0.2,,,20,1020.2,16.5,19.8,7.5,,,
2026-10-06T17:50Z,,0.0,1.0,0.2,,,300,1020.2,16.9,19.7,7.7,,,
2026-10-06T18:00Z,,0.0,1.0,0.2,,,18,1020.1,17.3,19.7,7.8,,-2.1,
2026-10-06T18:10Z,,0.0,2.0,0.2,,,7,1019.8,17.3,19.9,7.7,,,
2026-10-06T18:20Z,,0.0,1.0,0.2,,,340,1019.5,17.6,19.9,7.8,,,
2026-10-06T18:30Z,,0.0,1.0,0.1,,,33,1019.3,17.1,19.9,7.7,,,
2026-10-06T18:40Z,,0.0,1.0,0.1,,,25,1019.0,17.4,19.9,7.8,,,
2026-10-06T18:50Z,90,1.0,1.0,0.1,,,29,1018.8,17.0,20.1,7.7,,,
2026-10-06T19:00Z,50,1.0,1.0,0.2,,,351,1018.8,16.9,20.1,7.7,,-2.8,
2026-10-06T19:10Z,40,1.0,2.0,0.1,,,13,1018.5,17.1,20.2,7.7,,,
2026-10-06T19:20Z,60,1.0,2.0,0.1,,,352,1018.5,17.5,20.0,7.7,,,
2026-10-06T19:30Z,40,1.0,2.0,0.2,,,18,1018.4,17.6,20.1,8.1,,,
2026-10-06T19:40Z,30,1.0,2.0,0.1,,,49,1018.2,17.6,20.0,8.1,,,
2026-10-06T19:50Z,20,1.0,2.0,0.1,,,24,1018.1,17.7,20.0,8.2,,,
2026-10-06T20:00Z,350,2.0,3.0,0.1,,,13,1018.0,17.6,20.1,8.3,,-2.8,
2026-10-06T20:10Z,360,2.0,3.0,0.1,,,18,1017.7,17.3,20.2,8.5,,,
2026-10-06T20:20Z,30,1.0,2.0,0.1,,,344,1017.6,17.5,20.1,8.2,,,
2026-10-06T20:30Z,20,2.0,2.0,0.1,,,33,1017.5,17.9,20.3,8.4,,,
2026-10-06T20:40Z,30,2.0,2.0,0.1,,,42,1017.4,17.5,20.3,8.4,,,
2026-10-06T20:50Z,50,2.0,3.0,0.1,,,335,1017.2,17.6,20.3,8.7,,,
2026-10-06T21:00Z,70,1.0,2.0,0.1,,,17,1016.8,18.1,20.3,8.9,,-3.3,
2026-10-06T21:10Z,80,1.0,2.0,0.1,,,349,1016.7,18.6,20.2,9.2,,,
2026-10-06T21:20Z,80,1.0,3.0,0.1,,,17,1016.7,18.8,20.2,9.5,,,
2026-10-06T21:30Z,90,1.0,2.0,0.1,,,80,1016.6,19.0,20.2,9.2,,,
2026-10-06T21:40Z,70,2.0,3.0,0.1,,,188,1016.5,18.8,20.2,9.6,,,
2026-10-06T21:50Z,80,1.0,2.0,0.1,,,195,1016.5,18.5,20.2,9.8,,,
2026-10-06T22:00Z,160,2.0,5.0,0.1,,,143,1016.4,18.7,20.2,9.9,,-2.4,
2026-10-06T22:10Z,190,4.0,5.0,0.2,,,215,1016.3,18.7,20.2,8.6,,,
2026-10-06T22:20Z,200,5.0,7.0,0.2,,,186,1016.1,18.6,20.2,9.1,,,
2026-10-06T22:30Z,200,5.0,6.0,0.2,,,193,1016.0,18.6,20.1,9.1,,,
2026-10-06T22:40Z,190,5.0,7.0,0.2,,,185,1015.9,18.6,20.0,9.3,,,
2026-10-06T22:50Z,200,5.0,8.0,0.3,,,196,1015.9,18.5,19.9,9.3,,,
2026-10-06T23:00Z,190,6.0,7.0,0.3,,,197,1015.9,18.4,19.9,9.6,,-2.1,
2026-10-06T23:10Z,190,6.0,8.0,0.3,,,201,1015.8,18.3,19.9,9.5,,,
2026-10-06T23:20Z,190,6.0,7.0,0.3,,,182,1015.8,18.3,19.8,10.0,,,
2026-10-06T23:40Z,190,6.0,7.0,0.3,,,180,1015.7,18.0,19.7,9.8,,,
2026-10-06T23:50Z,190,6.0,7.0,0.3,,,184,1015.8,18.0,19.7,9.7,,,
2026-10-07T00:00Z,190,5.0,7.0,0.3,,,175,1015.8,17.9,19.7,10.0,,-1.0,
2026-10-07T00:10Z,190,6.0,7.0,0.3,,,176,1015.8,17.8,19.7,9.9,,,
2026-10-07T00:20Z,190,6.0,7.0,0.3,,,173,1015.9,17.7,19.7,9.8,,,
2026-10-07T00:30Z,190,6.0,7.0,0.3,,,168,1015.9,17.6,19.7,9.7,,,
2026-10-07T00:40Z,190,6.0,8.0,0.3,,,157,1015.8,17.5,19.6,10.0,,,
2026-10-07T00:50Z,200,6.0,8.0,0.3,,,166,1015.7,17.4,19.6,10.0,,,
2026-10-07T01:00Z,190,7.0,8.0,0.3,,,172,1015.6,17.3,19.6,10.2,,-0.7,
2026-10-07T01:10Z,200,7.0,8.0,0.3,,,178,1015.6,17.2,19.6,10.3,,,
2026-10-07T01:20Z,200,7.0,9.0,0.3,,,169,1015.6,17.1,19.6,10.1,,,
2026-10-07T01:30Z,190,7.0,9.0,0.3,,,168,1015.6,17.0,19.6,10.1,,,
2026-10-07T01:40Z,200,7.0,8.0,0.3,,,173,1015.5,16.9,19.5,10.1,,,
2026-10-07T01:50Z,200,7.0,9.0,0.3,,,175,1015.5,16.9,19.5,10.1,,,
2026-10-07T02:00Z,200,7.0,10.0,0.3,2,,178,1015.4,17.0,19.5,10.3,,-0.5,
2026-10-07T02:10Z,200,7.0,10.0,0.3,2,,170,1015.3,16.9,19.5,10.1,,,
2026-10-07T02:20Z,190,7.0,9.0,0.4,2,,179,1015.3,16.8,19.5,10.1,,,
2026-10-07T02:30Z,200,7.0,9.0,0.4,2,,178,1015.3,16.7,19.5,10.0,,,
2026-10-07T02:40Z,200,8.0,10.0,0.3,2,,181,1015.2,16.7,19.5,10.1,,,
2026-10-07T02:50Z,200,7.0,10.0,0.3,2,,187,1015.2,16.6,19.5,10.1,,,
2026-10-07T03:00Z,200,8.0,11.0,0.4,2,,188,1015.1,16.6,19.5,10.0,,-0.7,
2026-10-07T03:10Z,200,8.0,10.0,0.4,2,,189,1015.1,16.4,19.4,10.0,,,
2026-10-07T03:20Z,200,8.0,10.0,0.4,2,,187,1015.1,16.4,19.5,10.0,,,
2026-10-07T03:30Z,200,7.0,9.0,0.4,2,,185,1015.1,16.3,19.4,9.8,,,
2026-10-07T03:40Z,190,7.0,9.0,0.3,2,,182,1015.1,16.2,19.4,9.8,,,
2026-10-07T03:50Z,190,7.0,9.0,0.3,2,,185,1014.9,16.2,19.4,9.9,,,
2026-10-07T04:00Z,200,7.0,9.0,0.3,2,,188,1014.9,16.3,19.4,10.1,,-0.7,
2026-10-07T04:10Z,200,7.0,9.0,0.3,2,,184,1014.9,16.2,19.4,9.9,,,
2026-10-07T04:20Z,200,8.0,10.0,0.3,2,,186,1014.7,16.2,19.4,10.1,,,
2026-10-07T04:30Z,200,8.0,10.0,0.4,2,,181,1014.7,16.2,19.4,10.0,,,
2026-10-07T04:40Z,200,8.0,10.0,0.4,2,,186,1014.5,16.0,19.4,9.9,,,
2026-10-07T04:50Z,200,8.0,10.0,0.3,2,,176,1014.4,16.0,19.4,9.8,,,
2026-10-07T05:00Z,200,8.0,10.0,0.4,,,174,1014.3,16.0,19.4,9.8,,-1.1,
2026-10-07T05:10Z,200,8.0,10.0,0.4,2,,180,1014.3,16.0,19.4,10.0,,,
2026-10-07T05:20Z,200,8.0,10.0,0.4,2,,180,1014.2,15.8,19.4,9.8,,,
2026-10-07T05:30Z,200,8.0,11.0,0.4,2,,188,1014.1,15.7,19.4,9.8,,,
2026-10-07T05:40Z,200,8.0,10.0,0.4,2,,189,1014.0,15.7,19.4,9.8,,,
2026-10-07T05:50Z,210,8.0,11.0,0.4,2,,204,1013.9,15.6,19.4,9.7,,,
2026-10-07T06:00Z,210,8.0,10.0,0.5,2,,208,1013.8,15.6,19.4,9.8,,-1.4,
2026-10-07T06:10Z,210,9.0,11.0,0.5,2,,200,1013.7,15.6,19.4,9.5,,,
2026-10-07T06:20Z,210,9.0,11.0,0.5,2,,213,1013.7,15.7,19.4,9.7,,,
2026-10-07T06:30Z,210,9.0,11.0,0.5,3,,218,1013.7,15.7,19.4,9.6,,,
2026-10-07T06:40Z,210,9.0,11.0,0.5,2,,206,1013.7,15.6,19.4,9.7,,,
2026-10-07T06:50Z,210,8.0,11.0,0.5,2,,213,1013.7,15.5,19.4,9.7,,,
2026-10-07T07:00Z,210,8.0,11.0,0.5,2,,208,1013.7,15.4,19.4,9.6,,-1.3,
2026-10-07T07:10Z,210,9.0,11.0,0.4,3,,212,1013.6,15.3,19.4,9.5,,,
2026-10-07T07:20Z,210,9.0,11.0,0.4,2,,206,1013.5,15.2,19.3,9.5,,,
2026-10-07T07:30Z,210,9.0,11.0,0.5,2,,192,1013.3,15.2,19.4,9.6,,,
2026-10-07T07:40Z,210,9.0,12.0,0.5,2,,210,1013.1,15.1,19.3,9.5,,,
2026-10-07T07:50Z,210,9.0,12.0,0.5,2,,196,1012.9,15.0,19.3,9.5,,,
2026-10-07T08:00Z,210,8.0,11.0,0.4,3,,217,1012.8,15.1,19.3,9.6,,-1.5,
2026-10-07T08:10Z,210,9.0,11.0,0.5,2,,200,1012.7,15.0,19.3,9.4,,,
2026-10-07T08:20Z,210,8.0,12.0,0.5,2,,209,1012.5,14.9,19.3,9.4,,,
2026-10-07T08:30Z,210,8.0,12.0,0.5,2,,206,1012.4,14.9,19.3,9.4,,,
2026-10-07T08:40Z,220,8.0,12.0,0.4,2,,207,1012.4,15.0,19.3,9.5,,,
2026-10-07T08:50Z,210,9.0,12.0,0.5,2,,219,1012.4,15.2,19.3,9.6,,,
2026-10-07T09:00Z,210,10.0,13.0,0.5,2,,204,1012.3,15.3,19.3,9.6,,-1.5,
2026-10-07T09:10Z,210,10.0,13.0,0.5,3,,226,1012.2,15.5,19.3,9.7,,,
2026-10-07T09:20Z,220,9.0,13.0,0.6,3,,205,1012.0,15.5,19.3,9.8,,,
2026-10-07T09:30Z,220,9.0,14.0,0.6,3,,233,1011.8,15.5,19.3,9.7,,,
2026-10-07T09:40Z,220,9.0,12.0,0.6,3,,216,1011.7,15.4,19.3,9.8,,,
2026-10-07T09:50Z,220,9.0,12.0,0.6,3,,225,1011.5,15.4,19.3,9.8,,,
2026-10-07T10:00Z,210,10.0,13.0,0.6,3,,225,1011.4,15.4,19.3,9.7,,-2.2,
2026-10-07T10:10Z,220,9.0,12.0,0.6,3,,235,1011.4,15.5,19.3,9.8,,,
2026-10-07T10:20Z,220,10.0,13.0,0.6,3,,248,1011.3,15.5,19.2,9.7,,,
2026-10-07T10:30Z,220,9.0,13.0,0.6,3,,244,1011.3,15.6,19.2,9.6,,,
2026-10-07T10:40Z,220,9.0,11.0,0.6,3,,256,1011.3,15.7,19.3,9.9,,,
2026-10-07T10:50Z,220,9.0,12.0,0.6,3,,272,1011.4,15.6,19.2,9.6,,,
2026-10-07T11:00Z,220,9.0,12.0,0.6,3,,259,1011.5,15.5,19.2,9.6,,-1.3,
2026-10-07T11:10Z,220,9.0,12.0,0.6,3,,276,1011.4,15.5,19.2,9.7,,,
2026-10-07T11:20Z,220,9.0,12.0,0.6,3,,278,1011.4,15.4,19.2,9.6,,,
2026-10-07T11:30Z,220,9.0,12.0,0.6,3,,276,1011.2,15.4,19.2,9.6,,,
2026-10-07T11:40Z,220,10.0,13.0,0.6,4,,277,1011.1,15.5,19.2,9.6,,,
2026-10-07T11:50Z,220,10.0,13.0,0.7,3,,275,1011.1,15.6,19.2,9.8,,,
2026-10-07T12:00Z,220,10.0,12.0,0.6,3,,273,1011.2,15.6,19.2,9.8,,-1.1,
2026-10-07T12:10Z,220,11.0,15.0,0.7,4,,275,1010.9,15.7,19.2,9.7,,,
2026-10-07T12:20Z,220,10.0,14.0,0.7,4,,279,1011.0,15.8,19.2,9.7,,,
2026-10-07T12:30Z,220,10.0,14.0,0.7,3,,237,1011.0,15.9,19.2,9.6,,,
2026-10-07T12:40Z,220,10.0,13.0,0.7,4,,279,1010.9,16.0,19.2,9.8,,,
2026-10-07T12:50Z,220,11.0,14.0,0.7,3,,248,1010.8,16.0,19.2,9.8,,,
2026-10-07T13:00Z,220,11.0,14.0,0.7,4,,273,1010.7,16.0,19.2,9.9,,-0.8,
2026-10-07T13:10Z,220,10.0,13.0,0.7,4,,274,1010.5,16.2,19.2,10.0,,,
2026-10-07T13:20Z,220,10.0,13.0,0.7,4,,272,1010.5,16.1,19.2,9.8,,,
2026-10-07T13:30Z,220,10.0,13.0,0.8,4,,275,1010.4,16.2,19.2,10.0,,,
2026-10-07T13:40Z,220,9.0,12.0,0.7,3,,238,1010.5,16.4,19.2,10.2,,,
2026-10-07T13:50Z,230,9.0,13.0,0.7,4,,271,1010.6,16.5,19.2,10.2,,,
2026-10-07T14:00Z,230,9.0,12.0,0.7,4,,274,1010.6,16.6,19.2,10.4,,-0.9,
2026-10-07T14:10Z,230,9.0,11.0,0.7,4,,278,1010.6,16.9,19.2,10.6,,,
2026-10-07T14:20Z,230,8.0,11.0,0.7,4,,279,1010.7,17.3,19.2,10.7,,,
2026-10-07T14:30Z,230,9.0,11.0,0.7,4,,278,1010.5,17.8,19.2,11.2,,,
2026-10-07T14:40Z,230,9.0,12.0,0.6,4,,279,1010.2,18.0,19.2,11.2,,,
2026-10-07T14:50Z,230,10.0,13.0,0.6,4,,278,1010.1,18.3,19.2,11.3,,,
2026-10-07T15:00Z,220,10.0,14.0,0.7,4,,274,1009.9,18.6,19.2,11.6,,-1.3,
2026-10-07T15:10Z,220,10.0,15.0,0.7,4,,276,1010.0,18.8,19.2,11.5,,,
2026-10-07T15:20Z,220,10.0,13.0,0.7,4,,273,1009.8,18.7,19.2,11.7,,,
2026-10-07T15:30Z,230,10.0,14.0,0.7,4,,272,1009.8,19.0,19.2,11.9,,,
2026-10-07T15:40Z,230,9.0,12.0,0.8,4,,274,1009.9,19.3,19.2,12.2,,,
2026-10-07T15:50Z,230,10.0,13.0,0.7,4,,274,1009.6,19.7,19.3,12.3,,,
2026-10-07T16:00Z,230,9.0,14.0,0.7,4,,272,1009.5,20.0,19.3,12.7,,-1.2,
2026-10-07T16:10Z,230,8.0,13.0,0.7,4,,273,1009.2,20.2,19.3,12.9,,,
2026-10-07T16:20Z,240,9.0,12.0,0.7,4,,274,1008.8,20.6,19.3,13.1,,,
2026-10-07T16:30Z,230,8.0,12.0,0.7,4,,279,1008.8,20.8,19.3,13.3,,,
2026-10-07T16:40Z,230,8.0,12.0,0.7,4,,274,1008.7,21.0,19.3,13.3,,,
2026-10-07T16:50Z,240,7.0,9.0,0.7,4,,276,1008.7,21.1,19.3,13.9,,,
2026-10-07T17:00Z,240,7.0,10.0,0.7,4,,276,1008.6,21.3,19.3,13.9,,-2.0,
2026-10-07T17:10Z,240,8.0,10.0,0.7,4,,276,1008.4,21.6,19.3,13.8,,,
2026-10-07T17:20Z,240,8.0,10.0,0.7,3,,274,1008.3,21.8,19.4,13.9,,,
2026-10-07T17:30Z,240,7.0,10.0,0.6,4,,274,1008.1,21.9,19.4,14.1,,,
2026-10-07T17:40Z,240,8.0,11.0,0.6,4,,275,1008.0,22.1,19.4,14.0,,,
2026-10-07T17:50Z,240,7.0,10.0,0.7,4,,273,1007.9,22.2,19.4,14.1,,,
2026-10-07T18:00Z,240,7.0,10.0,0.7,4,,276,1007.7,22.2,19.4,14.6,,-2.3,
2026-10-07T18:10Z,240,8.0,11.0,0.7,4,,282,1007.5,22.2,19.4,14.5,,,
2026-10-07T18:20Z,240,6.0,9.0,0.7,4,,280,1007.3,22.3,19.4,14.9,,,
2026-10-07T18:30Z,240,7.0,10.0,0.7,4,,277,1007.2,22.4,19.4,14.8,,,
2026-10-07T18:40Z,240,7.0,11.0,0.7,4,,278,1007.1,22.5,19.4,15.0,,,
2026-10-07T18:50Z,240,8.0,11.0,0.6,4,,270,1006.9,22.7,19.5,14.8,,,
2026-10-07T19:00Z,230,8.0,10.0,0.7,4,,271,1006.7,22.9,19.5,15.0,,-2.8,
2026-10-07T19:10Z,230,7.0,9.0,0.7,4,,276,1006.5,22.7,19.5,15.5,,,
2026-10-07T19:20Z,230,8.0,11.0,0.6,4,,275,1006.3,23.1,19.5,15.1,,,
2026-10-07T19:30Z,230,7.0,11.0,0.7,4,,276,1006.2,23.2,19.5,15.3,,,
2026-10-07T19:40Z,240,7.0,10.0,0.6,4,,273,1006.2,23.2,19.5,15.6,,,
2026-10-07T19:50Z,230,7.0,12.0,0.7,4,,275,1006.1,23.3,19.5,15.5,,,
2026-10-07T20:00Z,230,7.0,9.0,0.6,4,,277,1006.0,23.2,19.5,15.6,,-2.6,
2026-10-07T20:10Z,230,7.0,10.0,0.6,4,,283,1005.9,23.3,19.5,15.7,,,
2026-10-07T20:20Z,230,9.0,12.0,0.6,3,,264,1005.9,23.7,19.5,15.5,,,
2026-10-07T20:30Z,230,7.0,10.0,0.6,4,,276,1005.9,23.5,19.5,15.8,,,
2026-10-07T20:40Z,230,7.0,9.0,0.6,4,,277,1005.8,23.6,19.5,15.9,,,
2026-10-07T20:50Z,220,8.0,11.0,0.6,4,,270,1005.9,24.0,19.5,15.6,,,
2026-10-07T21:00Z,230,7.0,11.0,0.6,4,,277,1005.8,24.0,19.5,16.0,,-1.9,
2026-10-07T21:10Z,230,6.0,9.0,0.5,4,,275,1005.7,23.3,19.4,16.4,,,
2026-10-07T21:20Z,230,8.0,11.0,0.5,3,,274,1005.8,23.7,19.5,16.2,,,
2026-10-07T21:30Z,230,8.0,11.0,0.6,4,,279,1005.7,23.9,19.5,16.1,,,
2026-10-07T21:40Z,230,7.0,9.0,0.5,3,,273,1005.7,23.7,19.4,16.3,,,
2026-10-07T21:50Z,220,7.0,10.0,0.6,3,,268,1005.6,23.7,19.4,16.4,,,
2026-10-07T22:00Z,220,8.0,11.0,0.6,4,,277,1005.5,23.8,19.4,16.1,,-1.2,
2026-10-07T22:10Z,220,7.0,10.0,0.5,4,,279,1005.5,23.8,19.4,16.2,,,
2026-10-07T22:20Z,220,7.0,10.0,0.5,4,,279,1005.5,23.8,19.4,16.1,,,
2026-10-07T22:30Z,220,7.0,10.0,0.5,4,,279,1005.5,23.8,19.4,16.1,,,
2026-10-07T22:40Z,220,8.0,11.0,0.5,4,,275,1005.4,23.6,19.4,16.1,,,
2026-10-07T22:50Z,220,8.0,11.0,0.6,4,,276,1005.4,23.6,19.4,16.0,,,
2026-10-07T23:00Z,220,9.0,12.0,0.5,4,,276,1005.4,23.6,19.4,15.9,,-0.6,
2026-10-07T23:10Z,230,10.0,17.0,0.5,4,,270,1005.5,23.3,19.4,16.0,,,
2026-10-07T23:20Z,220,7.0,11.0,0.6,4,,269,1005.5,22.3,19.4,16.0,,,
2026-10-07T23:40Z,240,5.0,9.0,0.5,4,,277,1006.0,22.5,19.4,16.0,,,
2026-10-07T23:50Z,270,4.0,8.0,0.5,4,,276,1006.3,21.9,19.4,16.3,,,
2026-10-08T00:00Z,260,6.0,10.0,0.4,3,,270,1006.3,22.6,19.4,16.0,,+0.5,
2026-10-08T00:10Z,250,4.0,6.0,0.4,4,,270,1006.3,22.3,19.4,16.2,,,
2026-10-08T00:20Z,230,3.0,5.0,0.4,4,,272,1006.4,21.6,19.4,16.5,,,
2026-10-08T00:30Z,220,4.0,6.0,0.4,4,,268,1006.5,21.7,19.4,16.3,,,
2026-10-08T00:40Z,220,4.0,6.0,0.4,4,,267,1006.5,21.4,19.4,16.4,,,
2026-10-08T00:50Z,240,4.0,6.0,0.3,4,,270,1006.7,21.5,19.4,16.3,,,
2026-10-08T01:00Z,260,5.0,6.0,0.3,4,,270,1006.9,21.5,19.4,16.6,,+1.4,
2026-10-08T01:10Z,260,5.0,7.0,0.3,4,,268,1007.1,21.5,19.4,16.5,,,
2026-10-08T01:20Z,260,6.0,11.0,0.4,3,,270,1007.3,21.6,19.4,16.5,,,
2026-10-08T01:30Z,260,6.0,8.0,0.4,3,,271,1007.4,21.8,19.4,16.5,,,
2026-10-08T01:40Z,260,7.0,10.0,0.4,3,,265,1007.4,21.9,19.4,16.5,,,
2026-10-08T01:50Z,260,8.0,11.0,0.4,2,,268,1007.5,21.9,19.4,16.3,,,
2026-10-08T02:00Z,270,8.0,11.0,0.5,2,,257,1007.6,21.9,19.3,16.2,,+2.2,
2026-10-08T02:10Z,270,9.0,11.0,0.5,2,,265,1007.8,21.4,19.3,16.4,,,
2026-10-08T02:20Z,280,9.0,12.0,0.5,3,,261,1008.0,21.0,19.3,16.5,,,
2026-10-08T02:30Z,280,8.0,11.0,0.6,3,,264,1008.1,20.8,19.3,16.6,,,
2026-10-08T02:40Z,280,8.0,11.0,0.6,3,,262,1008.2,20.7,19.3,16.4,,,
2026-10-08T02:50Z,290,9.0,12.0,0.6,3,,262,1008.3,20.7,19.3,16.0,,,
2026-10-08T03:00Z,300,10.0,13.0,0.6,3,,259,1008.4,20.6,19.3,15.6,,+2.1,
2026-10-08T03:10Z,300,10.0,14.0,0.7,3,,259,1008.5,20.5,19.3,15.2,,,
2026-10-08T03:20Z,300,10.0,14.0,0.7,4,,272,1008.6,20.3,19.3,15.0,,,
2026-10-08T03:30Z,300,11.0,16.0,0.8,4,,271,1008.8,20.1,19.3,14.7,,,
2026-10-08T03:40Z,300,10.0,14.0,0.9,4,,275,1009.0,20.1,19.3,14.5,,,
2026-10-08T03:50Z,300,10.0,13.0,1.0,4,,273,1009.1,20.1,19.3,14.3,,,
2026-10-08T04:00Z,300,9.0,13.0,1.1,4,,278,1009.2,20.0,19.3,14.3,,+2.3,
2026-10-08T04:10Z,300,9.0,13.0,1.2,4,,285,1009.4,19.9,19.3,14.2,,,
2026-10-08T04:20Z,300,8.0,12.0,1.1,4,,290,1009.5,19.8,19.3,14.4,,,
2026-10-08T04:30Z,300,8.0,10.0,1.2,5,,293,1009.6,19.7,19.3,14.4,,,
2026-10-08T04:40Z,290,7.0,10.0,1.2,5,,294,1009.6,19.7,19.3,14.4,,,
2026-10-08T04:50Z,290,7.0,10.0,1.2,5,,292,1009.6,19.6,19.3,14.3,,,
2026-10-08T05:00Z,290,7.0,10.0,1.1,5,,289,1009.6,19.7,19.3,14.1,,+1.9,
2026-10-08T05:10Z,290,7.0,9.0,1.1,5,,291,1009.6,19.7,19.3,14.0,,,
2026-10-08T05:20Z,280,7.0,9.0,1.1,5,,288,1009.6,19.6,19.3,14.2,,,
2026-10-08T05:30Z,280,7.0,10.0,1.1,5,,283,1009.6,19.5,19.3,14.0,,,
2026-10-08T05:40Z,280,7.0,10.0,1.2,5,,286,1009.6,19.5,19.3,13.9,,,
2026-10-08T05:50Z,280,7.0,10.0,1.2,5,,289,1009.5,19.5,19.3,14.0,,,
2026-10-08T06:00Z,270,8.0,10.0,1.1,5,,279,1009.5,19.3,19.3,14.3,,+1.1,
2026-10-08T06:10Z,270,8.0,10.0,1.1,5,,285,1009.5,19.3,19.3,14.5,,,
2026-10-08T06:20Z,260,7.0,10.0,1.1,5,,284,1009.5,19.3,19.3,14.6,,,
2026-10-08T06:30Z,240,6.0,8.0,1.1,5,,288,1009.5,18.9,19.3,14.1,,,
2026-10-08T06:40Z,240,7.0,8.0,1.1,5,,281,1009.5,18.6,19.3,13.9,,,
2026-10-08T06:50Z,240,6.0,8.0,1.0,5,,289,1009.6,18.5,19.3,14.0,,,
2026-10-08T07:00Z,250,6.0,8.0,1.0,5,,288,1009.8,18.3,19.3,13.9,,+0.6,
2026-10-08T07:10Z,260,5.0,7.0,1.0,5,,286,1009.9,18.1,19.3,13.4,,,
2026-10-08T07:20Z,270,5.0,8.0,1.0,5,,285,1010.0,18.3,19.3,13.4,,,
2026-10-08T07:30Z,270,6.0,9.0,0.9,5,,284,1010.0,18.7,19.3,13.7,,,
2026-10-08T07:40Z,270,6.0,8.0,0.9,5,,280,1010.1,18.5,19.3,13.7,,,
2026-10-08T07:50Z,260,5.0,8.0,0.8,5,,285,1010.1,18.6,19.3,14.0,,,
2026-10-08T08:00Z,280,6.0,9.0,0.9,4,,271,1010.1,18.5,19.3,13.8,,+0.6,
2026-10-08T08:10Z,310,8.0,11.0,0.8,5,,284,1010.2,19.0,19.3,13.3,,,
2026-10-08T08:20Z,310,8.0,11.0,1.0,5,,281,1010.2,19.0,19.3,13.3,,,
2026-10-08T08:30Z,310,7.0,9.0,0.9,5,,286,1010.2,18.8,19.3,12.9,,,
2026-10-08T08:40Z,310,8.0,10.0,1.0,4,,279,1010.4,18.8,19.2,12.8,,,
2026-10-08T08:50Z,300,8.0,11.0,0.9,4,,286,1010.5,18.6,19.3,13.1,,,
2026-10-08T09:10Z,300,7.0,10.0,1.0,5,,288,1010.8,18.4,19.2,12.6,,,
2026-10-08T09:20Z,300,7.0,9.0,1.0,4,,290,1010.9,18.3,19.2,12.6,,,
2026-10-08T09:30Z,300,7.0,9.0,1.0,4,,287,1011.1,18.3,19.2,12.7,,,
2026-10-08T09:40Z,290,7.0,9.0,0.9,5,,282,1011.2,18.2,19.2,12.7,,,
2026-10-08T09:50Z,290,7.0,10.0,1.0,5,,284,1011.4,18.1,19.2,12.7,,,
2026-10-08T10:00Z,300,7.0,10.0,0.9,4,,284,1011.6,18.0,19.2,12.7,,+1.8,
2026-10-08T10:10Z,300,7.0,9.0,0.9,4,,288,1011.8,18.0,19.2,12.9,,,
2026-10-08T10:20Z,290,7.0,10.0,0.9,5,,279,1012.0,18.0,19.2,12.9,,,
2026-10-08T10:30Z,290,7.0,10.0,0.9,4,,293,1012.0,18.0,19.2,13.0,,,
2026-10-08T10:40Z,290,7.0,9.0,0.8,4,,289,1012.2,18.0,19.2,13.1,,,
2026-10-08T10:50Z,290,8.0,10.0,0.9,5,,285,1012.4,17.9,19.2,13.0,,,
2026-10-08T11:00Z,290,7.0,10.0,0.9,5,,283,1012.4,17.9,19.2,13.0,,+2.2,
2026-10-08T11:10Z,280,6.0,10.0,0.9,4,,285,1012.4,17.8,19.2,13.3,,,
2026-10-08T11:20Z,270,7.0,9.0,0.9,4,,285,1012.4,17.1,19.2,13.4,,,
2026-10-08T11:30Z,280,6.0,9.0,0.9,4,,285,1012.6,17.6,19.2,13.2,,,
2026-10-08T11:40Z,260,7.0,10.0,1.0,4,,286,1012.6,17.2,19.2,13.6,,,
2026-10-08T11:50Z,260,7.0,9.0,0.9,4,,290,1012.8,17.1,19.2,13.6,,,
2026-10-08T12:00Z,240,7.0,10.0,0.9,4,,285,1013.0,16.5,19.2,13.3,,+2.4,
2026-10-08T12:10Z,250,7.0,9.0,0.9,4,,291,1013.3,16.1,19.2,13.0,,,
2026-10-08T12:20Z,250,7.0,9.0,0.9,4,,282,1013.4,16.0,19.2,12.9,,,
2026-10-08T12:30Z,260,7.0,9.0,0.8,4,,281,1013.5,16.2,19.2,13.2,,,
2026-10-08T12:40Z,250,7.0,9.0,0.8,4,,292,1013.6,16.2,19.2,13.1,,,
2026-10-08T12:50Z,260,7.0,9.0,0.8,4,,291,1013.7,16.3,19.2,13.3,,,
2026-10-08T13:00Z,260,7.0,9.0,0.8,4,,287,1013.9,16.4,19.2,13.4,,+2.3,
2026-10-08T13:10Z,270,7.0,9.0,0.8,4,,284,1014.1,16.5,19.2,13.3,,,
2026-10-08T13:20Z,270,6.0,8.0,0.8,4,,287,1014.2,16.7,19.2,13.6,,,
2026-10-08T13:30Z,270,6.0,8.0,0.9,4,,283,1014.3,16.6,19.2,13.5,,,
2026-10-08T13:40Z,270,6.0,8.0,0.8,4,,288,1014.5,16.7,19.2,13.5,,,
2026-10-08T13:50Z,270,6.0,8.0,0.7,4,,294,1014.6,16.8,19.2,13.7,,,
2026-10-08T14:00Z,270,6.0,8.0,0.8,4,,286,1014.6,17.0,19.2,13.8,,+2.3,
2026-10-08T14:10Z,270,6.0,9.0,0.8,4,,286,1014.8,16.9,19.2,13.7,,,
2026-10-08T14:20Z,270,6.0,9.0,0.7,4,,282,1014.9,17.2,19.2,13.8,,,
2026-10-08T14:30Z,280,6.0,8.0,0.7,4,,278,1014.9,17.5,19.2,13.6,,,
2026-10-08T14:40Z,280,7.0,9.0,0.8,4,,287,1015.1,17.5,19.2,13.5,,,
2026-10-08T14:50Z,280,7.0,9.0,0.8,4,,288,1015.2,17.4,19.2,13.7,,,
2026-10-08T15:00Z,270,7.0,9.0,0.8,4,,290,1015.3,17.4,19.2,14.0,,+2.2,
2026-10-08T15:10Z,270,8.0,10.0,0.7,4,,294,1015.4,17.3,19.2,14.0,,,
2026-10-08T15:20Z,270,8.0,10.0,0.8,4,,295,1015.4,17.3,19.3,14.1,,,
2026-10-08T15:30Z,270,8.0,10.0,0.8,4,,285,1015.5,17.4,19.3,13.9,,,
2026-10-08T15:40Z,270,7.0,9.0,0.8,4,,293,1015.5,17.4,19.3,13.5,,,
2026-10-08T15:50Z,270,7.0,9.0,0.8,4,,292,1015.6,17.4,19.3,13.7,,,
2026-10-08T16:00Z,280,7.0,9.0,0.8,4,,290,1015.6,17.4,19.3,14.0,,+1.7,
2026-10-08T16:10Z,280,7.0,9.0,0.8,4,,288,1015.7,17.4,19.3,14.0,,,
2026-10-08T16:30Z,270,7.0,10.0,0.8,4,,283,1015.8,17.4,19.3,14.0,,,
2026-10-08T16:40Z,270,7.0,10.0,0.7,4,,286,1015.8,17.4,19.3,13.9,,,
2026-10-08T16:50Z,270,8.0,10.0,0.8,4,,292,1015.9,17.4,19.3,13.8,,,
2026-10-08T17:00Z,280,8.0,10.0,0.7,4,,284,1016.0,17.6,19.3,13.4,,+1.3,
2026-10-08T17:10Z,280,8.0,10.0,0.8,4,,287,1016.0,17.8,19.3,12.5,,,
2026-10-08T17:20Z,270,8.0,10.0,0.8,4,,287,1015.9,18.1,19.3,12.0,,,
2026-10-08T17:30Z,270,7.0,10.0,0.8,4,,294,1015.9,18.1,19.3,12.4,,,
2026-10-08T17:40Z,270,7.0,9.0,0.8,4,,285,1015.8,18.2,19.3,12.3,,,
2026-10-08T17:50Z,270,7.0,9.0,0.7,4,,287,1015.7,18.3,19.3,11.5,,,
2026-10-08T18:00Z,270,7.0,9.0,0.8,4,,289,1015.7,18.4,19.4,11.3,,+0.4,
2026-10-08T18:10Z,270,7.0,10.0,0.7,4,,281,1015.7,18.4,19.3,11.4,,,
2026-10-08T18:20Z,270,7.0,10.0,0.7,4,,282,1015.7,18.5,19.4,11.3,,,
2026-10-08T18:30Z,270,8.0,11.0,0.7,4,,281,1015.6,18.5,19.4,10.6,,,
2026-10-08T18:40Z,270,7.0,10.0,0.7,4,,283,1015.5,18.6,19.4,10.4,,,
2026-10-08T18:50Z,270,7.0,9.0,0.7,4,,291,1015.5,18.6,19.4,10.6,,,
2026-10-08T19:00Z,270,7.0,10.0,0.7,4,,285,1015.4,18.8,19.4,10.5,,-0.2,
2026-10-08T19:10Z,270,7.0,10.0,0.7,4,,290,1015.4,18.8,19.4,10.4,,,
2026-10-08T19:20Z,280,7.0,9.0,0.7,4,,285,1015.3,18.8,19.4,10.7,,,
2026-10-08T19:40Z,290,7.0,9.0,0.7,4,,291,1015.3,19.0,19.4,10.4,,,
2026-10-08T19:50Z,280,7.0,9.0,0.7,4,,292,1015.3,19.2,19.4,10.6,,,
2026-10-08T20:00Z,270,6.0,8.0,0.7,4,,294,1015.4,19.2,19.4,10.3,,-0.6,
2026-10-08T20:10Z,280,6.0,8.0,0.6,4,,283,1015.4,19.3,19.4,10.7,,,
2026-10-08T20:20Z,280,7.0,9.0,0.6,4,,288,1015.5,19.4,19.4,10.9,,,
2026-10-08T20:30Z,290,7.0,10.0,0.6,4,,281,1015.5,19.6,19.4,11.2,,,
2026-10-08T20:40Z,290,8.0,11.0,0.7,4,,281,1015.4,19.6,19.4,10.6,,,
2026-10-08T20:50Z,290,8.0,10.0,0.7,4,,284,1015.6,19.6,19.4,11.0,,,
2026-10-08T21:00Z,290,8.0,11.0,0.7,4,,288,1015.6,19.6,19.4,11.3,,-0.0,
2026-10-08T21:10Z,290,8.0,10.0,0.7,4,,287,1015.5,19.7,19.4,10.5,,,
2026-10-08T21:20Z,290,7.0,9.0,0.8,4,,291,1015.5,19.8,19.4,11.0,,,
2026-10-08T21:30Z,300,8.0,10.0,0.7,4,,285,1015.5,19.8,19.4,10.9,,,
2026-10-08T21:40Z,290,7.0,10.0,0.7,4,,290,1015.5,19.8,19.4,10.3,,,
2026-10-08T21:50Z,290,7.0,10.0,0.7,4,,296,1015.6,19.8,19.3,11.5,,,
2026-10-08T22:00Z,300,7.0,10.0,0.7,4,,292,1015.6,19.8,19.3,11.4,,+0.0,
2026-10-08T22:10Z,300,7.0,9.0,0.8,4,,290,1015.6,19.8,19.3,11.4,,,
2026-10-08T22:20Z,310,8.0,10.0,0.8,4,,292,1015.6,19.8,19.3,11.2,,,
2026-10-08T22:30Z,310,8.0,11.0,0.8,4,,298,1015.6,19.8,19.3,11.3,,,
2026-10-08T22:40Z,310,7.0,10.0,0.8,4,,289,1015.6,19.8,19.3,11.5,,,
2026-10-08T22:50Z,300,7.0,9.0,0.8,4,,293,1015.7,19.8,19.3,11.1,,,
2026-10-08T23:00Z,310,7.0,9.0,0.8,4,,284,1015.7,19.7,19.3,11.2,,+0.3,
2026-10-08T23:10Z,310,6.0,9.0,0.9,4,,290,1015.8,19.7,19.3,11.5,,,
2026-10-08T23:20Z,310,6.0,8.0,0.8,4,,291,1015.8,19.6,19.3,11.6,,,
2026-10-08T23:40Z,300,5.0,7.0,0.8,4,,284,1016.0,19.6,19.3,12.0,,,
2026-10-08T23:50Z,300,6.0,8.0,0.7,4,,283,1016.1,19.7,19.3,11.7,,,
2026-10-09T00:00Z,300,6.0,8.0,0.7,4,,293,1016.3,19.7,19.3,11.9,,+0.7,
2026-10-09T00:10Z,300,6.0,8.0,0.7,4,,284,1016.4,19.7,19.3,11.6,,,
2026-10-09T00:20Z,300,6.0,8.0,0.6,4,,287,1016.5,19.6,19.3,12.1,,,
2026-10-09T00:30Z,290,6.0,7.0,0.6,4,,276,1016.5,19.6,19.3,11.9,,,
2026-10-09T00:40Z,290,5.0,7.0,0.7,4,,288,1016.7,19.6,19.3,12.0,,,
2026-10-09T00:50Z,280,4.0,6.0,0.7,4,,287,1016.8,19.6,19.3,12.3,,,
2026-10-09T01:00Z,260,4.0,5.0,0.6,4,,285,1016.8,19.4,19.3,12.6,,+1.2,
2026-10-09T01:10Z,240,4.0,5.0,0.6,4,,279,1016.7,18.9,19.3,12.8,,,
2026-10-09T01:20Z,240,4.0,5.0,0.6,4,,285,1016.8,18.7,19.3,12.9,,,
2026-10-09T01:30Z,230,4.0,5.0,0.6,4,,293,1016.8,18.4,19.3,12.6,,,
2026-10-09T01:40Z,240,4.0,5.0,0.6,4,,287,1016.9,18.3,19.3,12.5,,,
2026-10-09T01:50Z,240,4.0,5.0,0.5,4,,288,1017.0,18.2,19.3,12.6,,,
2026-10-09T02:00Z,240,4.0,5.0,0.5,4,,288,1017.2,18.1,19.3,12.4,,+1.5,
2026-10-09T02:10Z,240,4.0,5.0,0.5,4,,287,1017.3,18.1,19.3,12.5,,,
2026-10-09T02:20Z,240,4.0,6.0,0.5,4,,281,1017.4,17.8,19.3,12.3,,,
2026-10-09T02:30Z,240,5.0,6.0,0.5,4,,292,1017.5,17.7,19.3,12.2,,,
2026-10-09T02:40Z,240,4.0,6.0,0.5,4,,282,1017.6,17.5,19.3,12.1,,,
2026-10-09T02:50Z,240,5.0,6.0,0.5,3,,294,1017.6,17.4,19.3,12.0,,,
2026-10-09T03:00Z,240,5.0,6.0,0.6,4,,306,1017.7,17.4,19.2,12.1,,+1.4,
2026-10-09T03:10Z,240,5.0,7.0,0.6,4,,296,1017.9,17.5,19.3,12.2,,,
2026-10-09T03:20Z,270,5.0,9.0,0.6,4,,295,1017.9,17.8,19.3,12.3,,,
2026-10-09T03:30Z,300,7.0,9.0,0.7,4,,300,1017.7,19.2,19.2,11.3,,,
2026-10-09T03:40Z,310,7.0,9.0,0.7,4,,294,1017.7,19.2,19.2,11.9,,,
2026-10-09T03:50Z,320,7.0,9.0,0.8,4,,301,1017.7,19.1,19.2,11.7,,,
2026-10-09T04:00Z,320,7.0,9.0,0.7,4,,295,1017.7,19.0,19.2,10.9,,+0.9,
2026-10-09T04:10Z,320,7.0,9.0,0.8,4,,298,1017.6,18.9,19.2,10.6,,,
2026-10-09T04:20Z,320,7.0,9.0,0.8,4,,304,1017.6,18.9,19.2,10.8,,,
2026-10-09T04:30Z,330,8.0,10.0,0.8,4,,299,1017.7,18.8,19.2,10.5,,,
2026-10-09T04:40Z,320,7.0,9.0,0.8,4,,302,1017.9,18.7,19.2,10.2,,,
2026-10-09T04:50Z,320,7.0,9.0,0.8,4,,312,1018.0,18.6,19.2,9.7,,,
2026-10-09T05:00Z,320,7.0,9.0,0.8,4,,304,1018.0,18.5,19.2,9.9,,+0.8,
2026-10-09T05:10Z,320,7.0,9.0,0.8,4,,306,1018.0,18.4,19.2,10.1,,,
2026-10-09T05:20Z,330,7.0,9.0,0.8,4,,298,1018.1,18.3,19.2,10.3,,,
2026-10-09T05:30Z,330,7.0,9.0,0.8,4,,299,1018.1,18.2,19.2,10.0,,,
2026-10-09T05:40Z,330,7.0,9.0,0.8,4,,297,1018.1,18.1,19.2,9.9,,,
2026-10-09T05:50Z,320,7.0,10.0,0.8,4,,299,1018.3,18.0,19.2,9.8,,,
2026-10-09T06:00Z,330,7.0,9.0,0.8,4,,299,1018.6,18.0,19.2,9.8,,+0.9,
2026-10-09T06:10Z,330,7.0,9.0,0.8,4,,300,1018.6,17.9,19.2,10.1,,,
2026-10-09T06:20Z,340,6.0,9.0,0.8,4,,306,1018.4,17.8,19.2,10.4,,,
2026-10-09T06:30Z,340,6.0,9.0,0.8,4,,305,1018.4,17.7,19.2,10.1,,,
2026-10-09T06:40Z,340,6.0,8.0,0.8,4,,305,1018.5,17.5,19.2,10.0,,,
2026-10-09T06:50Z,350,7.0,9.0,0.8,4,,299,1018.4,17.4,19.2,10.3,,,
2026-10-09T07:00Z,350,6.0,8.0,0.8,4,,299,1018.2,17.3,19.2,9.8,,+0.5,
2026-10-09T07:10Z,350,6.0,8.0,0.8,4,,304,1018.1,17.2,19.2,9.6,,,
2026-10-09T07:20Z,350,6.0,8.0,0.8,4,,303,1018.2,17.1,19.2,9.4,,,
2026-10-09T07:30Z,350,6.0,8.0,0.8,4,,296,1018.5,17.1,19.2,9.5,,,
2026-10-09T07:40Z,350,6.0,8.0,0.8,4,,304,1018.7,17.1,19.2,9.8,,,
2026-10-09T07:50Z,350,6.0,8.0,0.7,4,,306,1018.8,17.1,19.2,9.0,,,
2026-10-09T08:00Z,340,6.0,8.0,0.7,4,,300,1019.0,17.0,19.2,8.8,,+1.0,
2026-10-09T08:10Z,350,5.0,8.0,0.8,4,,300,1018.9,17.0,19.2,8.7,,,
2026-10-09T08:20Z,350,5.0,8.0,0.7,4,,311,1018.9,17.0,19.2,8.4,,,
2026-10-09T08:30Z,350,5.0,7.0,0.7,4,,308,1018.9,16.9,19.1,8.5,,,
2026-10-09T08:40Z,350,5.0,7.0,0.7,4,,296,1019.3,16.9,19.2,8.4,,,
2026-10-09T08:50Z,350,5.0,7.0,0.7,4,,297,1019.5,16.8,19.2,8.8,,,
2026-10-09T09:00Z,350,5.0,7.0,0.7,4,,296,1019.7,16.8,19.2,8.8,,+1.1,
2026-10-09T09:10Z,350,5.0,7.0,0.7,4,,303,1019.8,16.7,19.2,8.4,,,
2026-10-09T09:20Z,350,4.0,6.0,0.7,4,,304,1019.9,16.7,19.1,8.0,,,
2026-10-09T09:30Z,350,4.0,6.0,0.7,4,,307,1019.9,16.7,19.2,7.8,,,
2026-10-09T09:40Z,10,4.0,5.0,0.6,4,,303,1019.7,16.6,19.1,7.7,,,
2026-10-09T09:50Z,10,3.0,5.0,0.6,4,,315,1019.7,16.6,19.2,8.1,,,
2026-10-09T10:00Z,360,3.0,5.0,0.6,4,,312,1019.7,16.6,19.1,7.8,,+1.5,
2026-10-09T10:10Z,10,3.0,5.0,0.6,4,,315,1019.8,16.5,19.1,7.8,,,
2026-10-09T10:30Z,360,4.0,5.0,0.6,4,,310,1020.2,16.6,19.1,7.4,,,
2026-10-09T10:40Z,360,3.0,5.0,0.6,4,,309,1020.2,16.6,19.1,7.2,,,
2026-10-09T10:50Z,360,3.0,4.0,0.6,4,,315,1020.4,16.6,19.1,7.5,,,
2026-10-09T11:00Z,360,2.0,3.0,0.6,4,,311,1020.6,16.5,19.1,7.7,,+1.6,
2026-10-09T11:10Z,330,2.0,3.0,0.6,4,,317,1020.7,16.6,19.1,7.1,,,
2026-10-09T11:20Z,220,3.0,5.0,0.6,3,,319,1021.0,15.9,19.1,9.4,,,
2026-10-09T11:30Z,210,4.0,5.0,0.5,4,,320,1021.1,14.2,19.1,10.0,,,
2026-10-09T11:40Z,220,4.0,5.0,0.5,4,,321,1021.1,13.8,19.1,9.6,,,
2026-10-09T11:50Z,210,4.0,5.0,0.5,4,,310,1021.1,13.7,19.1,9.6,,,
2026-10-09T12:00Z,210,4.0,5.0,0.5,4,,323,1021.1,13.8,19.1,9.7,,+1.5,
2026-10-09T12:10Z,210,4.0,6.0,0.5,4,,323,1021.2,14.2,19.1,10.0,,,
2026-10-09T12:20Z,210,4.0,6.0,0.6,3,,322,1021.3,14.0,19.1,9.9,,,
2026-10-09T12:30Z,210,4.0,6.0,0.5,3,,330,1021.6,13.7,19.1,9.7,,,
2026-10-09T12:40Z,200,4.0,5.0,0.5,4,,320,1021.5,13.7,19.1,9.6,,,
2026-10-09T12:50Z,200,4.0,5.0,0.5,3,,326,1021.6,14.0,19.1,9.8,,,
2026-10-09T13:00Z,190,4.0,5.0,0.5,4,,319,1021.6,14.1,19.1,10.0,,+1.9,
2026-10-09T13:10Z,190,4.0,5.0,0.4,3,,310,1021.7,14.1,19.1,9.9,,,
2026-10-09T13:20Z,180,4.0,5.0,0.4,4,,326,1021.7,14.2,19.1,9.8,,,
2026-10-09T13:30Z,190,4.0,5.0,0.4,3,,326,1021.7,14.3,19.1,9.7,,,
2026-10-09T13:40Z,190,4.0,5.0,0.4,3,,333,1021.7,14.5,19.1,9.7,,,
2026-10-09T13:50Z,200,4.0,5.0,0.4,3,,322,1021.9,14.7,19.1,9.8,,,
2026-10-09T14:00Z,200,4.0,5.0,0.4,3,,320,1022.0,15.1,19.1,9.9,,+1.5,
2026-10-09T14:10Z,190,4.0,5.0,0.4,4,,328,1022.1,15.5,19.1,10.0,,,
2026-10-09T14:20Z,200,4.0,5.0,0.4,3,,320,1022.1,15.7,19.1,9.9,,,
2026-10-09T14:30Z,190,4.0,5.0,0.4,3,,322,1022.1,16.0,19.1,9.8,,,
2026-10-09T14:40Z,200,3.0,5.0,0.3,3,,323,1022.3,16.3,19.1,9.5,,,
2026-10-09T14:50Z,190,3.0,4.0,0.3,3,,325,1022.3,16.6,19.1,9.2,,,
2026-10-09T15:00Z,200,3.0,4.0,0.3,3,,338,1022.4,16.9,19.2,8.8,,+1.2,
2026-10-09T15:10Z,200,2.0,4.0,0.3,3,,335,1022.5,17.2,19.2,8.2,,,
2026-10-09T15:20Z,220,2.0,3.0,0.3,3,,336,1022.6,17.5,19.2,7.7,,,
2026-10-09T15:30Z,220,2.0,3.0,0.3,3,,337,1022.7,17.8,19.2,8.2,,,
2026-10-09T15:40Z,240,2.0,3.0,0.3,3,,355,1022.6,17.9,19.2,7.9,,,
2026-10-09T15:50Z,240,2.0,4.0,0.2,,,297,1022.6,17.8,19.2,8.0,,,
2026-10-09T16:00Z,240,3.0,4.0,0.3,3,,340,1022.5,17.8,19.2,7.8,,+0.9,
2026-10-09T16:10Z,250,2.0,4.0,0.2,,,338,1022.6,18.0,19.3,7.5,,,
2026-10-09T16:20Z,250,2.0,3.0,0.2,,,317,1022.8,18.2,19.3,7.3,,,
2026-10-09T16:30Z,250,2.0,3.0,0.2,,,316,1022.8,18.2,19.3,7.9,,,
2026-10-09T16:40Z,260,2.0,2.0,0.2,,,336,1022.8,18.1,19.3,7.7,,,
2026-10-09T16:50Z,280,1.0,2.0,0.2,,,343,1022.7,18.5,19.3,7.7,,,
2026-10-09T17:00Z,290,1.0,2.0,0.2,,,314,1022.6,18.9,19.3,8.2,,+0.6,
2026-10-09T17:10Z,280,1.0,2.0,0.2,,,293,1022.6,18.8,19.3,8.2,,,
2026-10-09T17:20Z,300,1.0,3.0,0.2,,,313,1022.6,18.7,19.4,8.6,,,
