time_utc,WVHT,SwH,SwP,WWH,WWP,SwD,WWD,STEEPNESS,APD,MWD
2026-10-04T00:00Z,0.7,,,,,,,N/A,,61
2026-10-04T00:10Z,0.8,,,,,,,N/A,,62
2026-10-04T00:20Z,0.8,,,,,,,N/A,,63
2026-10-04T00:30Z,0.7,,,,,,,N/A,,66
2026-10-04T00:40Z,0.7,,,,,,,N/A,,65
2026-10-04T00:50Z,0.6,,,,,,,N/A,,70
2026-10-04T01:00Z,0.6,,,,,,,N/A,,66
2026-10-04T01:10Z,0.6,,,,,,,N/A,,63
2026-10-04T01:20Z,0.6,,,,,,,N/A,,64
2026-10-04T01:30Z,0.6,,,,,,,N/A,,70
2026-10-04T01:40Z,0.6,,,,,,,N/A,,66
2026-10-04T01:50Z,0.6,,,,,,,N/A,,62
2026-10-04T02:00Z,0.6,,,,,,,N/A,,65
2026-10-04T02:10Z,0.5,,,,,,,N/A,,64
2026-10-04T02:20Z,0.5,,,,,,,N/A,,64
2026-10-04T02:30Z,0.5,,,,,,,N/A,,59
2026-10-04T02:40Z,0.5,,,,,,,N/A,,51
2026-10-04T02:50Z,0.5,,,,,,,N/A,,53
2026-10-04T03:00Z,0.4,,,,,,,N/A,,59
2026-10-04T03:10Z,0.5,,,,,,,N/A,,60
2026-10-04T03:20Z,0.4,,,,,,,N/A,,60
2026-10-04T03:30Z,0.4,,,,,,,N/A,,66
2026-10-04T03:40Z,0.5,,,,,,,N/A,,62
2026-10-04T03:50Z,0.4,,,,,,,N/A,,63
2026-10-04T04:00Z,0.4,,,,,,,N/A,,64
2026-10-04T04:10Z,0.4,,,,,,,N/A,,63
2026-10-04T04:20Z,0.4,,,,,,,N/A,,63
2026-10-04T04:30Z,0.4,,,,,,,N/A,,61
2026-10-04T04:40Z,0.4,,,,,,,N/A,,56
2026-10-04T04:50Z,0.4,,,,,,,N/A,,58
2026-10-04T05:00Z,0.4,,,,,,,N/A,,57
2026-10-04T05:10Z,0.4,,,,,,,N/A,,57
2026-10-04T05:20Z,0.4,,,,,,,N/A,,54
2026-10-04T05:30Z,0.4,,,,,,,N/A,,57
2026-10-04T05:40Z,0.4,,,,,,,N/A,,56
2026-10-04T05:50Z,0.4,,,,,,,N/A,,56
2026-10-04T06:00Z,0.3,,,,,,,N/A,,56
2026-10-04T06:10Z,0.4,,,,,,,N/A,,56
2026-10-04T06:20Z,0.4,,,,,,,N/A,,52
2026-10-04T06:30Z,0.3,,,,,,,N/A,,45
2026-10-04T06:40Z,0.3,,,,,,,N/A,,50
2026-10-04T06:50Z,0.4,,,,,,,N/A,,50
2026-10-04T07:00Z,0.3,,,,,,,N/A,,42
2026-10-04T07:10Z,0.3,,,,,,,N/A,,52
2026-10-04T07:20Z,0.3,,,,,,,N/A,,55
2026-10-04T07:30Z,0.3,,,,,,,N/A,,48
2026-10-04T07:40Z,0.3,,,,,,,N/A,,48
2026-10-04T07:50Z,0.3,,,,,,,N/A,,54
2026-10-04T08:00Z,0.3,,,,,,,N/A,,50
2026-10-04T08:10Z,0.3,,,,,,,N/A,,44
2026-10-04T08:20Z,0.3,,,,,,,N/A,,48
2026-10-04T08:30Z,0.3,,,,,,,N/A,,50
2026-10-04T08:40Z,0.3,,,,,,,N/A,,48
2026-10-04T08:50Z,0.3,,,,,,,N/A,,45
2026-10-04T09:00Z,0.3,,,,,,,N/A,,41
2026-10-04T09:10Z,0.3,,,,,,,N/A,,44
2026-10-04T09:20Z,0.3,,,,,,,N/A,,42
2026-10-04T09:30Z,0.3,,,,,,,N/A,,39
2026-10-04T09:40Z,0.3,,,,,,,N/A,,43
2026-10-04T09:50Z,0.3,,,,,,,N/A,,45
2026-10-04T10:00Z,0.3,,,,,,,N/A,,40
2026-10-04T10:10Z,0.3,,,,,,,N/A,,43
2026-10-04T10:20Z,0.3,,,,,,,N/A,,42
2026-10-04T10:30Z,0.3,,,,,,,N/A,,48
2026-10-04T10:40Z,0.3,,,,,,,N/A,,49
2026-10-04T10:50Z,0.3,,,,,,,N/A,,37
2026-10-04T11:00Z,0.3,,,,,,,N/A,,35
2026-10-04T11:10Z,0.3,,,,,,,N/A,,36
2026-10-04T11:20Z,0.3,,,,,,,N/A,,46
2026-10-04T11:30Z,0.3,,,,,,,N/A,,50
2026-10-04T11:40Z,0.3,,,,,,,N/A,,50
2026-10-04T11:50Z,0.3,,,,,,,N/A,,58
2026-10-04T12:00Z,0.3,,,,,,,N/A,,55
2026-10-04T12:10Z,0.3,,,,,,,N/A,,50
2026-10-04T12:20Z,0.3,,,,,,,N/A,,48
2026-10-04T12:30Z,0.3,,,,,,,N/A,,50
2026-10-04T12:40Z,0.3,,,,,,,N/A,,50
2026-10-04T12:50Z,0.3,,,,,,,N/A,,50
2026-10-04T13:00Z,0.3,,,,,,,N/A,,45
2026-10-04T13:10Z,0.3,,,,,,,N/A,,53
2026-10-04T13:20Z,0.2,,,,,,,N/A,,52
2026-10-04T13:30Z,0.2,,,,,,,N/A,,53
2026-10-04T13:40Z,0.2,,,,,,,N/A,,51
2026-10-04T13:50Z,0.3,,,,,,,N/A,,50
2026-10-04T14:00Z,0.3,,,,,,,N/A,,55
2026-10-04T14:10Z,0.2,,,,,,,N/A,,50
2026-10-04T14:20Z,0.2,,,,,,,N/A,,32
2026-10-04T14:30Z,0.2,,,,,,,N/A,,32
2026-10-04T14:40Z,0.2,,,,,,,N/A,,24
2026-10-04T14:50Z,0.2,,,,,,,N/A,,24
2026-10-04T15:00Z,0.2,,,,,,,N/A,,24
2026-10-04T15:10Z,0.2,,,,,,,N/A,,26
2026-10-04T15:20Z,0.2,,,,,,,N/A,,28
2026-10-04T15:30Z,0.2,,,,,,,N/A,,24
2026-10-04T15:40Z,0.2,,,,,,,N/A,,16
2026-10-04T15:50Z,0.2,,,,,,,N/A,,312
2026-10-04T16:00Z,0.2,,,,,,,N/A,,228
2026-10-04T16:10Z,0.3,,,,,,,N/A,,246
2026-10-04T16:20Z,0.3,,,,,,,N/A,,268
2026-10-04T16:30Z,0.3,,,,,,,N/A,,271
2026-10-04T16:40Z,0.3,,,,,,,N/A,,266
2026-10-04T16:50Z,0.3,,,,,,,N/A,,264
2026-10-04T17:00Z,0.3,,,,,,,N/A,,267
2026-10-04T17:10Z,0.3,,,,,,,N/A,,282
2026-10-04T17:20Z,0.3,,,,,,,N/A,,268
2026-10-04T17:30Z,0.3,,,,,,,N/A,,253
2026-10-04T17:40Z,0.3,,,,,,,N/A,,264
2026-10-04T17:50Z,0.3,,,,,,,N/A,,273
2026-10-04T18:00Z,0.3,,,,,,,N/A,,286
2026-10-04T18:10Z,0.4,,,,,,,N/A,,276
2026-10-04T18:20Z,0.3,,,,,,,N/A,,274
2026-10-04T18:30Z,0.3,,,,,,,N/A,,279
2026-10-04T18:50Z,0.4,,,,,,,N/A,,277
2026-10-04T19:00Z,0.3,,,,,,,N/A,,288
2026-10-04T19:10Z,0.3,,,,,,,N/A,,284
2026-10-04T19:20Z,0.3,,,,,,,N/A,,290
2026-10-04T19:30Z,0.4,,,,,,,N/A,,287
2026-10-04T19:40Z,0.4,,,,,,,N/A,,286
2026-10-04T19:50Z,0.4,,,,,,,N/A,,283
2026-10-04T20:00Z,0.4,,,,,,,N/A,,279
2026-10-04T20:10Z,0.4,,,,,,,N/A,,298
2026-10-04T20:20Z,0.4,,,,,,,N/A,,304
2026-10-04T20:30Z,0.3,,,,,,,N/A,,296
2026-10-04T20:40Z,0.3,,,,,,,N/A,,310
2026-10-04T20:50Z,0.3,,,,,,,N/A,,290
2026-10-04T21:00Z,0.3,,,,,,,N/A,,294
2026-10-04T21:10Z,0.3,,,,,,,N/A,,286
2026-10-04T21:20Z,0.3,,,,,,,N/A,,280
2026-10-04T21:30Z,0.3,,,,,,,N/A,,307
2026-10-04T21:40Z,0.3,,,,,,,N/A,,317
2026-10-04T21:50Z,0.3,,,,,,,N/A,,310
2026-10-04T22:00Z,0.3,,,,,,,N/A,,318
2026-10-04T22:10Z,0.3,,,,,,,N/A,,317
2026-10-04T22:20Z,0.3,,,,,,,N/A,,315
2026-10-04T22:30Z,0.2,,,,,,,N/A,,322
2026-10-04T22:40Z,0.2,,,,,,,N/A,,338
2026-10-04T22:50Z,0.2,,,,,,,N/A,,332
2026-10-04T23:00Z,0.2,,,,,,,N/A,,337
2026-10-04T23:10Z,0.2,,,,,,,N/A,,317
2026-10-04T23:20Z,0.2,,,,,,,N/A,,326
2026-10-04T23:30Z,0.2,,,,,,,N/A,,316
2026-10-04T23:40Z,0.2,,,,,,,N/A,,339
2026-10-04T23:50Z,0.2,,,,,,,N/A,,312
2026-10-05T00:00Z,0.2,,,,,,,N/A,,317
2026-10-05T00:10Z,0.2,,,,,,,N/A,,316
2026-10-05T00:20Z,0.2,,,,,,,N/A,,311
2026-10-05T00:30Z,0.2,,,,,,,N/A,,329
2026-10-05T00:40Z,0.2,,,,,,,N/A,,321
2026-10-05T00:50Z,0.2,,,,,,,N/A,,295
2026-10-05T01:00Z,0.1,,,,,,,N/A,,289
2026-10-05T01:10Z,0.1,,,,,,,N/A,,282
2026-10-05T01:20Z,0.1,,,,,,,N/A,,282
2026-10-05T01:30Z,0.1,,,,,,,N/A,,294
2026-10-05T01:40Z,0.1,,,,,,,N/A,,300
2026-10-05T01:50Z,0.1,,,,,,,N/A,,273
2026-10-05T02:00Z,0.2,,,,,,,N/A,,287
2026-10-05T02:10Z,0.2,,,,,,,N/A,,248
2026-10-05T02:20Z,0.2,,,,,,,N/A,,260
2026-10-05T02:30Z,0.2,,,,,,,N/A,,269
2026-10-05T02:40Z,0.2,,,,,,,N/A,,272
2026-10-05T02:50Z,0.2,,,,,,,N/A,,272
2026-10-05T03:00Z,0.2,,,,,,,N/A,,264
2026-10-05T03:10Z,0.2,,,,,,,N/A,,265
2026-10-05T03:20Z,0.3,,,,,,,N/A,,259
2026-10-05T03:30Z,0.3,,,,,,,N/A,,267
2026-10-05T03:40Z,0.3,,,,,,,N/A,,274
2026-10-05T03:50Z,0.4,,,,,,,N/A,,271
2026-10-05T04:00Z,0.4,,,,,,,N/A,,272
2026-10-05T04:10Z,0.5,,,,,,,N/A,,273
2026-10-05T04:20Z,0.5,,,,,,,N/A,,284
2026-10-05T04:30Z,0.6,,,,,,,N/A,,280
2026-10-05T04:40Z,0.7,,,,,,,N/A,,291
2026-10-05T04:50Z,0.8,,,,,,,N/A,,290
2026-10-05T05:00Z,0.8,,,,,,,VERY_STEEP,,294
2026-10-05T05:10Z,0.8,,,,,,,VERY_STEEP,,294
2026-10-05T05:20Z,0.9,,,,,,,VERY_STEEP,,299
2026-10-05T05:30Z,0.8,,,,,,,VERY_STEEP,,293
2026-10-05T05:40Z,0.8,,,,,,,N/A,,292
2026-10-05T05:50Z,0.8,,,,,,,N/A,,296
2026-10-05T06:00Z,0.9,,,,,,,VERY_STEEP,,288
2026-10-05T06:10Z,1.0,,,,,,,VERY_STEEP,,294
2026-10-05T06:20Z,0.9,,,,,,,VERY_STEEP,,287
2026-10-05T06:30Z,0.9,,,,,,,VERY_STEEP,,294
2026-10-05T06:40Z,0.9,,,,,,,VERY_STEEP,,300
2026-10-05T06:50Z,1.0,,,,,,,VERY_STEEP,,301
2026-10-05T07:00Z,1.0,,,,,,,VERY_STEEP,,302
2026-10-05T07:10Z,1.2,,,,,,,VERY_STEEP,,299
2026-10-05T07:20Z,1.0,,,,,,,VERY_STEEP,,295
2026-10-05T07:30Z,1.0,,,,,,,VERY_STEEP,,292
2026-10-05T07:40Z,1.2,,,,,,,VERY_STEEP,,299
2026-10-05T07:50Z,1.2,,,,,,,VERY_STEEP,,294
2026-10-05T08:00Z,1.1,,,,,,,VERY_STEEP,,302
2026-10-05T08:10Z,1.0,,,,,,,VERY_STEEP,,295
2026-10-05T08:20Z,1.1,,,,,,,VERY_STEEP,,294
2026-10-05T08:30Z,1.2,,,,,,,VERY_STEEP,,309
2026-10-05T08:40Z,1.1,,,,,,,VERY_STEEP,,310
2026-10-05T08:50Z,1.1,,,,,,,VERY_STEEP,,314
2026-10-05T09:00Z,1.1,,,,,,,VERY_STEEP,,313
2026-10-05T09:10Z,1.2,,,,,,,VERY_STEEP,,307
2026-10-05T09:20Z,1.1,,,,,,,VERY_STEEP,,309
2026-10-05T09:30Z,1.1,,,,,,,VERY_STEEP,,317
2026-10-05T09:40Z,1.1,,,,,,,VERY_STEEP,,317
2026-10-05T09:50Z,1.2,,,,,,,VERY_STEEP,,307
2026-10-05T10:00Z,1.2,,,,,,,VERY_STEEP,,317
2026-10-05T10:10Z,1.0,,,,,,,VERY_STEEP,,301
2026-10-05T10:20Z,1.0,,,,,,,VERY_STEEP,,309
2026-10-05T10:30Z,1.0,,,,,,,VERY_STEEP,,303
2026-10-05T10:40Z,1.0,,,,,,,VERY_STEEP,,315
2026-10-05T10:50Z,1.1,,,,,,,VERY_STEEP,,322
2026-10-05T11:00Z,1.0,,,,,,,VERY_STEEP,,323
2026-10-05T11:10Z,0.9,,,,,,,VERY_STEEP,,318
2026-10-05T11:20Z,0.9,,,,,,,VERY_STEEP,,309
2026-10-05T11:30Z,0.9,,,,,,,VERY_STEEP,,317
2026-10-05T11:40Z,0.9,,,,,,,VERY_STEEP,,311
2026-10-05T11:50Z,0.9,,,,,,,VERY_STEEP,,308
2026-10-05T12:00Z,1.0,,,,,,,VERY_STEEP,,317
2026-10-05T12:10Z,1.0,,,,,,,VERY_STEEP,,315
2026-10-05T12:20Z,0.9,,,,,,,VERY_STEEP,,312
2026-10-05T12:30Z,1.1,,,,,,,VERY_STEEP,,320
2026-10-05T12:40Z,1.0,,,,,,,VERY_STEEP,,309
2026-10-05T12:50Z,1.0,,,,,,,VERY_STEEP,,310
2026-10-05T13:00Z,1.0,,,,,,,VERY_STEEP,,322
2026-10-05T13:10Z,1.1,,,,,,,VERY_STEEP,,311
2026-10-05T13:20Z,1.0,,,,,,,VERY_STEEP,,324
2026-10-05T13:30Z,1.1,,,,,,,VERY_STEEP,,312
2026-10-05T13:40Z,1.0,,,,,,,VERY_STEEP,,312
2026-10-05T13:50Z,1.0,,,,,,,VERY_STEEP,,305
2026-10-05T14:00Z,1.1,,,,,,,VERY_STEEP,,310
2026-10-05T14:10Z,1.1,,,,,,,VERY_STEEP,,312
2026-10-05T14:20Z,1.0,,,,,,,VERY_STEEP,,305
2026-10-05T14:30Z,1.0,,,,,,,VERY_STEEP,,310
2026-10-05T14:40Z,1.1,,,,,,,VERY_STEEP,,305
2026-10-05T14:50Z,1.3,,,,,,,VERY_STEEP,,307
2026-10-05T15:00Z,1.1,,,,,,,VERY_STEEP,,300
2026-10-05T15:10Z,1.1,,,,,,,VERY_STEEP,,302
2026-10-05T15:20Z,1.1,,,,,,,VERY_STEEP,,308
2026-10-05T15:30Z,1.1,,,,,,,VERY_STEEP,,305
2026-10-05T15:40Z,1.2,,,,,,,VERY_STEEP,,298
2026-10-05T15:50Z,1.1,,,,,,,VERY_STEEP,,300
2026-10-05T16:00Z,1.2,,,,,,,VERY_STEEP,,303
2026-10-05T16:10Z,1.1,,,,,,,VERY_STEEP,,299
2026-10-05T16:20Z,1.0,,,,,,,VERY_STEEP,,298
2026-10-05T16:30Z,1.1,,,,,,,VERY_STEEP,,306
2026-10-05T16:40Z,1.0,,,,,,,VERY_STEEP,,295
2026-10-05T16:50Z,1.0,,,,,,,VERY_STEEP,,300
2026-10-05T17:00Z,1.0,,,,,,,VERY_STEEP,,303
2026-10-05T17:10Z,0.9,,,,,,,VERY_STEEP,,302
2026-10-05T17:20Z,1.0,,,,,,,VERY_STEEP,,298
2026-10-05T17:30Z,1.0,,,,,,,VERY_STEEP,,302
2026-10-05T17:40Z,1.1,,,,,,,VERY_STEEP,,304
2026-10-05T17:50Z,1.0,,,,,,,VERY_STEEP,,301
2026-10-05T18:00Z,1.0,,,,,,,VERY_STEEP,,304
2026-10-05T18:10Z,0.9,,,,,,,VERY_STEEP,,298
2026-10-05T18:20Z,1.0,,,,,,,VERY_STEEP,,308
2026-10-05T18:30Z,1.0,,,,,,,VERY_STEEP,,302
2026-10-05T18:40Z,1.0,,,,,,,VERY_STEEP,,304
2026-10-05T18:50Z,1.0,,,,,,,VERY_STEEP,,303
2026-10-05T19:00Z,1.0,,,,,,,VERY_STEEP,,313
2026-10-05T19:10Z,1.0,,,,,,,VERY_STEEP,,301
2026-10-05T19:20Z,1.0,,,,,,,VERY_STEEP,,310
2026-10-05T19:30Z,1.0,,,,,,,VERY_STEEP,,299
2026-10-05T19:40Z,1.0,,,,,,,VERY_STEEP,,310
2026-10-05T19:50Z,0.9,,,,,,,VERY_STEEP,,315
2026-10-05T20:00Z,1.0,,,,,,,VERY_STEEP,,312
2026-10-05T20:10Z,1.0,,,,,,,VERY_STEEP,,303
2026-10-05T20:20Z,0.9,,,,,,,VERY_STEEP,,312
2026-10-05T20:30Z,1.0,,,,,,,VERY_STEEP,,316
2026-10-05T20:40Z,0.9,,,,,,,VERY_STEEP,,321
2026-10-05T20:50Z,0.9,,,,,,,VERY_STEEP,,310
2026-10-05T21:00Z,0.8,,,,,,,VERY_STEEP,,313
2026-10-05T21:10Z,0.9,,,,,,,VERY_STEEP,,305
2026-10-05T21:20Z,0.8,,,,,,,VERY_STEEP,,304
2026-10-05T21:30Z,0.8,,,,,,,N/A,,310
2026-10-05T21:40Z,0.8,,,,,,,VERY_STEEP,,300
2026-10-05T21:50Z,0.8,,,,,,,VERY_STEEP,,296
2026-10-05T22:00Z,0.8,,,,,,,N/A,,296
2026-10-05T22:10Z,0.8,,,,,,,N/A,,319
2026-10-05T22:20Z,0.7,,,,,,,N/A,,306
2026-10-05T22:30Z,0.7,,,,,,,N/A,,315
2026-10-05T22:40Z,0.7,,,,,,,N/A,,315
2026-10-05T22:50Z,0.7,,,,,,,N/A,,316
2026-10-05T23:00Z,0.7,,,,,,,N/A,,310
2026-10-05T23:10Z,0.7,,,,,,,N/A,,310
2026-10-05T23:20Z,0.7,,,,,,,N/A,,314
2026-10-05T23:30Z,0.6,,,,,,,N/A,,314
2026-10-05T23:40Z,0.7,,,,,,,N/A,,309
2026-10-05T23:50Z,0.6,,,,,,,N/A,,326
2026-10-06T00:00Z,0.6,,,,,,,N/A,,312
2026-10-06T00:10Z,0.7,,,,,,,N/A,,316
2026-10-06T00:20Z,0.7,,,,,,,N/A,,316
2026-10-06T00:30Z,0.7,,,,,,,N/A,,310
2026-10-06T00:40Z,0.7,,,,,,,N/A,,313
2026-10-06T00:50Z,0.7,,,,,,,N/A,,320
2026-10-06T01:00Z,0.7,,,,,,,N/A,,344
2026-10-06T01:10Z,0.7,,,,,,,N/A,,5
2026-10-06T01:20Z,0.6,,,,,,,N/A,,357
2026-10-06T01:30Z,0.7,,,,,,,N/A,,335
2026-10-06T01:40Z,0.7,,,,,,,N/A,,353
2026-10-06T01:50Z,0.7,,,,,,,N/A,,359
2026-10-06T02:00Z,0.7,,,,,,,N/A,,1
2026-10-06T02:10Z,0.7,,,,,,,N/A,,3
2026-10-06T02:20Z,0.6,,,,,,,N/A,,6
2026-10-06T02:30Z,0.6,,,,,,,N/A,,10
2026-10-06T02:40Z,0.6,,,,,,,N/A,,356
2026-10-06T02:50Z,0.6,,,,,,,N/A,,5
2026-10-06T03:00Z,0.6,,,,,,,N/A,,351
2026-10-06T03:10Z,0.6,,,,,,,N/A,,23
2026-10-06T03:20Z,0.6,,,,,,,N/A,,7
2026-10-06T03:30Z,0.6,,,,,,,N/A,,28
2026-10-06T03:40Z,0.7,,,,,,,N/A,,2
2026-10-06T03:50Z,0.6,,,,,,,N/A,,36
2026-10-06T04:00Z,0.6,,,,,,,N/A,,32
2026-10-06T04:10Z,0.6,,,,,,,N/A,,28
2026-10-06T04:20Z,0.6,,,,,,,N/A,,13
2026-10-06T04:30Z,0.6,,,,,,,N/A,,24
2026-10-06T04:40Z,0.5,,,,,,,N/A,,1
2026-10-06T04:50Z,0.5,,,,,,,N/A,,14
2026-10-06T05:00Z,0.5,,,,,,,N/A,,28
2026-10-06T05:10Z,0.5,,,,,,,N/A,,31
2026-10-06T05:20Z,0.5,,,,,,,N/A,,37
2026-10-06T05:30Z,0.5,,,,,,,N/A,,34
2026-10-06T05:40Z,0.5,,,,,,,N/A,,27
2026-10-06T05:50Z,0.5,,,,,,,N/A,,25
2026-10-06T06:00Z,0.4,,,,,,,N/A,,22
2026-10-06T06:10Z,0.4,,,,,,,N/A,,30
2026-10-06T06:20Z,0.4,,,,,,,N/A,,27
2026-10-06T06:30Z,0.4,,,,,,,N/A,,24
2026-10-06T06:40Z,0.4,,,,,,,N/A,,27
2026-10-06T06:50Z,0.4,,,,,,,N/A,,30
2026-10-06T07:00Z,0.3,,,,,,,N/A,,29
2026-10-06T07:10Z,0.4,,,,,,,N/A,,32
2026-10-06T07:20Z,0.3,,,,,,,N/A,,36
2026-10-06T07:30Z,0.3,,,,,,,N/A,,35
2026-10-06T07:40Z,0.3,,,,,,,N/A,,24
2026-10-06T07:50Z,0.3,,,,,,,N/A,,31
2026-10-06T08:00Z,0.3,,,,,,,N/A,,33
2026-10-06T08:10Z,0.3,,,,,,,N/A,,47
2026-10-06T08:20Z,0.3,,,,,,,N/A,,31
2026-10-06T08:30Z,0.3,,,,,,,N/A,,43
2026-10-06T08:40Z,0.3,,,,,,,N/A,,39
2026-10-06T08:50Z,0.3,,,,,,,N/A,,46
2026-10-06T09:00Z,0.3,,,,,,,N/A,,34
2026-10-06T09:10Z,0.2,,,,,,,N/A,,43
2026-10-06T09:20Z,0.2,,,,,,,N/A,,43
2026-10-06T09:30Z,0.2,,,,,,,N/A,,47
2026-10-06T09:40Z,0.2,,,,,,,N/A,,38
2026-10-06T09:50Z,0.2,,,,,,,N/A,,40
2026-10-06T10:00Z,0.2,,,,,,,N/A,,35
2026-10-06T10:10Z,0.2,,,,,,,N/A,,42
2026-10-06T10:20Z,0.2,,,,,,,N/A,,43
2026-10-06T10:30Z,0.2,,,,,,,N/A,,45
2026-10-06T10:40Z,0.2,,,,,,,N/A,,34
2026-10-06T10:50Z,0.2,,,,,,,N/A,,45
2026-10-06T11:00Z,0.2,,,,,,,N/A,,42
2026-10-06T11:10Z,0.2,,,,,,,N/A,,43
2026-10-06T11:20Z,0.2,,,,,,,N/A,,46
2026-10-06T11:30Z,0.2,,,,,,,N/A,,45
2026-10-06T11:40Z,0.2,,,,,,,N/A,,42
2026-10-06T11:50Z,0.2,,,,,,,N/A,,44
2026-10-06T12:00Z,0.2,,,,,,,N/A,,38
2026-10-06T12:10Z,0.2,,,,,,,N/A,,45
2026-10-06T12:20Z,0.2,,,,,,,N/A,,37
2026-10-06T12:30Z,0.2,,,,,,,N/A,,36
2026-10-06T12:40Z,0.1,,,,,,,N/A,,42
2026-10-06T12:50Z,0.2,,,,,,,N/A,,42
2026-10-06T13:00Z,0.1,,,,,,,N/A,,38
2026-10-06T13:10Z,0.2,,,,,,,N/A,,38
2026-10-06T13:20Z,0.2,,,,,,,N/A,,38
2026-10-06T13:30Z,0.1,,,,,,,N/A,,26
2026-10-06T13:40Z,0.1,,,,,,,N/A,,43
2026-10-06T13:50Z,0.1,,,,,,,N/A,,49
2026-10-06T14:00Z,0.1,,,,,,,N/A,,42
2026-10-06T14:10Z,0.1,,,,,,,N/A,,39
2026-10-06T14:20Z,0.1,,,,,,,N/A,,37
2026-10-06T14:30Z,0.1,,,,,,,N/A,,56
2026-10-06T14:40Z,0.1,,,,,,,N/A,,41
2026-10-06T14:50Z,0.1,,,,,,,N/A,,41
2026-10-06T15:00Z,0.2,,,,,,,N/A,,49
2026-10-06T15:10Z,0.1,,,,,,,N/A,,49
2026-10-06T15:20Z,0.1,,,,,,,N/A,,31
2026-10-06T15:30Z,0.1,,,,,,,N/A,,28
2026-10-06T15:40Z,0.1,,,,,,,N/A,,34
2026-10-06T15:50Z,0.1,,,,,,,N/A,,39
2026-10-06T16:00Z,0.1,,,,,,,N/A,,34
2026-10-06T16:10Z,0.1,,,,,,,N/A,,47
2026-10-06T16:20Z,0.1,,,,,,,N/A,,36
2026-10-06T16:30Z,0.1,,,,,,,N/A,,23
2026-10-06T16:40Z,0.1,,,,,,,N/A,,23
2026-10-06T16:50Z,0.1,,,,,,,N/A,,21
2026-10-06T17:00Z,0.1,,,,,,,N/A,,23
2026-10-06T17:10Z,0.1,,,,,,,N/A,,15
2026-10-06T17:20Z,0.1,,,,,,,N/A,,6
2026-10-06T17:30Z,0.1,,,,,,,N/A,,20
2026-10-06T17:40Z,0.1,,,,,,,N/A,,13
2026-10-06T17:50Z,0.1,,,,,,,N/A,,10
2026-10-06T18:00Z,0.1,,,,,,,N/A,,13
2026-10-06T18:10Z,0.2,,,,,,,N/A,,358
2026-10-06T18:20Z,0.2,,,,,,,N/A,,0
2026-10-06T18:30Z,0.1,,,,,,,N/A,,14
2026-10-06T18:40Z,0.1,,,,,,,N/A,,26
2026-10-06T18:50Z,0.1,,,,,,,N/A,,356
2026-10-06T19:00Z,0.1,,,,,,,N/A,,189
2026-10-06T19:10Z,0.1,,,,,,,N/A,,19
2026-10-06T19:20Z,0.1,,,,,,,N/A,,22
2026-10-06T19:30Z,0.1,,,,,,,N/A,,22
2026-10-06T19:40Z,0.1,,,,,,,N/A,,19
2026-10-06T19:50Z,0.1,,,,,,,N/A,,324
2026-10-06T20:00Z,0.1,,,,,,,N/A,,24
2026-10-06T20:10Z,0.1,,,,,,,N/A,,10
2026-10-06T20:20Z,0.1,,,,,,,N/A,,358
2026-10-06T20:30Z,0.1,,,,,,,N/A,,14
2026-10-06T20:40Z,0.1,,,,,,,N/A,,70
2026-10-06T20:50Z,0.1,,,,,,,N/A,,13
2026-10-06T21:00Z,0.1,,,,,,,N/A,,24
2026-10-06T21:10Z,0.1,,,,,,,N/A,,29
2026-10-06T21:20Z,0.1,,,,,,,N/A,,14
2026-10-06T21:30Z,0.1,,,,,,,N/A,,2
2026-10-06T21:40Z,0.1,,,,,,,N/A,,343
2026-10-06T21:50Z,0.1,,,,,,,N/A,,57
2026-10-06T22:00Z,0.1,,,,,,,N/A,,216
2026-10-06T22:10Z,0.1,,,,,,,N/A,,308
2026-10-06T22:20Z,0.1,,,,,,,N/A,,277
2026-10-06T22:30Z,0.1,,,,,,,N/A,,340
2026-10-06T22:40Z,0.1,,,,,,,N/A,,51
2026-10-06T22:50Z,0.1,,,,,,,N/A,,31
2026-10-06T23:00Z,0.1,,,,,,,N/A,,17
2026-10-06T23:10Z,0.1,,,,,,,N/A,,11
2026-10-06T23:20Z,0.1,,,,,,,N/A,,27
2026-10-06T23:30Z,0.1,,,,,,,N/A,,354
2026-10-06T23:40Z,0.1,,,,,,,N/A,,28
2026-10-06T23:50Z,0.1,,,,,,,N/A,,226
2026-10-07T00:00Z,0.1,,,,,,,N/A,,234
2026-10-07T00:10Z,0.1,,,,,,,N/A,,352
2026-10-07T00:20Z,0.1,,,,,,,N/A,,38
2026-10-07T00:30Z,0.1,,,,,,,N/A,,47
2026-10-07T00:40Z,0.1,,,,,,,N/A,,30
2026-10-07T00:50Z,0.1,,,,,,,N/A,,355
2026-10-07T01:00Z,0.1,,,,,,,N/A,,358
2026-10-07T01:10Z,0.0,,,,,,,N/A,,5
2026-10-07T01:20Z,0.0,,,,,,,N/A,,15
2026-10-07T01:30Z,0.0,,,,,,,N/A,,8
2026-10-07T01:40Z,0.0,,,,,,,N/A,,98
2026-10-07T01:50Z,0.0,,,,,,,N/A,,27
2026-10-07T02:00Z,0.0,,,,,,,N/A,,4
2026-10-07T02:10Z,0.0,,,,,,,N/A,,4
2026-10-07T02:20Z,0.0,,,,,,,N/A,,31
2026-10-07T02:30Z,0.0,,,,,,,N/A,,26
2026-10-07T02:40Z,0.0,,,,,,,N/A,,56
2026-10-07T02:50Z,0.0,,,,,,,N/A,,20
2026-10-07T03:00Z,0.0,,,,,,,N/A,,27
2026-10-07T03:10Z,0.0,,,,,,,N/A,,12
2026-10-07T03:20Z,0.0,,,,,,,N/A,,14
2026-10-07T03:30Z,0.0,,,,,,,N/A,,20
2026-10-07T03:40Z,0.0,,,,,,,N/A,,2
2026-10-07T03:50Z,0.0,,,,,,,N/A,,12
2026-10-07T04:00Z,0.0,,,,,,,N/A,,360
2026-10-07T04:10Z,0.0,,,,,,,N/A,,349
2026-10-07T04:20Z,0.0,,,,,,,N/A,,348
2026-10-07T04:30Z,0.0,,,,,,,N/A,,290
2026-10-07T04:40Z,0.0,,,,,,,N/A,,345
2026-10-07T04:50Z,0.0,,,,,,,N/A,,351
2026-10-07T05:00Z,0.1,,,,,,,N/A,,354
2026-10-07T05:10Z,0.1,,,,,,,N/A,,358
2026-10-07T05:20Z,0.1,,,,,,,N/A,,13
2026-10-07T05:30Z,0.1,,,,,,,N/A,,355
2026-10-07T05:40Z,0.1,,,,,,,N/A,,11
2026-10-07T05:50Z,0.1,,,,,,,N/A,,358
2026-10-07T06:00Z,0.1,,,,,,,N/A,,331
2026-10-07T06:10Z,0.1,,,,,,,N/A,,185
2026-10-07T06:20Z,0.1,,,,,,,N/A,,88
2026-10-07T06:30Z,0.1,,,,,,,N/A,,185
2026-10-07T06:40Z,0.1,,,,,,,N/A,,111
2026-10-07T06:50Z,0.1,,,,,,,N/A,,15
2026-10-07T07:00Z,0.1,,,,,,,N/A,,348
2026-10-07T07:10Z,0.1,,,,,,,N/A,,236
2026-10-07T07:20Z,0.1,,,,,,,N/A,,209
2026-10-07T07:30Z,0.1,,,,,,,N/A,,206
2026-10-07T07:40Z,0.1,,,,,,,N/A,,20
2026-10-07T07:50Z,0.1,,,,,,,N/A,,357
2026-10-07T08:00Z,0.1,,,,,,,N/A,,187
2026-10-07T08:10Z,0.1,,,,,,,N/A,,357
2026-10-07T08:20Z,0.1,,,,,,,N/A,,333
2026-10-07T08:30Z,0.1,,,,,,,N/A,,36
2026-10-07T08:40Z,0.2,,,,,,,N/A,,40
2026-10-07T08:50Z,0.2,,,,,,,N/A,,214
2026-10-07T09:00Z,0.2,,,,,,,N/A,,203
2026-10-07T09:10Z,0.2,,,,,,,N/A,,315
2026-10-07T09:20Z,0.2,,,,,,,N/A,,202
2026-10-07T09:30Z,0.2,,,,,,,N/A,,236
2026-10-07T09:40Z,0.2,,,,,,,N/A,,183
2026-10-07T09:50Z,0.2,,,,,,,N/A,,263
2026-10-07T10:00Z,0.2,,,,,,,N/A,,192
2026-10-07T10:10Z,0.2,,,,,,,N/A,,335
2026-10-07T10:20Z,0.2,,,,,,,N/A,,303
2026-10-07T10:30Z,0.2,,,,,,,N/A,,301
2026-10-07T10:40Z,0.2,,,,,,,N/A,,301
2026-10-07T10:50Z,0.2,,,,,,,N/A,,304
2026-10-07T11:00Z,0.2,,,,,,,N/A,,303
2026-10-07T11:10Z,0.2,,,,,,,N/A,,300
2026-10-07T11:20Z,0.3,,,,,,,N/A,,235
2026-10-07T11:30Z,0.3,,,,,,,N/A,,294
2026-10-07T11:40Z,0.3,,,,,,,N/A,,302
2026-10-07T11:50Z,0.3,,,,,,,N/A,,291
2026-10-07T12:00Z,0.3,,,,,,,N/A,,302
2026-10-07T12:10Z,0.3,,,,,,,N/A,,293
2026-10-07T12:20Z,0.4,,,,,,,N/A,,302
2026-10-07T12:30Z,0.4,,,,,,,N/A,,298
2026-10-07T12:40Z,0.4,,,,,,,N/A,,298
2026-10-07T12:50Z,0.4,,,,,,,N/A,,292
2026-10-07T13:00Z,0.4,,,,,,,N/A,,290
2026-10-07T13:10Z,0.4,,,,,,,N/A,,206
2026-10-07T13:20Z,0.4,,,,,,,N/A,,306
2026-10-07T13:30Z,0.4,,,,,,,N/A,,297
2026-10-07T13:40Z,0.4,,,,,,,N/A,,289
2026-10-07T13:50Z,0.4,,,,,,,N/A,,296
2026-10-07T14:00Z,0.4,,,,,,,N/A,,291
2026-10-07T14:10Z,0.4,,,,,,,N/A,,291
2026-10-07T14:20Z,0.4,,,,,,,N/A,,291
2026-10-07T14:30Z,0.4,,,,,,,N/A,,294
2026-10-07T14:40Z,0.4,,,,,,,N/A,,291
2026-10-07T14:50Z,0.4,,,,,,,N/A,,290
2026-10-07T15:00Z,0.4,,,,,,,N/A,,291
2026-10-07T15:10Z,0.4,,,,,,,N/A,,297
2026-10-07T15:20Z,0.4,,,,,,,N/A,,292
2026-10-07T15:30Z,0.4,,,,,,,N/A,,289
2026-10-07T15:40Z,0.4,,,,,,,N/A,,287
2026-10-07T15:50Z,0.5,,,,,,,N/A,,290
2026-10-07T16:00Z,0.4,,,,,,,N/A,,288
2026-10-07T16:10Z,0.4,,,,,,,N/A,,289
2026-10-07T16:20Z,0.4,,,,,,,N/A,,288
2026-10-07T16:30Z,0.5,,,,,,,N/A,,286
2026-10-07T16:40Z,0.5,,,,,,,N/A,,282
2026-10-07T16:50Z,0.4,,,,,,,N/A,,290
2026-10-07T17:00Z,0.4,,,,,,,N/A,,288
2026-10-07T17:10Z,0.5,,,,,,,N/A,,287
2026-10-07T17:20Z,0.5,,,,,,,N/A,,287
2026-10-07T17:30Z,0.5,,,,,,,N/A,,284
2026-10-07T17:40Z,0.5,,,,,,,N/A,,290
2026-10-07T17:50Z,0.5,,,,,,,N/A,,288
2026-10-07T18:00Z,0.5,,,,,,,N/A,,285
2026-10-07T18:10Z,0.5,,,,,,,N/A,,281
2026-10-07T18:20Z,0.5,,,,,,,N/A,,286
2026-10-07T18:30Z,0.5,,,,,,,N/A,,281
2026-10-07T18:40Z,0.5,,,,,,,N/A,,287
2026-10-07T18:50Z,0.5,,,,,,,N/A,,284
2026-10-07T19:00Z,0.5,,,,,,,N/A,,286
2026-10-07T19:10Z,0.5,,,,,,,N/A,,286
2026-10-07T19:20Z,0.5,,,,,,,N/A,,291
2026-10-07T19:30Z,0.5,,,,,,,N/A,,292
2026-10-07T19:40Z,0.5,,,,,,,N/A,,295
2026-10-07T19:50Z,0.4,,,,,,,N/A,,290
2026-10-07T20:00Z,0.5,,,,,,,N/A,,277
2026-10-07T20:10Z,0.4,,,,,,,N/A,,277
2026-10-07T20:20Z,0.5,,,,,,,N/A,,283
2026-10-07T20:30Z,0.5,,,,,,,N/A,,277
2026-10-07T20:40Z,0.4,,,,,,,N/A,,287
2026-10-07T20:50Z,0.4,,,,,,,N/A,,281
2026-10-07T21:00Z,0.4,,,,,,,N/A,,280
2026-10-07T21:10Z,0.4,,,,,,,N/A,,280
2026-10-07T21:20Z,0.4,,,,,,,N/A,,284
2026-10-07T21:30Z,0.4,,,,,,,N/A,,277
2026-10-07T21:40Z,0.4,,,,,,,N/A,,280
2026-10-07T21:50Z,0.4,,,,,,,N/A,,302
2026-10-07T22:00Z,0.4,,,,,,,N/A,,289
2026-10-07T22:10Z,0.4,,,,,,,N/A,,290
2026-10-07T22:20Z,0.4,,,,,,,N/A,,289
2026-10-07T22:30Z,0.4,,,,,,,N/A,,283
2026-10-07T22:40Z,0.4,,,,,,,N/A,,286
2026-10-07T22:50Z,0.4,,,,,,,N/A,,287
2026-10-07T23:00Z,0.4,,,,,,,N/A,,295
2026-10-07T23:10Z,0.4,,,,,,,N/A,,285
2026-10-07T23:20Z,0.4,,,,,,,N/A,,280
2026-10-07T23:30Z,0.3,,,,,,,N/A,,291
2026-10-07T23:40Z,0.3,,,,,,,N/A,,296
2026-10-07T23:50Z,0.3,,,,,,,N/A,,293
2026-10-08T00:00Z,0.3,,,,,,,N/A,,284
2026-10-08T00:10Z,0.3,,,,,,,N/A,,282
2026-10-08T00:20Z,0.3,,,,,,,N/A,,269
2026-10-08T00:30Z,0.3,,,,,,,N/A,,275
2026-10-08T00:40Z,0.3,,,,,,,N/A,,287
2026-10-08T00:50Z,0.3,,,,,,,N/A,,279
2026-10-08T01:00Z,0.3,,,,,,,N/A,,280
2026-10-08T01:10Z,0.3,,,,,,,N/A,,277
2026-10-08T01:20Z,0.3,,,,,,,N/A,,276
2026-10-08T01:30Z,0.3,,,,,,,N/A,,274
2026-10-08T01:40Z,0.3,,,,,,,N/A,,268
2026-10-08T01:50Z,0.3,,,,,,,N/A,,276
2026-10-08T02:00Z,0.3,,,,,,,N/A,,270
2026-10-08T02:10Z,0.3,,,,,,,N/A,,270
2026-10-08T02:20Z,0.4,,,,,,,N/A,,275
2026-10-08T02:30Z,0.4,,,,,,,N/A,,279
2026-10-08T02:40Z,0.5,,,,,,,N/A,,269
2026-10-08T02:50Z,0.6,,,,,,,N/A,,273
2026-10-08T03:00Z,0.6,,,,,,,N/A,,270
2026-10-08T03:10Z,0.6,,,,,,,N/A,,270
2026-10-08T03:20Z,0.6,,,,,,,N/A,,269
2026-10-08T03:30Z,0.7,,,,,,,N/A,,273
2026-10-08T03:40Z,0.7,,,,,,,N/A,,272
2026-10-08T03:50Z,0.8,,,,,,,N/A,,276
2026-10-08T04:00Z,0.8,,,,,,,VERY_STEEP,,274
2026-10-08T04:10Z,0.8,,,,,,,VERY_STEEP,,284
2026-10-08T04:20Z,0.9,,,,,,,VERY_STEEP,,285
2026-10-08T04:30Z,1.0,,,,,,,VERY_STEEP,,292
2026-10-08T04:40Z,1.0,,,,,,,VERY_STEEP,,285
2026-10-08T04:50Z,1.1,,,,,,,VERY_STEEP,,289
2026-10-08T05:00Z,1.1,,,,,,,VERY_STEEP,,286
2026-10-08T05:10Z,1.1,,,,,,,VERY_STEEP,,283
2026-10-08T05:20Z,1.1,,,,,,,VERY_STEEP,,281
2026-10-08T05:30Z,1.0,,,,,,,VERY_STEEP,,284
2026-10-08T05:40Z,1.0,,,,,,,VERY_STEEP,,282
2026-10-08T05:50Z,1.0,,,,,,,VERY_STEEP,,284
2026-10-08T06:00Z,0.9,,,,,,,VERY_STEEP,,284
2026-10-08T06:10Z,0.9,,,,,,,VERY_STEEP,,287
2026-10-08T06:20Z,0.9,,,,,,,VERY_STEEP,,287
2026-10-08T06:30Z,0.8,,,,,,,VERY_STEEP,,286
2026-10-08T06:40Z,0.8,,,,,,,VERY_STEEP,,289
2026-10-08T06:50Z,0.8,,,,,,,VERY_STEEP,,289
2026-10-08T07:00Z,0.8,,,,,,,VERY_STEEP,,290
2026-10-08T07:10Z,0.7,,,,,,,N/A,,289
2026-10-08T07:20Z,0.7,,,,,,,N/A,,291
2026-10-08T07:30Z,0.8,,,,,,,N/A,,286
2026-10-08T07:40Z,0.7,,,,,,,N/A,,286
2026-10-08T07:50Z,0.7,,,,,,,N/A,,284
2026-10-08T08:00Z,0.7,,,,,,,N/A,,286
2026-10-08T08:10Z,0.7,,,,,,,N/A,,285
2026-10-08T08:20Z,0.7,,,,,,,N/A,,285
2026-10-08T08:30Z,0.6,,,,,,,N/A,,295
2026-10-08T08:40Z,0.7,,,,,,,N/A,,288
2026-10-08T09:10Z,0.9,,,,,,,VERY_STEEP,,286
2026-10-08T09:20Z,0.9,,,,,,,VERY_STEEP,,282
2026-10-08T09:30Z,0.9,,,,,,,VERY_STEEP,,279
2026-10-08T09:40Z,0.8,,,,,,,VERY_STEEP,,285
2026-10-08T09:50Z,0.8,,,,,,,VERY_STEEP,,286
2026-10-08T10:00Z,0.8,,,,,,,VERY_STEEP,,286
2026-10-08T10:10Z,0.8,,,,,,,N/A,,284
2026-10-08T10:20Z,0.7,,,,,,,N/A,,292
2026-10-08T10:30Z,0.8,,,,,,,N/A,,296
2026-10-08T10:40Z,0.7,,,,,,,N/A,,286
2026-10-08T10:50Z,0.8,,,,,,,N/A,,299
2026-10-08T11:00Z,0.8,,,,,,,N/A,,286
2026-10-08T11:10Z,0.7,,,,,,,N/A,,280
2026-10-08T11:20Z,0.7,,,,,,,N/A,,293
2026-10-08T11:30Z,0.7,,,,,,,N/A,,285
2026-10-08T11:40Z,0.7,,,,,,,N/A,,290
2026-10-08T11:50Z,0.7,,,,,,,N/A,,295
2026-10-08T12:00Z,0.6,,,,,,,N/A,,292
2026-10-08T12:10Z,0.7,,,,,,,N/A,,294
2026-10-08T12:20Z,0.7,,,,,,,N/A,,300
2026-10-08T12:30Z,0.6,,,,,,,N/A,,290
2026-10-08T12:40Z,0.7,,,,,,,N/A,,297
2026-10-08T12:50Z,0.6,,,,,,,N/A,,298
2026-10-08T13:00Z,0.6,,,,,,,N/A,,291
2026-10-08T13:10Z,0.7,,,,,,,N/A,,288
2026-10-08T13:20Z,0.6,,,,,,,N/A,,282
2026-10-08T13:30Z,0.7,,,,,,,N/A,,288
2026-10-08T13:40Z,0.7,,,,,,,N/A,,287
2026-10-08T13:50Z,0.6,,,,,,,N/A,,277
2026-10-08T14:00Z,0.7,,,,,,,N/A,,281
2026-10-08T14:10Z,0.7,,,,,,,N/A,,282
2026-10-08T14:20Z,0.6,,,,,,,N/A,,286
2026-10-08T14:30Z,0.6,,,,,,,N/A,,285
2026-10-08T14:40Z,0.7,,,,,,,N/A,,290
2026-10-08T14:50Z,0.6,,,,,,,N/A,,286
2026-10-08T15:00Z,0.6,,,,,,,N/A,,282
2026-10-08T15:10Z,0.6,,,,,,,N/A,,293
2026-10-08T15:20Z,0.7,,,,,,,N/A,,286
2026-10-08T15:30Z,0.7,,,,,,,N/A,,286
2026-10-08T15:40Z,0.7,,,,,,,N/A,,284
2026-10-08T15:50Z,0.7,,,,,,,N/A,,286
2026-10-08T16:00Z,0.7,,,,,,,N/A,,291
2026-10-08T16:10Z,0.7,,,,,,,N/A,,292
2026-10-08T16:20Z,0.7,,,,,,,N/A,,289
2026-10-08T16:30Z,0.7,,,,,,,N/A,,283
2026-10-08T16:40Z,0.7,,,,,,,N/A,,289
2026-10-08T16:50Z,0.7,,,,,,,N/A,,289
2026-10-08T17:00Z,0.7,,,,,,,N/A,,289
2026-10-08T17:10Z,0.7,,,,,,,N/A,,284
2026-10-08T17:20Z,0.7,,,,,,,N/A,,287
2026-10-08T17:30Z,0.7,,,,,,,N/A,,287
2026-10-08T17:40Z,0.7,,,,,,,N/A,,280
2026-10-08T17:50Z,0.7,,,,,,,N/A,,288
2026-10-08T18:00Z,0.6,,,,,,,N/A,,282
2026-10-08T18:10Z,0.7,,,,,,,N/A,,286
2026-10-08T18:20Z,0.7,,,,,,,N/A,,279
2026-10-08T18:30Z,0.7,,,,,,,N/A,,280
2026-10-08T18:40Z,0.6,,,,,,,N/A,,280
2026-10-08T18:50Z,0.6,,,,,,,N/A,,277
2026-10-08T19:00Z,0.6,,,,,,,N/A,,286
2026-10-08T19:10Z,0.6,,,,,,,N/A,,284
2026-10-08T19:20Z,0.7,,,,,,,N/A,,282
2026-10-08T19:30Z,0.6,,,,,,,N/A,,277
2026-10-08T19:40Z,0.6,,,,,,,N/A,,283
2026-10-08T19:50Z,0.6,,,,,,,N/A,,285
2026-10-08T20:00Z,0.6,,,,,,,N/A,,284
2026-10-08T20:10Z,0.6,,,,,,,N/A,,278
2026-10-08T20:20Z,0.6,,,,,,,N/A,,276
2026-10-08T20:30Z,0.5,,,,,,,N/A,,281
2026-10-08T20:40Z,0.6,,,,,,,N/A,,276
2026-10-08T20:50Z,0.6,,,,,,,N/A,,283
2026-10-08T21:00Z,0.6,,,,,,,N/A,,276
2026-10-08T21:10Z,0.6,,,,,,,N/A,,284
2026-10-08T21:20Z,0.7,,,,,,,N/A,,287
2026-10-08T21:30Z,0.7,,,,,,,N/A,,280
2026-10-08T21:40Z,0.7,,,,,,,N/A,,281
2026-10-08T21:50Z,0.7,,,,,,,N/A,,282
2026-10-08T22:00Z,0.8,,,,,,,N/A,,278
2026-10-08T22:10Z,0.7,,,,,,,N/A,,287
2026-10-08T22:20Z,0.7,,,,,,,N/A,,279
2026-10-08T22:30Z,0.7,,,,,,,N/A,,284
2026-10-08T22:40Z,0.8,,,,,,,N/A,,290
2026-10-08T22:50Z,0.8,,,,,,,N/A,,285
2026-10-08T23:00Z,0.8,,,,,,,N/A,,284
2026-10-08T23:10Z,0.7,,,,,,,N/A,,282
2026-10-08T23:20Z,0.8,,,,,,,N/A,,282
2026-10-08T23:30Z,0.7,,,,,,,N/A,,280
2026-10-08T23:40Z,0.7,,,,,,,N/A,,283
2026-10-08T23:50Z,0.6,,,,,,,N/A,,275
2026-10-09T00:00Z,0.6,,,,,,,N/A,,282
2026-10-09T00:10Z,0.6,,,,,,,N/A,,282
2026-10-09T00:20Z,0.6,,,,,,,N/A,,286
2026-10-09T00:30Z,0.6,,,,,,,N/A,,285
2026-10-09T00:40Z,0.5,,,,,,,N/A,,289
2026-10-09T00:50Z,0.5,,,,,,,N/A,,285
2026-10-09T01:00Z,0.5,,,,,,,N/A,,284
2026-10-09T01:10Z,0.5,,,,,,,N/A,,287
2026-10-09T01:20Z,0.5,,,,,,,N/A,,286
2026-10-09T01:30Z,0.5,,,,,,,N/A,,288
2026-10-09T01:40Z,0.5,,,,,,,N/A,,288
2026-10-09T01:50Z,0.5,,,,,,,N/A,,302
2026-10-09T02:00Z,0.5,,,,,,,N/A,,288
2026-10-09T02:10Z,0.4,,,,,,,N/A,,299
2026-10-09T02:20Z,0.4,,,,,,,N/A,,293
2026-10-09T02:30Z,0.4,,,,,,,N/A,,303
2026-10-09T02:40Z,0.4,,,,,,,N/A,,298
2026-10-09T02:50Z,0.4,,,,,,,N/A,,299
2026-10-09T03:00Z,0.4,,,,,,,N/A,,295
2026-10-09T03:10Z,0.4,,,,,,,N/A,,300
2026-10-09T03:20Z,0.4,,,,,,,N/A,,295
2026-10-09T03:30Z,0.4,,,,,,,N/A,,292
2026-10-09T03:40Z,0.5,,,,,,,N/A,,297
2026-10-09T03:50Z,0.5,,,,,,,N/A,,306
2026-10-09T04:00Z,0.5,,,,,,,N/A,,293
2026-10-09T04:10Z,0.5,,,,,,,N/A,,306
2026-10-09T04:20Z,0.6,,,,,,,N/A,,300
2026-10-09T04:30Z,0.6,,,,,,,N/A,,301
2026-10-09T04:40Z,0.7,,,,,,,N/A,,301
2026-10-09T04:50Z,0.6,,,,,,,N/A,,302
2026-10-09T05:00Z,0.7,,,,,,,N/A,,298
2026-10-09T05:10Z,0.8,,,,,,,N/A,,290
2026-10-09T05:20Z,0.7,,,,,,,N/A,,296
2026-10-09T05:30Z,0.8,,,,,,,N/A,,296
2026-10-09T05:40Z,0.8,,,,,,,N/A,,297
2026-10-09T05:50Z,0.8,,,,,,,N/A,,285
2026-10-09T06:00Z,0.8,,,,,,,VERY_STEEP,,284
2026-10-09T06:10Z,0.8,,,,,,,N/A,,297
2026-10-09T06:20Z,0.8,,,,,,,N/A,,305
2026-10-09T06:30Z,0.8,,,,,,,VERY_STEEP,,295
2026-10-09T06:40Z,0.8,,,,,,,N/A,,298
2026-10-09T06:50Z,0.7,,,,,,,N/A,,297
2026-10-09T07:00Z,0.8,,,,,,,N/A,,294
2026-10-09T07:10Z,0.8,,,,,,,N/A,,284
2026-10-09T07:20Z,0.8,,,,,,,VERY_STEEP,,293
2026-10-09T07:30Z,0.8,,,,,,,N/A,,293
2026-10-09T07:40Z,0.7,,,,,,,N/A,,294
2026-10-09T07:50Z,0.7,,,,,,,N/A,,288
2026-10-09T08:00Z,0.7,,,,,,,N/A,,288
2026-10-09T08:10Z,0.7,,,,,,,N/A,,290
2026-10-09T08:20Z,0.8,,,,,,,N/A,,281
2026-10-09T08:30Z,0.7,,,,,,,N/A,,289
2026-10-09T08:40Z,0.6,,,,,,,N/A,,287
2026-10-09T08:50Z,0.7,,,,,,,N/A,,302
2026-10-09T09:00Z,0.7,,,,,,,N/A,,288
2026-10-09T09:10Z,0.6,,,,,,,N/A,,285
2026-10-09T09:20Z,0.6,,,,,,,N/A,,294
2026-10-09T09:30Z,0.6,,,,,,,N/A,,296
2026-10-09T09:40Z,0.6,,,,,,,N/A,,292
2026-10-09T09:50Z,0.6,,,,,,,N/A,,290
2026-10-09T10:00Z,0.6,,,,,,,N/A,,299
2026-10-09T10:10Z,0.6,,,,,,,N/A,,302
2026-10-09T10:20Z,0.6,,,,,,,N/A,,300
2026-10-09T10:30Z,0.6,,,,,,,N/A,,305
2026-10-09T10:40Z,0.6,,,,,,,N/A,,299
2026-10-09T10:50Z,0.7,,,,,,,N/A,,299
2026-10-09T11:00Z,0.5,,,,,,,N/A,,326
2026-10-09T11:10Z,0.5,,,,,,,N/A,,330
2026-10-09T11:20Z,0.5,,,,,,,N/A,,322
2026-10-09T11:30Z,0.5,,,,,,,N/A,,312
2026-10-09T11:40Z,0.5,,,,,,,N/A,,320
2026-10-09T11:50Z,0.5,,,,,,,N/A,,313
2026-10-09T12:00Z,0.5,,,,,,,N/A,,316
2026-10-09T12:10Z,0.5,,,,,,,N/A,,306
2026-10-09T12:20Z,0.5,,,,,,,N/A,,318
2026-10-09T12:30Z,0.5,,,,,,,N/A,,335
2026-10-09T12:40Z,0.4,,,,,,,N/A,,320
2026-10-09T12:50Z,0.4,,,,,,,N/A,,337
2026-10-09T13:00Z,0.4,,,,,,,N/A,,324
2026-10-09T13:10Z,0.4,,,,,,,N/A,,335
2026-10-09T13:20Z,0.4,,,,,,,N/A,,324
2026-10-09T13:30Z,0.4,,,,,,,N/A,,338
2026-10-09T13:40Z,0.4,,,,,,,N/A,,330
2026-10-09T13:50Z,0.4,,,,,,,N/A,,324
2026-10-09T14:00Z,0.3,,,,,,,N/A,,322
2026-10-09T14:10Z,0.3,,,,,,,N/A,,327
2026-10-09T14:20Z,0.3,,,,,,,N/A,,338
2026-10-09T14:30Z,0.3,,,,,,,N/A,,327
2026-10-09T14:40Z,0.3,,,,,,,N/A,,333
2026-10-09T14:50Z,0.3,,,,,,,N/A,,328
2026-10-09T15:00Z,0.3,,,,,,,N/A,,328
2026-10-09T15:10Z,0.3,,,,,,,N/A,,312
2026-10-09T15:20Z,0.2,,,,,,,N/A,,324
2026-10-09T15:30Z,0.2,,,,,,,N/A,,323
2026-10-09T15:40Z,0.2,,,,,,,N/A,,312
2026-10-09T15:50Z,0.3,,,,,,,N/A,,314
2026-10-09T16:00Z,0.2,,,,,,,N/A,,319
2026-10-09T16:10Z,0.2,,,,,,,N/A,,316
2026-10-09T16:20Z,0.2,,,,,,,N/A,,307
2026-10-09T16:30Z,0.2,,,,,,,N/A,,318
2026-10-09T16:40Z,0.2,,,,,,,N/A,,320
2026-10-09T16:50Z,0.2,,,,,,,N/A,,302
2026-10-09T17:00Z,0.2,,,,,,,N/A,,322
2026-10-09T17:10Z,0.2,,,,,,,N/A,,341
2026-10-09T17:20Z,0.2,,,,,,,N/A,,326
2026-10-09T17:30Z,0.2,,,,,,,N/A,,329
2026-10-09T17:40Z,0.2,,,,,,,N/A,,340
2026-10-09T17:50Z,0.2,,,,,,,N/A,,344
2026-10-09T18:00Z,0.2,,,,,,,N/A,,290
2026-10-09T18:10Z,0.2,,,,,,,N/A,,306
2026-10-09T18:20Z,0.1,,,,,,,N/A,,315
2026-10-09T18:30Z,0.1,,,,,,,N/A,,356
2026-10-09T18:40Z,0.2,,,,,,,N/A,,319
2026-10-09T18:50Z,0.2,,,,,,,N/A,,358
2026-10-09T19:00Z,0.2,,,,,,,N/A,,2
2026-10-09T19:10Z,0.2,,,,,,,N/A,,329
2026-10-09T19:20Z,0.2,,,,,,,N/A,,302
2026-10-09T19:30Z,0.2,,,,,,,N/A,,317
2026-10-09T19:40Z,0.2,,,,,,,N/A,,305
2026-10-09T19:50Z,0.2,,,,,,,N/A,,346
2026-10-09T20:00Z,0.2,,,,,,,N/A,,304
2026-10-09T20:10Z,0.2,,,,,,,N/A,,336
2026-10-09T20:20Z,0.2,,,,,,,N/A,,306
2026-10-09T20:30Z,0.2,,,,,,,N/A,,336
2026-10-09T20:40Z,0.2,,,,,,,N/A,,348
2026-10-09T20:50Z,0.2,,,,,,,N/A,,320
2026-10-09T21:00Z,0.2,,,,,,,N/A,,346
2026-10-09T21:10Z,0.2,,,,,,,N/A,,331
2026-10-09T21:20Z,0.2,,,,,,,N/A,,332
2026-10-09T21:30Z,0.2,,,,,,,N/A,,257
2026-10-09T21:40Z,0.2,,,,,,,N/A,,326
2026-10-09T21:50Z,0.2,,,,,,,N/A,,316
2026-10-09T22:00Z,0.1,,,,,,,N/A,,308
2026-10-09T22:10Z,0.2,,,,,,,N/A,,20
2026-10-09T22:20Z,0.2,,,,,,,N/A,,307
2026-10-09T22:30Z,0.2,,,,,,,N/A,,32
2026-10-09T22:40Z,0.2,,,,,,,N/A,,29
2026-10-09T22:50Z,0.1,,,,,,,N/A,,297
2026-10-09T23:00Z,0.1,,,,,,,N/A,,321
2026-10-09T23:10Z,0.1,,,,,,,N/A,,349
2026-10-09T23:20Z,0.2,,,,,,,N/A,,40
2026-10-09T23:30Z,0.1,,,,,,,N/A,,35
2026-10-09T23:40Z,0.1,,,,,,,N/A,,33
2026-10-09T23:50Z,0.1,,,,,,,N/A,,77
2026-10-10T00:00Z,0.1,,,,,,,N/A,,87
2026-10-10T00:10Z,0.1,,,,,,,N/A,,68
2026-10-10T00:20Z,0.1,,,,,,,N/A,,93
2026-10-10T00:30Z,0.1,,,,,,,N/A,,60
2026-10-10T00:40Z,0.1,,,,,,,N/A,,83
2026-10-10T00:50Z,0.1,,,,,,,N/A,,57
2026-10-10T01:00Z,0.1,,,,,,,N/A,,337
2026-10-10T01:10Z,0.1,,,,,,,N/A,,66
2026-10-10T01:20Z,0.1,,,,,,,N/A,,64
2026-10-10T01:30Z,0.1,,,,,,,N/A,,58
2026-10-10T01:40Z,0.1,,,,,,,N/A,,48
2026-10-10T01:50Z,0.1,,,,,,,N/A,,39
2026-10-10T02:00Z,0.1,,,,,,,N/A,,43
2026-10-10T02:10Z,0.1,,,,,,,N/A,,68
2026-10-10T02:20Z,0.1,,,,,,,N/A,,55
2026-10-10T02:30Z,0.1,,,,,,,N/A,,57
2026-10-10T02:40Z,0.1,,,,,,,N/A,,77
2026-10-10T02:50Z,0.1,,,,,,,N/A,,24
2026-10-10T03:00Z,0.1,,,,,,,N/A,,56
2026-10-10T03:10Z,0.1,,,,,,,N/A,,90
2026-10-10T03:20Z,0.1,,,,,,,N/A,,75
2026-10-10T03:30Z,0.1,,,,,,,N/A,,76
2026-10-10T03:40Z,0.1,,,,,,,N/A,,65
2026-10-10T03:50Z,0.1,,,,,,,N/A,,66
2026-10-10T04:00Z,0.1,,,,,,,N/A,,115
2026-10-10T04:10Z,0.1,,,,,,,N/A,,94
2026-10-10T04:20Z,0.1,,,,,,,N/A,,67
2026-10-10T04:30Z,0.1,,,,,,,N/A,,91
2026-10-10T04:40Z,0.1,,,,,,,N/A,,144
2026-10-10T04:50Z,0.1,,,,,,,N/A,,185
2026-10-10T05:00Z,0.2,,,,,,,N/A,,168
2026-10-10T05:10Z,0.2,,,,,,,N/A,,174
2026-10-10T05:20Z,0.2,,,,,,,N/A,,156
2026-10-10T05:30Z,0.1,,,,,,,N/A,,61
2026-10-10T05:40Z,0.1,,,,,,,N/A,,333
2026-10-10T05:50Z,0.1,,,,,,,N/A,,196
2026-10-10T06:00Z,0.1,,,,,,,N/A,,201
2026-10-10T06:10Z,0.1,,,,,,,N/A,,191
2026-10-10T06:20Z,0.1,,,,,,,N/A,,359
2026-10-10T06:30Z,0.1,,,,,,,N/A,,160
2026-10-10T06:40Z,0.1,,,,,,,N/A,,315
2026-10-10T06:50Z,0.1,,,,,,,N/A,,139
2026-10-10T07:00Z,0.1,,,,,,,N/A,,185
2026-10-10T07:10Z,0.1,,,,,,,N/A,,226
2026-10-10T07:20Z,0.1,,,,,,,N/A,,178
2026-10-10T07:30Z,0.1,,,,,,,N/A,,178
2026-10-10T07:40Z,0.2,,,,,,,N/A,,173
2026-10-10T07:50Z,0.2,,,,,,,N/A,,186
2026-10-10T08:00Z,0.1,,,,,,,N/A,,183
