time_utc,WDIR,WSPD,GDR,GST,GTIME
2026-10-04T00:00Z,204,7.2,210,10.3,2337
2026-10-04T00:10Z,202,6.2,999,99.0,9999
2026-10-04T00:20Z,199,5.7,999,99.0,9999
2026-10-04T00:30Z,199,5.7,999,99.0,9999
2026-10-04T00:40Z,198,4.6,999,99.0,9999
2026-10-04T00:50Z,200,4.1,999,99.0,9999
2026-10-04T01:00Z,184,4.6,200,7.2,0000
2026-10-04T01:10Z,176,3.6,999,99.0,9999
2026-10-04T01:20Z,180,4.1,999,99.0,9999
2026-10-04T01:30Z,180,3.1,999,99.0,9999
2026-10-04T01:40Z,151,2.1,999,99.0,9999
2026-10-04T01:50Z,086,2.6,999,99.0,9999
2026-10-04T02:00Z,080,2.6,180,4.6,0114
2026-10-04T02:10Z,075,3.1,999,99.0,9999
2026-10-04T02:20Z,075,3.6,999,99.0,9999
2026-10-04T02:30Z,079,3.6,999,99.0,9999
2026-10-04T02:40Z,097,3.6,999,99.0,9999
2026-10-04T02:50Z,096,4.1,999,99.0,9999
2026-10-04T03:00Z,101,5.1,100,6.2,0257
2026-10-04T03:10Z,106,5.7,999,99.0,9999
2026-10-04T03:20Z,107,6.2,999,99.0,9999
2026-10-04T03:30Z,113,6.2,999,99.0,9999
2026-10-04T03:40Z,113,6.2,999,99.0,9999
2026-10-04T03:50Z,112,6.7,999,99.0,9999
2026-10-04T04:00Z,111,7.2,110,8.2,0300
2026-10-04T04:10Z,110,7.7,999,99.0,9999
2026-10-04T04:20Z,109,7.7,999,99.0,9999
2026-10-04T04:30Z,106,7.7,999,99.0,9999
2026-10-04T04:40Z,102,7.2,999,99.0,9999
2026-10-04T04:50Z,097,7.7,999,99.0,9999
2026-10-04T05:00Z,097,8.2,100,8.8,0454
2026-10-04T05:10Z,099,8.2,999,99.0,9999
2026-10-04T05:20Z,106,8.2,999,99.0,9999
2026-10-04T05:30Z,110,9.3,999,99.0,9999
2026-10-04T05:40Z,122,8.8,999,99.0,9999
2026-10-04T05:50Z,132,8.8,999,99.0,9999
2026-10-04T06:00Z,123,9.3,110,10.3,0524
2026-10-04T06:10Z,124,8.2,999,99.0,9999
2026-10-04T06:20Z,128,7.7,999,99.0,9999
2026-10-04T06:30Z,132,8.2,999,99.0,9999
2026-10-04T06:40Z,124,7.7,999,99.0,9999
2026-10-04T06:50Z,118,7.7,999,99.0,9999
2026-10-04T07:00Z,120,7.7,120,9.3,0601
2026-10-04T07:10Z,120,6.7,999,99.0,9999
2026-10-04T07:20Z,122,6.7,999,99.0,9999
2026-10-04T07:30Z,123,6.2,999,99.0,9999
2026-10-04T07:40Z,116,6.2,999,99.0,9999
2026-10-04T07:50Z,121,6.2,999,99.0,9999
2026-10-04T08:00Z,130,6.2,120,7.7,0701
2026-10-04T08:10Z,124,5.1,999,99.0,9999
2026-10-04T08:20Z,120,5.7,999,99.0,9999
2026-10-04T08:30Z,125,6.2,999,99.0,9999
2026-10-04T08:40Z,129,6.2,999,99.0,9999
2026-10-04T08:50Z,131,5.7,999,99.0,9999
2026-10-04T09:00Z,131,5.7,120,7.2,0825
2026-10-04T09:10Z,130,5.7,999,99.0,9999
2026-10-04T09:20Z,132,5.7,999,99.0,9999
2026-10-04T09:30Z,132,5.7,999,99.0,9999
2026-10-04T09:40Z,136,5.7,999,99.0,9999
2026-10-04T09:50Z,137,5.7,999,99.0,9999
2026-10-04T10:00Z,137,5.7,140,7.2,0944
2026-10-04T10:10Z,143,6.2,999,99.0,9999
2026-10-04T10:20Z,138,6.7,999,99.0,9999
2026-10-04T10:30Z,132,6.7,999,99.0,9999
2026-10-04T10:40Z,126,7.2,999,99.0,9999
2026-10-04T10:50Z,135,9.3,999,99.0,9999
2026-10-04T11:00Z,146,7.7,130,10.8,1041
2026-10-04T11:10Z,141,8.2,999,99.0,9999
2026-10-04T11:20Z,132,9.3,999,99.0,9999
2026-10-04T11:30Z,133,8.8,999,99.0,9999
2026-10-04T11:40Z,129,8.2,999,99.0,9999
2026-10-04T11:50Z,129,7.7,999,99.0,9999
2026-10-04T12:00Z,118,7.2,130,10.3,1118
2026-10-04T12:10Z,118,6.7,999,99.0,9999
2026-10-04T12:20Z,121,7.2,999,99.0,9999
2026-10-04T12:30Z,123,7.2,999,99.0,9999
2026-10-04T12:40Z,124,7.7,999,99.0,9999
2026-10-04T12:50Z,124,7.7,999,99.0,9999
2026-10-04T13:00Z,122,7.7,130,8.8,1240
2026-10-04T13:10Z,116,7.7,999,99.0,9999
2026-10-04T13:20Z,115,7.2,999,99.0,9999
2026-10-04T13:30Z,114,7.2,999,99.0,9999
2026-10-04T13:40Z,121,7.2,999,99.0,9999
2026-10-04T13:50Z,122,7.7,999,99.0,9999
2026-10-04T14:00Z,125,7.7,130,8.8,1354
2026-10-04T14:10Z,123,8.2,999,99.0,9999
2026-10-04T14:20Z,123,8.8,999,99.0,9999
2026-10-04T14:30Z,126,8.8,999,99.0,9999
2026-10-04T14:40Z,130,8.2,999,99.0,9999
2026-10-04T14:50Z,129,8.2,999,99.0,9999
2026-10-04T15:00Z,129,8.2,120,9.8,1411
2026-10-04T15:10Z,159,8.2,999,99.0,9999
2026-10-04T15:20Z,190,11.3,999,99.0,9999
2026-10-04T15:30Z,184,8.8,999,99.0,9999
2026-10-04T15:40Z,176,7.7,999,99.0,9999
2026-10-04T15:50Z,165,7.2,999,99.0,9999
2026-10-04T16:00Z,169,8.2,170,13.9,1505
2026-10-04T16:10Z,174,8.2,999,99.0,9999
2026-10-04T16:20Z,169,8.2,999,99.0,9999
2026-10-04T16:30Z,164,7.2,999,99.0,9999
2026-10-04T16:40Z,162,7.7,999,99.0,9999
2026-10-04T16:50Z,162,7.7,999,99.0,9999
2026-10-04T17:00Z,167,7.7,170,9.3,1608
2026-10-04T17:10Z,166,7.7,999,99.0,9999
2026-10-04T17:20Z,166,6.7,999,99.0,9999
2026-10-04T17:30Z,163,6.2,999,99.0,9999
2026-10-04T17:40Z,163,5.7,999,99.0,9999
2026-10-04T17:50Z,167,6.2,999,99.0,9999
2026-10-04T18:00Z,166,9.3,170,12.9,1758
2026-10-04T18:10Z,172,8.2,999,99.0,9999
2026-10-04T18:20Z,161,6.2,999,99.0,9999
2026-10-04T18:30Z,163,5.1,999,99.0,9999
2026-10-04T18:40Z,163,4.6,999,99.0,9999
2026-10-04T18:50Z,159,5.1,999,99.0,9999
2026-10-04T19:00Z,170,7.7,180,10.8,1800
2026-10-04T19:10Z,166,6.7,999,99.0,9999
2026-10-04T19:20Z,167,7.2,999,99.0,9999
2026-10-04T19:30Z,181,6.7,999,99.0,9999
2026-10-04T19:40Z,171,6.2,999,99.0,9999
2026-10-04T19:50Z,173,6.2,999,99.0,9999
2026-10-04T20:00Z,179,6.7,170,8.2,1915
2026-10-04T20:10Z,180,6.7,999,99.0,9999
2026-10-04T20:20Z,187,6.7,999,99.0,9999
2026-10-04T20:30Z,184,6.7,999,99.0,9999
2026-10-04T20:40Z,188,5.7,999,99.0,9999
2026-10-04T20:50Z,188,5.1,999,99.0,9999
2026-10-04T21:00Z,195,4.6,190,7.7,2013
2026-10-04T21:10Z,185,4.6,999,99.0,9999
2026-10-04T21:20Z,181,4.1,999,99.0,9999
2026-10-04T21:30Z,178,4.1,999,99.0,9999
2026-10-04T21:40Z,178,3.6,999,99.0,9999
2026-10-04T21:50Z,174,3.1,999,99.0,9999
2026-10-04T22:00Z,174,3.1,190,5.1,2102
2026-10-04T22:10Z,177,3.1,999,99.0,9999
2026-10-04T22:20Z,169,3.1,999,99.0,9999
2026-10-04T22:30Z,171,2.6,999,99.0,9999
2026-10-04T22:40Z,179,2.6,999,99.0,9999
2026-10-04T22:50Z,178,2.1,999,99.0,9999
2026-10-04T23:00Z,173,2.1,180,3.6,2206
2026-10-04T23:10Z,173,2.1,999,99.0,9999
2026-10-04T23:20Z,175,2.6,999,99.0,9999
2026-10-04T23:30Z,168,2.6,999,99.0,9999
2026-10-04T23:40Z,166,2.1,999,99.0,9999
2026-10-04T23:50Z,159,2.1,999,99.0,9999
2026-10-05T00:00Z,174,2.1,160,3.1,2319
2026-10-05T00:10Z,174,1.5,999,99.0,9999
2026-10-05T00:20Z,169,2.6,999,99.0,9999
2026-10-05T00:30Z,180,2.6,999,99.0,9999
2026-10-05T00:40Z,182,2.6,999,99.0,9999
2026-10-05T00:50Z,185,2.6,999,99.0,9999
2026-10-05T01:00Z,184,3.1,170,3.6,0058
2026-10-05T01:10Z,173,3.1,999,99.0,9999
2026-10-05T01:20Z,165,2.6,999,99.0,9999
2026-10-05T01:30Z,159,2.6,999,99.0,9999
2026-10-05T01:40Z,156,1.5,999,99.0,9999
2026-10-05T01:50Z,156,1.5,999,99.0,9999
2026-10-05T02:00Z,157,2.1,170,3.6,0101
2026-10-05T02:10Z,157,2.1,999,99.0,9999
2026-10-05T02:20Z,156,2.6,999,99.0,9999
2026-10-05T02:30Z,160,2.1,999,99.0,9999
2026-10-05T02:40Z,164,2.1,999,99.0,9999
2026-10-05T02:50Z,174,2.1,999,99.0,9999
2026-10-05T03:00Z,172,2.1,150,2.6,0217
2026-10-05T03:10Z,176,1.0,999,99.0,9999
2026-10-05T03:20Z,154,0.5,999,99.0,9999
2026-10-05T03:30Z,149,0.5,999,99.0,9999
2026-10-05T03:40Z,000,0.0,999,99.0,9999
2026-10-05T03:50Z,291,0.5,999,99.0,9999
2026-10-05T04:00Z,336,1.0,360,2.1,0300
2026-10-05T04:10Z,012,1.5,999,99.0,9999
2026-10-05T04:20Z,012,2.1,999,99.0,9999
2026-10-05T04:30Z,002,1.5,999,99.0,9999
2026-10-05T04:40Z,353,1.5,999,99.0,9999
2026-10-05T04:50Z,015,1.0,999,99.0,9999
2026-10-05T05:00Z,050,1.0,340,2.6,0432
2026-10-05T05:10Z,061,1.5,999,99.0,9999
2026-10-05T05:20Z,043,2.1,999,99.0,9999
2026-10-05T05:30Z,054,1.5,999,99.0,9999
2026-10-05T05:40Z,048,1.5,999,99.0,9999
2026-10-05T05:50Z,065,0.5,999,99.0,9999
2026-10-05T06:00Z,069,1.0,40,2.6,0514
2026-10-05T06:10Z,079,1.5,999,99.0,9999
2026-10-05T06:20Z,063,1.0,999,99.0,9999
2026-10-05T06:30Z,048,1.5,999,99.0,9999
2026-10-05T06:40Z,049,1.5,999,99.0,9999
2026-10-05T06:50Z,054,2.1,999,99.0,9999
2026-10-05T07:00Z,052,2.6,50,2.6,0659
2026-10-05T07:10Z,049,2.6,999,99.0,9999
2026-10-05T07:20Z,051,3.1,999,99.0,9999
2026-10-05T07:30Z,053,3.6,999,99.0,9999
2026-10-05T07:40Z,056,3.6,999,99.0,9999
2026-10-05T07:50Z,058,4.1,999,99.0,9999
2026-10-05T08:00Z,085,4.6,110,6.2,0758
2026-10-05T08:10Z,146,5.7,999,99.0,9999
2026-10-05T08:20Z,161,6.7,999,99.0,9999
2026-10-05T08:30Z,128,3.1,999,99.0,9999
2026-10-05T08:40Z,019,2.6,999,99.0,9999
2026-10-05T08:50Z,356,4.6,999,99.0,9999
2026-10-05T09:00Z,009,4.1,170,9.3,0814
2026-10-05T09:10Z,024,4.1,999,99.0,9999
2026-10-05T09:20Z,014,2.6,999,99.0,9999
2026-10-05T09:30Z,359,2.6,999,99.0,9999
2026-10-05T09:40Z,337,2.1,999,99.0,9999
2026-10-05T09:50Z,325,2.6,999,99.0,9999
2026-10-05T10:00Z,324,1.5,20,5.1,0903
2026-10-05T10:10Z,327,1.0,999,99.0,9999
2026-10-05T10:20Z,259,0.0,999,99.0,9999
2026-10-05T10:30Z,325,0.5,999,99.0,9999
2026-10-05T10:40Z,000,0.0,999,99.0,9999
2026-10-05T10:50Z,208,0.5,999,99.0,9999
2026-10-05T11:00Z,174,1.0,330,1.5,1003
2026-10-05T11:10Z,187,0.5,999,99.0,9999
2026-10-05T11:20Z,287,0.0,999,99.0,9999
2026-10-05T11:30Z,356,1.0,999,99.0,9999
2026-10-05T11:40Z,004,1.5,999,99.0,9999
2026-10-05T11:50Z,002,1.0,999,99.0,9999
2026-10-05T12:00Z,007,1.5,360,2.6,1138
2026-10-05T12:10Z,005,1.5,999,99.0,9999
2026-10-05T12:20Z,353,1.5,999,99.0,9999
2026-10-05T12:30Z,004,1.5,999,99.0,9999
2026-10-05T12:40Z,009,1.5,999,99.0,9999
2026-10-05T12:50Z,008,1.5,999,99.0,9999
2026-10-05T13:00Z,015,2.1,20,2.6,1258
2026-10-05T13:10Z,021,2.6,999,99.0,9999
2026-10-05T13:20Z,025,2.6,999,99.0,9999
2026-10-05T13:30Z,016,2.6,999,99.0,9999
2026-10-05T13:40Z,012,3.6,999,99.0,9999
2026-10-05T13:50Z,007,3.6,999,99.0,9999
2026-10-05T14:00Z,007,3.6,10,4.1,1359
2026-10-05T14:10Z,010,4.1,999,99.0,9999
2026-10-05T14:20Z,012,4.6,999,99.0,9999
2026-10-05T14:30Z,007,4.6,999,99.0,9999
2026-10-05T14:40Z,007,5.1,999,99.0,9999
2026-10-05T14:50Z,006,5.1,999,99.0,9999
2026-10-05T15:00Z,008,5.1,10,5.7,1444
2026-10-05T15:10Z,010,5.7,999,99.0,9999
2026-10-05T15:20Z,009,6.2,999,99.0,9999
2026-10-05T15:30Z,017,7.2,999,99.0,9999
2026-10-05T15:40Z,022,7.2,999,99.0,9999
2026-10-05T15:50Z,021,7.2,999,99.0,9999
2026-10-05T16:00Z,023,6.7,20,7.7,1526
2026-10-05T16:10Z,023,6.7,999,99.0,9999
2026-10-05T16:20Z,031,6.7,999,99.0,9999
2026-10-05T16:30Z,030,6.7,999,99.0,9999
2026-10-05T16:40Z,035,6.2,999,99.0,9999
2026-10-05T16:50Z,042,5.7,999,99.0,9999
2026-10-05T17:00Z,040,5.7,30,7.7,1620
2026-10-05T17:10Z,040,5.1,999,99.0,9999
2026-10-05T17:20Z,039,5.1,999,99.0,9999
2026-10-05T17:30Z,046,5.7,999,99.0,9999
2026-10-05T17:40Z,051,5.7,999,99.0,9999
2026-10-05T17:50Z,060,5.1,999,99.0,9999
2026-10-05T18:00Z,059,4.6,40,6.7,1721
2026-10-05T18:10Z,063,4.1,999,99.0,9999
2026-10-05T18:20Z,064,3.6,999,99.0,9999
2026-10-05T18:30Z,067,3.1,999,99.0,9999
2026-10-05T18:40Z,063,3.1,999,99.0,9999
2026-10-05T18:50Z,061,3.1,999,99.0,9999
2026-10-05T19:00Z,070,2.6,60,4.6,1801
2026-10-05T19:10Z,081,2.1,999,99.0,9999
2026-10-05T19:20Z,057,2.1,999,99.0,9999
2026-10-05T19:30Z,038,3.1,999,99.0,9999
2026-10-05T19:40Z,035,3.1,999,99.0,9999
2026-10-05T19:50Z,042,2.6,999,99.0,9999
2026-10-05T20:00Z,031,3.1,40,4.1,1929
2026-10-05T20:10Z,011,3.6,999,99.0,9999
2026-10-05T20:20Z,004,3.6,999,99.0,9999
2026-10-05T20:30Z,012,3.6,999,99.0,9999
2026-10-05T20:40Z,014,3.6,999,99.0,9999
2026-10-05T20:50Z,009,4.1,999,99.0,9999
2026-10-05T21:00Z,006,4.1,10,5.1,2052
2026-10-05T21:10Z,008,4.1,999,99.0,9999
2026-10-05T21:20Z,018,5.1,999,99.0,9999
2026-10-05T21:30Z,024,5.7,999,99.0,9999
2026-10-05T21:40Z,025,7.2,999,99.0,9999
2026-10-05T21:50Z,026,7.7,999,99.0,9999
2026-10-05T22:00Z,029,7.2,30,8.2,2151
2026-10-05T22:10Z,031,6.2,999,99.0,9999
2026-10-05T22:20Z,020,5.7,999,99.0,9999
2026-10-05T22:30Z,020,7.2,999,99.0,9999
2026-10-05T22:40Z,024,8.2,999,99.0,9999
2026-10-05T22:50Z,027,7.2,999,99.0,9999
2026-10-05T23:00Z,024,7.7,20,9.3,2254
2026-10-05T23:10Z,036,6.7,999,99.0,9999
2026-10-05T23:20Z,035,7.7,999,99.0,9999
2026-10-05T23:30Z,044,6.7,999,99.0,9999
2026-10-05T23:40Z,050,5.1,999,99.0,9999
2026-10-05T23:50Z,045,5.1,999,99.0,9999
2026-10-06T00:00Z,039,5.7,40,9.3,2314
2026-10-06T00:10Z,043,5.1,999,99.0,9999
2026-10-06T00:20Z,045,4.6,999,99.0,9999
2026-10-06T00:30Z,037,4.6,999,99.0,9999
2026-10-06T00:40Z,041,5.1,999,99.0,9999
2026-10-06T00:50Z,045,5.1,999,99.0,9999
2026-10-06T01:00Z,045,4.6,50,6.2,0044
2026-10-06T01:10Z,059,5.7,999,99.0,9999
2026-10-06T01:20Z,059,5.1,999,99.0,9999
2026-10-06T01:30Z,059,4.6,999,99.0,9999
2026-10-06T01:40Z,051,5.1,999,99.0,9999
2026-10-06T01:50Z,054,4.6,999,99.0,9999
2026-10-06T02:00Z,051,4.1,60,6.7,0104
2026-10-06T02:10Z,044,6.7,999,99.0,9999
2026-10-06T02:20Z,049,6.2,999,99.0,9999
2026-10-06T02:30Z,053,5.7,999,99.0,9999
2026-10-06T02:40Z,051,7.2,999,99.0,9999
2026-10-06T02:50Z,061,8.2,999,99.0,9999
2026-10-06T03:00Z,056,8.2,40,9.8,0207
2026-10-06T03:10Z,056,8.2,999,99.0,9999
2026-10-06T03:20Z,061,7.7,999,99.0,9999
2026-10-06T03:30Z,065,7.7,999,99.0,9999
2026-10-06T03:40Z,066,7.7,999,99.0,9999
2026-10-06T03:50Z,061,8.2,999,99.0,9999
2026-10-06T04:00Z,060,7.7,50,8.8,0309
2026-10-06T04:10Z,061,7.7,999,99.0,9999
2026-10-06T04:20Z,061,7.7,999,99.0,9999
2026-10-06T04:30Z,062,7.7,999,99.0,9999
2026-10-06T04:40Z,031,6.7,999,99.0,9999
2026-10-06T04:50Z,038,6.2,999,99.0,9999
2026-10-06T05:00Z,051,7.2,60,9.8,0458
2026-10-06T05:10Z,060,7.2,999,99.0,9999
2026-10-06T05:20Z,063,6.2,999,99.0,9999
2026-10-06T05:30Z,071,6.2,999,99.0,9999
2026-10-06T05:40Z,072,6.2,999,99.0,9999
2026-10-06T05:50Z,061,5.1,999,99.0,9999
2026-10-06T06:00Z,033,5.7,40,8.8,0557
2026-10-06T06:10Z,040,3.6,999,99.0,9999
2026-10-06T06:20Z,040,6.7,999,99.0,9999
2026-10-06T06:30Z,043,7.7,999,99.0,9999
2026-10-06T06:40Z,038,7.2,999,99.0,9999
2026-10-06T06:50Z,042,7.7,999,99.0,9999
2026-10-06T07:00Z,045,7.7,50,9.3,0626
2026-10-06T07:10Z,047,7.7,999,99.0,9999
2026-10-06T07:20Z,044,6.2,999,99.0,9999
2026-10-06T07:30Z,038,5.7,999,99.0,9999
2026-10-06T07:40Z,033,6.2,999,99.0,9999
2026-10-06T07:50Z,033,6.2,999,99.0,9999
2026-10-06T08:00Z,038,6.2,40,8.8,0701
2026-10-06T08:10Z,042,6.2,999,99.0,9999
2026-10-06T08:20Z,047,6.7,999,99.0,9999
2026-10-06T08:30Z,051,7.7,999,99.0,9999
2026-10-06T08:40Z,060,7.7,999,99.0,9999
2026-10-06T08:50Z,054,7.7,999,99.0,9999
2026-10-06T09:00Z,053,6.7,50,8.8,0810
2026-10-06T09:10Z,055,6.7,999,99.0,9999
2026-10-06T09:20Z,055,6.7,999,99.0,9999
2026-10-06T09:30Z,051,6.7,999,99.0,9999
2026-10-06T09:40Z,051,7.2,999,99.0,9999
2026-10-06T09:50Z,041,6.2,999,99.0,9999
2026-10-06T10:00Z,040,6.2,50,7.7,0938
2026-10-06T10:10Z,037,6.2,999,99.0,9999
2026-10-06T10:20Z,033,6.2,999,99.0,9999
2026-10-06T10:30Z,036,7.2,999,99.0,9999
2026-10-06T10:40Z,033,6.7,999,99.0,9999
2026-10-06T10:50Z,033,6.7,999,99.0,9999
2026-10-06T11:00Z,033,6.7,40,7.7,1022
2026-10-06T11:10Z,033,6.7,999,99.0,9999
2026-10-06T11:20Z,032,6.7,999,99.0,9999
2026-10-06T11:30Z,034,7.2,999,99.0,9999
2026-10-06T11:40Z,031,6.2,999,99.0,9999
2026-10-06T11:50Z,029,5.7,999,99.0,9999
2026-10-06T12:00Z,040,5.7,30,7.7,1124
2026-10-06T12:10Z,032,6.2,999,99.0,9999
2026-10-06T12:20Z,029,6.2,999,99.0,9999
2026-10-06T12:30Z,032,6.7,999,99.0,9999
2026-10-06T12:40Z,028,6.7,999,99.0,9999
2026-10-06T12:50Z,025,6.2,999,99.0,9999
2026-10-06T13:00Z,034,6.2,30,7.7,1234
2026-10-06T13:10Z,035,6.2,999,99.0,9999
2026-10-06T13:20Z,029,6.2,999,99.0,9999
2026-10-06T13:30Z,032,7.2,999,99.0,9999
2026-10-06T13:40Z,029,6.7,999,99.0,9999
2026-10-06T13:50Z,029,6.7,999,99.0,9999
2026-10-06T14:00Z,039,6.7,40,8.2,1329
2026-10-06T14:10Z,041,7.2,999,99.0,9999
2026-10-06T14:20Z,038,7.2,999,99.0,9999
2026-10-06T14:30Z,037,6.7,999,99.0,9999
2026-10-06T14:40Z,034,6.7,999,99.0,9999
2026-10-06T14:50Z,032,7.7,999,99.0,9999
2026-10-06T15:00Z,036,7.2,40,8.8,1409
2026-10-06T15:10Z,037,7.2,999,99.0,9999
2026-10-06T15:20Z,040,7.2,999,99.0,9999
2026-10-06T15:30Z,038,6.7,999,99.0,9999
2026-10-06T15:40Z,048,7.2,999,99.0,9999
2026-10-06T15:50Z,044,6.7,999,99.0,9999
2026-10-06T16:00Z,050,6.2,40,8.2,1519
2026-10-06T16:10Z,051,6.2,999,99.0,9999
2026-10-06T16:20Z,050,6.2,999,99.0,9999
2026-10-06T16:30Z,050,6.7,999,99.0,9999
2026-10-06T16:40Z,047,6.7,999,99.0,9999
2026-10-06T16:50Z,044,6.7,999,99.0,9999
2026-10-06T17:00Z,043,6.7,50,7.7,1634
2026-10-06T17:10Z,035,6.7,999,99.0,9999
2026-10-06T17:20Z,038,6.7,999,99.0,9999
2026-10-06T17:30Z,032,6.7,999,99.0,9999
2026-10-06T17:40Z,029,7.2,999,99.0,9999
2026-10-06T17:50Z,026,6.2,999,99.0,9999
2026-10-06T18:00Z,030,6.2,50,7.7,1720
2026-10-06T18:10Z,036,6.2,999,99.0,9999
2026-10-06T18:20Z,038,6.7,999,99.0,9999
2026-10-06T18:30Z,039,7.2,999,99.0,9999
2026-10-06T18:40Z,044,7.2,999,99.0,9999
2026-10-06T18:50Z,051,7.7,999,99.0,9999
2026-10-06T19:00Z,053,7.7,40,8.8,1831
2026-10-06T19:10Z,051,7.7,999,99.0,9999
2026-10-06T19:20Z,051,8.2,999,99.0,9999
2026-10-06T19:30Z,059,8.8,999,99.0,9999
2026-10-06T19:40Z,056,8.8,999,99.0,9999
2026-10-06T19:50Z,046,9.3,999,99.0,9999
2026-10-06T20:00Z,044,9.3,40,10.3,1946
2026-10-06T20:10Z,046,9.3,999,99.0,9999
2026-10-06T20:20Z,046,9.3,999,99.0,9999
2026-10-06T20:30Z,046,8.8,999,99.0,9999
2026-10-06T20:40Z,045,8.8,999,99.0,9999
2026-10-06T20:50Z,045,9.3,999,99.0,9999
2026-10-06T21:00Z,043,8.8,50,10.3,2003
2026-10-06T21:10Z,050,9.3,999,99.0,9999
2026-10-06T21:20Z,048,9.3,999,99.0,9999
2026-10-06T21:30Z,049,8.8,999,99.0,9999
2026-10-06T21:40Z,054,8.8,999,99.0,9999
2026-10-06T21:50Z,052,9.3,999,99.0,9999
2026-10-06T22:00Z,047,9.3,50,10.8,2109
2026-10-06T22:10Z,040,9.3,999,99.0,9999
2026-10-06T22:20Z,034,9.3,999,99.0,9999
2026-10-06T22:30Z,034,9.3,999,99.0,9999
2026-10-06T22:40Z,038,8.8,999,99.0,9999
2026-10-06T22:50Z,040,8.8,999,99.0,9999
2026-10-06T23:00Z,043,8.2,40,10.8,2205
2026-10-06T23:10Z,052,7.7,999,99.0,9999
2026-10-06T23:20Z,057,10.3,999,99.0,9999
2026-10-06T23:30Z,052,10.3,999,99.0,9999
2026-10-06T23:40Z,048,9.8,999,99.0,9999
2026-10-06T23:50Z,045,9.8,999,99.0,9999
2026-10-07T00:00Z,044,9.8,50,11.8,2317
2026-10-07T00:10Z,034,8.2,999,99.0,9999
2026-10-07T00:20Z,036,7.7,999,99.0,9999
2026-10-07T00:30Z,037,8.2,999,99.0,9999
2026-10-07T00:40Z,036,8.2,999,99.0,9999
2026-10-07T00:50Z,035,7.7,999,99.0,9999
2026-10-07T01:00Z,049,8.8,50,10.3,0052
2026-10-07T01:10Z,039,8.2,999,99.0,9999
2026-10-07T01:20Z,036,8.2,999,99.0,9999
2026-10-07T01:30Z,041,7.7,999,99.0,9999
2026-10-07T01:40Z,044,9.3,999,99.0,9999
2026-10-07T01:50Z,045,9.8,999,99.0,9999
2026-10-07T02:00Z,039,9.8,50,11.8,0140
2026-10-07T02:10Z,034,8.8,999,99.0,9999
2026-10-07T02:20Z,034,8.8,999,99.0,9999
2026-10-07T02:30Z,033,8.2,999,99.0,9999
2026-10-07T02:40Z,032,8.2,999,99.0,9999
2026-10-07T02:50Z,036,8.8,999,99.0,9999
2026-10-07T03:00Z,031,8.8,40,10.3,0248
2026-10-07T03:10Z,034,9.3,999,99.0,9999
2026-10-07T03:20Z,032,9.3,999,99.0,9999
2026-10-07T03:30Z,035,8.8,999,99.0,9999
2026-10-07T03:40Z,036,8.8,999,99.0,9999
2026-10-07T03:50Z,032,8.2,999,99.0,9999
2026-10-07T04:00Z,035,8.8,40,11.3,0358
2026-10-07T04:10Z,036,9.3,999,99.0,9999
2026-10-07T04:20Z,046,10.3,999,99.0,9999
2026-10-07T04:30Z,051,11.8,999,99.0,9999
2026-10-07T04:40Z,050,11.3,999,99.0,9999
2026-10-07T04:50Z,048,11.3,999,99.0,9999
2026-10-07T05:00Z,053,10.8,60,13.4,0419
2026-10-07T05:10Z,053,11.8,999,99.0,9999
2026-10-07T05:20Z,056,11.8,999,99.0,9999
2026-10-07T05:30Z,055,11.8,999,99.0,9999
2026-10-07T05:40Z,054,12.4,999,99.0,9999
2026-10-07T05:50Z,054,11.8,999,99.0,9999
2026-10-07T06:00Z,055,11.8,50,13.4,0538
2026-10-07T06:10Z,056,11.8,999,99.0,9999
2026-10-07T06:20Z,055,11.3,999,99.0,9999
2026-10-07T06:30Z,051,11.8,999,99.0,9999
2026-10-07T06:40Z,053,10.8,999,99.0,9999
2026-10-07T06:50Z,053,11.8,999,99.0,9999
2026-10-07T07:00Z,052,11.3,60,13.4,0601
2026-10-07T07:10Z,054,11.3,999,99.0,9999
2026-10-07T07:20Z,052,10.8,999,99.0,9999
2026-10-07T07:30Z,053,10.8,999,99.0,9999
2026-10-07T07:40Z,056,10.3,999,99.0,9999
2026-10-07T07:50Z,061,10.3,999,99.0,9999
2026-10-07T08:00Z,058,9.3,50,12.9,0728
2026-10-07T08:10Z,054,9.3,999,99.0,9999
2026-10-07T08:20Z,052,10.3,999,99.0,9999
2026-10-07T08:30Z,049,9.8,999,99.0,9999
2026-10-07T08:40Z,048,9.8,999,99.0,9999
2026-10-07T08:50Z,050,9.8,999,99.0,9999
2026-10-07T09:00Z,052,9.3,50,11.8,0834
2026-10-07T09:10Z,057,9.8,999,99.0,9999
2026-10-07T09:20Z,059,9.8,999,99.0,9999
2026-10-07T09:30Z,069,8.2,999,99.0,9999
2026-10-07T09:40Z,037,8.2,999,99.0,9999
2026-10-07T09:50Z,045,9.8,999,99.0,9999
2026-10-07T10:00Z,045,9.8,50,11.8,0909
2026-10-07T10:10Z,042,9.8,999,99.0,9999
2026-10-07T10:20Z,044,9.3,999,99.0,9999
2026-10-07T10:30Z,036,7.7,999,99.0,9999
2026-10-07T10:40Z,045,10.3,999,99.0,9999
2026-10-07T10:50Z,050,10.3,999,99.0,9999
2026-10-07T11:00Z,048,10.8,50,11.8,1056
2026-10-07T11:10Z,049,10.3,999,99.0,9999
2026-10-07T11:20Z,055,10.3,999,99.0,9999
2026-10-07T11:30Z,056,10.3,999,99.0,9999
2026-10-07T11:40Z,054,10.3,999,99.0,9999
2026-10-07T11:50Z,056,9.8,999,99.0,9999
2026-10-07T12:00Z,051,9.3,60,11.8,1127
2026-10-07T12:10Z,049,9.3,999,99.0,9999
2026-10-07T12:20Z,044,9.8,999,99.0,9999
2026-10-07T12:30Z,044,9.8,999,99.0,9999
2026-10-07T12:40Z,039,8.2,999,99.0,9999
2026-10-07T12:50Z,039,7.2,999,99.0,9999
2026-10-07T13:00Z,035,7.2,40,11.3,1222
2026-10-07T13:10Z,041,8.2,999,99.0,9999
2026-10-07T13:20Z,053,9.3,999,99.0,9999
2026-10-07T13:30Z,047,9.3,999,99.0,9999
2026-10-07T13:40Z,044,9.8,999,99.0,9999
2026-10-07T13:50Z,041,8.8,999,99.0,9999
2026-10-07T14:00Z,036,8.8,50,10.8,1326
2026-10-07T14:10Z,034,8.2,999,99.0,9999
2026-10-07T14:20Z,044,9.3,999,99.0,9999
2026-10-07T14:30Z,040,10.3,999,99.0,9999
2026-10-07T14:40Z,042,10.3,999,99.0,9999
2026-10-07T14:50Z,044,10.3,999,99.0,9999
2026-10-07T15:00Z,041,10.3,40,12.4,1457
2026-10-07T15:10Z,044,10.8,999,99.0,9999
2026-10-07T15:20Z,043,10.8,999,99.0,9999
2026-10-07T15:30Z,040,10.3,999,99.0,9999
2026-10-07T15:40Z,042,10.3,999,99.0,9999
2026-10-07T15:50Z,041,9.8,999,99.0,9999
2026-10-07T16:00Z,046,10.8,40,12.9,1517
2026-10-07T16:10Z,047,10.3,999,99.0,9999
2026-10-07T16:20Z,047,10.3,999,99.0,9999
2026-10-07T16:30Z,048,10.8,999,99.0,9999
2026-10-07T16:40Z,047,9.8,999,99.0,9999
2026-10-07T16:50Z,049,10.3,999,99.0,9999
2026-10-07T17:00Z,048,10.3,50,11.8,1600
2026-10-07T17:10Z,049,10.3,999,99.0,9999
2026-10-07T17:20Z,046,10.8,999,99.0,9999
2026-10-07T17:30Z,048,10.3,999,99.0,9999
2026-10-07T17:40Z,045,10.8,999,99.0,9999
2026-10-07T17:50Z,048,11.3,999,99.0,9999
2026-10-07T18:00Z,045,10.8,50,12.9,1749
2026-10-07T18:10Z,044,11.3,999,99.0,9999
2026-10-07T18:20Z,044,11.3,999,99.0,9999
2026-10-07T18:30Z,048,11.3,999,99.0,9999
2026-10-07T18:40Z,042,11.8,999,99.0,9999
2026-10-07T18:50Z,044,11.3,999,99.0,9999
2026-10-07T19:00Z,043,11.3,40,13.4,1848
2026-10-07T19:10Z,045,10.8,999,99.0,9999
2026-10-07T19:20Z,041,10.8,999,99.0,9999
2026-10-07T19:30Z,043,10.3,999,99.0,9999
2026-10-07T19:40Z,045,10.3,999,99.0,9999
2026-10-07T19:50Z,043,10.3,999,99.0,9999
2026-10-07T20:00Z,045,10.3,40,12.4,1901
2026-10-07T20:10Z,044,10.3,999,99.0,9999
2026-10-07T20:20Z,041,10.3,999,99.0,9999
2026-10-07T20:30Z,043,9.8,999,99.0,9999
2026-10-07T20:40Z,044,10.3,999,99.0,9999
2026-10-07T20:50Z,045,10.3,999,99.0,9999
2026-10-07T21:00Z,045,10.3,50,11.8,2059
2026-10-07T21:10Z,041,10.3,999,99.0,9999
2026-10-07T21:20Z,041,10.3,999,99.0,9999
2026-10-07T21:30Z,041,10.3,999,99.0,9999
2026-10-07T21:40Z,043,10.3,999,99.0,9999
2026-10-07T21:50Z,042,10.3,999,99.0,9999
2026-10-07T22:00Z,045,10.8,50,11.8,2158
2026-10-07T22:10Z,044,10.3,999,99.0,9999
2026-10-07T22:20Z,048,10.3,999,99.0,9999
2026-10-07T22:30Z,050,10.8,999,99.0,9999
2026-10-07T22:40Z,047,11.3,999,99.0,9999
2026-10-07T22:50Z,047,11.3,999,99.0,9999
2026-10-07T23:00Z,049,11.8,50,13.4,2254
2026-10-07T23:10Z,034,9.8,999,99.0,9999
2026-10-07T23:20Z,032,8.8,999,99.0,9999
2026-10-07T23:30Z,031,8.8,999,99.0,9999
2026-10-07T23:40Z,034,7.7,999,99.0,9999
2026-10-07T23:50Z,052,9.8,999,99.0,9999
2026-10-08T00:00Z,052,9.3,30,11.8,2307
2026-10-08T00:10Z,059,9.8,999,99.0,9999
2026-10-08T00:20Z,049,9.8,999,99.0,9999
2026-10-08T00:30Z,036,8.8,999,99.0,9999
2026-10-08T00:40Z,032,8.2,999,99.0,9999
2026-10-08T00:50Z,032,8.2,999,99.0,9999
2026-10-08T01:00Z,031,7.7,50,11.8,0015
2026-10-08T01:10Z,031,7.2,999,99.0,9999
2026-10-08T01:20Z,025,6.7,999,99.0,9999
2026-10-08T01:30Z,023,7.2,999,99.0,9999
2026-10-08T01:40Z,032,8.2,999,99.0,9999
2026-10-08T01:50Z,034,8.2,999,99.0,9999
2026-10-08T02:00Z,035,8.2,40,9.8,0139
2026-10-08T02:10Z,036,8.8,999,99.0,9999
2026-10-08T02:20Z,044,8.8,999,99.0,9999
2026-10-08T02:30Z,048,8.8,999,99.0,9999
2026-10-08T02:40Z,052,9.3,999,99.0,9999
2026-10-08T02:50Z,061,10.3,999,99.0,9999
2026-10-08T03:00Z,063,9.3,60,11.3,0245
2026-10-08T03:10Z,062,10.3,999,99.0,9999
2026-10-08T03:20Z,055,9.8,999,99.0,9999
2026-10-08T03:30Z,056,10.3,999,99.0,9999
2026-10-08T03:40Z,059,10.3,999,99.0,9999
2026-10-08T03:50Z,041,8.8,999,99.0,9999
2026-10-08T04:00Z,034,7.7,60,11.8,0304
2026-10-08T04:10Z,038,7.7,999,99.0,9999
2026-10-08T04:20Z,042,8.2,999,99.0,9999
2026-10-08T04:30Z,045,8.8,999,99.0,9999
2026-10-08T04:40Z,053,10.8,999,99.0,9999
2026-10-08T04:50Z,049,10.8,999,99.0,9999
2026-10-08T05:00Z,030,8.2,50,12.9,0448
2026-10-08T05:10Z,038,7.2,999,99.0,9999
2026-10-08T05:20Z,042,8.8,999,99.0,9999
2026-10-08T05:30Z,061,12.4,999,99.0,9999
2026-10-08T05:40Z,062,11.3,999,99.0,9999
2026-10-08T05:50Z,064,12.4,999,99.0,9999
2026-10-08T06:00Z,063,12.4,60,13.9,0558
2026-10-08T06:10Z,062,12.4,999,99.0,9999
2026-10-08T06:20Z,059,12.4,999,99.0,9999
2026-10-08T06:30Z,063,11.8,999,99.0,9999
2026-10-08T06:40Z,067,12.9,999,99.0,9999
2026-10-08T06:50Z,061,11.3,999,99.0,9999
2026-10-08T07:00Z,057,11.3,70,14.9,0631
2026-10-08T07:10Z,059,11.3,999,99.0,9999
2026-10-08T07:20Z,054,12.4,999,99.0,9999
2026-10-08T07:30Z,051,12.4,999,99.0,9999
2026-10-08T07:40Z,055,11.8,999,99.0,9999
2026-10-08T07:50Z,058,12.9,999,99.0,9999
2026-10-08T08:00Z,059,11.8,60,14.9,0742
2026-10-08T08:10Z,060,12.4,999,99.0,9999
2026-10-08T08:20Z,061,12.4,999,99.0,9999
2026-10-08T08:30Z,061,11.8,999,99.0,9999
2026-10-08T08:40Z,061,12.4,999,99.0,9999
2026-10-08T08:50Z,060,11.8,999,99.0,9999
2026-10-08T09:00Z,062,11.8,60,14.9,0800
2026-10-08T09:10Z,062,12.9,999,99.0,9999
2026-10-08T09:20Z,062,12.9,999,99.0,9999
2026-10-08T09:30Z,059,12.4,999,99.0,9999
2026-10-08T09:40Z,063,12.9,999,99.0,9999
2026-10-08T09:50Z,059,12.9,999,99.0,9999
2026-10-08T10:00Z,058,12.9,60,14.9,0947
2026-10-08T10:10Z,059,12.9,999,99.0,9999
2026-10-08T10:20Z,059,13.4,999,99.0,9999
2026-10-08T10:30Z,057,12.9,999,99.0,9999
2026-10-08T10:40Z,055,14.4,999,99.0,9999
2026-10-08T10:50Z,054,13.4,999,99.0,9999
2026-10-08T11:00Z,053,13.9,50,16.5,1035
2026-10-08T11:10Z,053,13.4,999,99.0,9999
2026-10-08T11:20Z,052,12.9,999,99.0,9999
2026-10-08T11:30Z,052,12.4,999,99.0,9999
2026-10-08T11:40Z,054,12.9,999,99.0,9999
2026-10-08T11:50Z,056,13.4,999,99.0,9999
2026-10-08T12:00Z,053,12.9,50,15.4,1103
2026-10-08T12:10Z,057,13.9,999,99.0,9999
2026-10-08T12:20Z,056,13.4,999,99.0,9999
2026-10-08T12:30Z,055,13.4,999,99.0,9999
2026-10-08T12:40Z,053,13.9,999,99.0,9999
2026-10-08T12:50Z,052,12.9,999,99.0,9999
2026-10-08T13:00Z,051,13.4,60,15.4,1235
2026-10-08T13:10Z,050,13.4,999,99.0,9999
2026-10-08T13:20Z,049,12.9,999,99.0,9999
2026-10-08T13:30Z,048,13.4,999,99.0,9999
2026-10-08T13:40Z,052,13.4,999,99.0,9999
2026-10-08T13:50Z,049,12.9,999,99.0,9999
2026-10-08T14:00Z,052,12.9,50,15.4,1349
2026-10-08T14:10Z,051,12.9,999,99.0,9999
2026-10-08T14:20Z,050,13.9,999,99.0,9999
2026-10-08T14:30Z,053,13.9,999,99.0,9999
2026-10-08T14:40Z,054,14.4,999,99.0,9999
2026-10-08T14:50Z,054,14.4,999,99.0,9999
2026-10-08T15:00Z,054,14.4,50,17.0,1436
2026-10-08T15:10Z,052,14.9,999,99.0,9999
2026-10-08T15:20Z,052,14.4,999,99.0,9999
2026-10-08T15:30Z,050,14.4,999,99.0,9999
2026-10-08T15:40Z,047,14.9,999,99.0,9999
2026-10-08T15:50Z,047,14.9,999,99.0,9999
2026-10-08T16:00Z,048,13.9,50,17.0,1542
2026-10-08T16:10Z,045,14.4,999,99.0,9999
2026-10-08T16:20Z,046,14.9,999,99.0,9999
2026-10-08T16:30Z,044,13.9,999,99.0,9999
2026-10-08T16:40Z,044,14.4,999,99.0,9999
2026-10-08T16:50Z,045,14.4,999,99.0,9999
2026-10-08T17:00Z,045,14.4,40,17.0,1618
2026-10-08T17:10Z,045,14.9,999,99.0,9999
2026-10-08T17:20Z,047,14.4,999,99.0,9999
2026-10-08T17:30Z,045,13.9,999,99.0,9999
2026-10-08T17:40Z,047,15.4,999,99.0,9999
2026-10-08T17:50Z,053,16.0,999,99.0,9999
2026-10-08T18:00Z,052,15.4,60,19.6,1749
2026-10-08T18:10Z,054,14.9,999,99.0,9999
2026-10-08T18:20Z,048,13.9,999,99.0,9999
2026-10-08T18:30Z,047,14.9,999,99.0,9999
2026-10-08T18:40Z,063,16.0,999,99.0,9999
2026-10-08T18:50Z,072,14.9,999,99.0,9999
2026-10-08T19:00Z,069,13.9,60,21.1,1833
2026-10-08T19:10Z,065,15.4,999,99.0,9999
2026-10-08T19:20Z,058,16.0,999,99.0,9999
2026-10-08T19:30Z,054,16.0,999,99.0,9999
2026-10-08T19:40Z,063,14.4,999,99.0,9999
2026-10-08T19:50Z,061,12.4,999,99.0,9999
2026-10-08T20:00Z,059,11.8,60,19.0,1907
2026-10-08T20:10Z,068,12.9,999,99.0,9999
2026-10-08T20:20Z,095,14.4,999,99.0,9999
2026-10-08T20:30Z,090,13.4,999,99.0,9999
2026-10-08T20:40Z,074,12.4,999,99.0,9999
2026-10-08T20:50Z,077,11.8,999,99.0,9999
2026-10-08T21:00Z,076,11.8,90,20.1,2008
2026-10-08T21:10Z,070,12.9,999,99.0,9999
2026-10-08T21:20Z,065,12.9,999,99.0,9999
2026-10-08T21:30Z,071,13.9,999,99.0,9999
2026-10-08T21:40Z,071,16.0,999,99.0,9999
2026-10-08T21:50Z,062,16.0,999,99.0,9999
2026-10-08T22:00Z,055,14.4,60,18.0,2143
2026-10-08T22:10Z,048,10.3,999,99.0,9999
2026-10-08T22:20Z,054,9.8,999,99.0,9999
2026-10-08T22:30Z,069,10.3,999,99.0,9999
2026-10-08T22:40Z,074,10.3,999,99.0,9999
2026-10-08T22:50Z,074,10.3,999,99.0,9999
2026-10-08T23:00Z,066,9.8,60,12.9,2220
2026-10-08T23:10Z,070,9.8,999,99.0,9999
2026-10-08T23:20Z,076,9.3,999,99.0,9999
2026-10-08T23:30Z,085,10.8,999,99.0,9999
2026-10-08T23:40Z,101,12.4,999,99.0,9999
2026-10-08T23:50Z,105,11.3,999,99.0,9999
2026-10-09T00:00Z,094,11.3,110,13.9,2335
2026-10-09T00:10Z,085,12.4,999,99.0,9999
2026-10-09T00:20Z,081,11.8,999,99.0,9999
2026-10-09T00:30Z,072,11.8,999,99.0,9999
2026-10-09T00:40Z,065,11.8,999,99.0,9999
2026-10-09T00:50Z,064,11.8,999,99.0,9999
2026-10-09T01:00Z,060,12.4,90,14.4,0004
2026-10-09T01:10Z,060,10.8,999,99.0,9999
2026-10-09T01:20Z,059,13.9,999,99.0,9999
2026-10-09T01:30Z,064,13.9,999,99.0,9999
2026-10-09T01:40Z,069,14.4,999,99.0,9999
2026-10-09T01:50Z,066,14.9,999,99.0,9999
2026-10-09T02:00Z,068,13.4,70,17.0,0142
2026-10-09T02:10Z,072,14.4,999,99.0,9999
2026-10-09T02:20Z,059,12.4,999,99.0,9999
2026-10-09T02:30Z,058,12.9,999,99.0,9999
2026-10-09T02:40Z,073,13.9,999,99.0,9999
2026-10-09T02:50Z,073,14.9,999,99.0,9999
2026-10-09T03:00Z,072,13.9,80,18.0,0229
2026-10-09T03:10Z,065,11.3,999,99.0,9999
2026-10-09T03:20Z,051,11.8,999,99.0,9999
2026-10-09T03:30Z,053,10.8,999,99.0,9999
2026-10-09T03:40Z,057,11.8,999,99.0,9999
2026-10-09T03:50Z,056,11.8,999,99.0,9999
2026-10-09T04:00Z,052,10.3,70,13.9,0301
2026-10-09T04:10Z,055,10.8,999,99.0,9999
2026-10-09T04:20Z,050,12.4,999,99.0,9999
2026-10-09T04:30Z,060,12.4,999,99.0,9999
2026-10-09T04:40Z,056,11.3,999,99.0,9999
2026-10-09T04:50Z,054,11.3,999,99.0,9999
2026-10-09T05:00Z,050,12.4,60,14.9,0426
2026-10-09T05:10Z,048,11.8,999,99.0,9999
2026-10-09T05:20Z,047,11.3,999,99.0,9999
2026-10-09T05:30Z,047,11.3,999,99.0,9999
2026-10-09T05:40Z,037,9.8,999,99.0,9999
2026-10-09T05:50Z,031,9.3,999,99.0,9999
2026-10-09T06:00Z,024,8.2,40,13.9,0530
2026-10-09T06:10Z,020,7.7,999,99.0,9999
2026-10-09T06:20Z,035,9.3,999,99.0,9999
2026-10-09T06:30Z,053,12.4,999,99.0,9999
2026-10-09T06:40Z,060,13.9,999,99.0,9999
2026-10-09T06:50Z,066,12.9,999,99.0,9999
2026-10-09T07:00Z,070,14.9,80,17.5,0657
2026-10-09T07:10Z,063,14.9,999,99.0,9999
2026-10-09T07:20Z,064,13.9,999,99.0,9999
2026-10-09T07:30Z,069,13.9,999,99.0,9999
2026-10-09T07:40Z,066,15.4,999,99.0,9999
2026-10-09T07:50Z,062,14.9,999,99.0,9999
2026-10-09T08:00Z,060,13.9,60,20.1,0705
2026-10-09T08:10Z,055,13.4,999,99.0,9999
2026-10-09T08:20Z,070,16.5,999,99.0,9999
2026-10-09T08:30Z,072,17.0,999,99.0,9999
2026-10-09T08:40Z,075,17.5,999,99.0,9999
2026-10-09T08:50Z,072,16.0,999,99.0,9999
2026-10-09T09:00Z,079,17.5,90,22.7,0800
2026-10-09T09:10Z,083,17.0,999,99.0,9999
2026-10-09T09:20Z,075,17.5,999,99.0,9999
2026-10-09T09:30Z,076,17.5,999,99.0,9999
2026-10-09T09:40Z,076,16.5,999,99.0,9999
2026-10-09T09:50Z,068,17.5,999,99.0,9999
2026-10-09T10:00Z,067,18.5,90,21.6,0901
2026-10-09T10:10Z,067,18.0,999,99.0,9999
2026-10-09T10:20Z,068,18.5,999,99.0,9999
2026-10-09T10:30Z,069,20.1,999,99.0,9999
2026-10-09T10:40Z,059,18.0,999,99.0,9999
2026-10-09T10:50Z,062,16.5,999,99.0,9999
2026-10-09T11:00Z,052,17.0,70,23.2,1027
2026-10-09T11:10Z,040,14.4,999,99.0,9999
2026-10-09T11:20Z,046,16.0,999,99.0,9999
2026-10-09T11:30Z,048,15.4,999,99.0,9999
2026-10-09T11:40Z,045,13.9,999,99.0,9999
2026-10-09T11:50Z,051,13.9,999,99.0,9999
2026-10-09T12:00Z,053,14.9,70,19.0,1158
2026-10-09T12:10Z,056,17.0,999,99.0,9999
2026-10-09T12:20Z,051,16.0,999,99.0,9999
2026-10-09T12:30Z,052,15.4,999,99.0,9999
2026-10-09T12:40Z,053,17.0,999,99.0,9999
2026-10-09T12:50Z,050,14.9,999,99.0,9999
2026-10-09T13:00Z,052,17.0,50,21.6,1258
2026-10-09T13:10Z,054,18.0,999,99.0,9999
2026-10-09T13:20Z,052,17.5,999,99.0,9999
2026-10-09T13:30Z,059,18.5,999,99.0,9999
2026-10-09T13:40Z,056,20.1,999,99.0,9999
2026-10-09T13:50Z,053,19.0,999,99.0,9999
2026-10-09T14:00Z,057,19.0,70,24.2,1357
2026-10-09T14:10Z,058,21.1,999,99.0,9999
2026-10-09T14:20Z,052,20.1,999,99.0,9999
2026-10-09T14:30Z,053,20.6,999,99.0,9999
2026-10-09T14:40Z,055,21.1,999,99.0,9999
2026-10-09T14:50Z,057,22.7,999,99.0,9999
2026-10-09T15:00Z,058,22.7,60,28.3,1451
2026-10-09T15:10Z,054,22.7,999,99.0,9999
2026-10-09T15:20Z,055,21.6,999,99.0,9999
2026-10-09T15:30Z,054,20.6,999,99.0,9999
2026-10-09T15:40Z,050,20.1,999,99.0,9999
2026-10-09T15:50Z,050,19.0,999,99.0,9999
2026-10-09T16:00Z,050,19.0,60,25.7,1510
2026-10-09T16:10Z,050,19.6,999,99.0,9999
2026-10-09T16:20Z,052,19.6,999,99.0,9999
2026-10-09T16:30Z,047,18.5,999,99.0,9999
2026-10-09T16:40Z,045,19.6,999,99.0,9999
2026-10-09T16:50Z,046,18.0,999,99.0,9999
2026-10-09T17:00Z,042,20.1,40,24.2,1651
2026-10-09T17:10Z,041,19.6,999,99.0,9999
2026-10-09T17:20Z,040,18.0,999,99.0,9999
2026-10-09T17:30Z,034,16.5,999,99.0,9999
2026-10-09T17:40Z,034,16.0,999,99.0,9999
2026-10-09T17:50Z,034,16.5,999,99.0,9999
2026-10-09T18:00Z,039,16.5,40,22.7,1702
2026-10-09T18:10Z,035,14.9,999,99.0,9999
2026-10-09T18:20Z,034,14.4,999,99.0,9999
2026-10-09T18:30Z,031,14.4,999,99.0,9999
2026-10-09T18:40Z,034,13.9,999,99.0,9999
2026-10-09T18:50Z,032,14.9,999,99.0,9999
2026-10-09T19:00Z,034,16.0,40,18.5,1858
2026-10-09T19:10Z,026,16.5,999,99.0,9999
2026-10-09T19:20Z,023,14.4,999,99.0,9999
2026-10-09T19:30Z,024,14.4,999,99.0,9999
2026-10-09T19:40Z,020,13.9,999,99.0,9999
2026-10-09T19:50Z,020,13.9,999,99.0,9999
2026-10-09T20:00Z,014,14.4,30,19.0,1903
2026-10-09T20:10Z,010,14.4,999,99.0,9999
2026-10-09T20:20Z,008,14.9,999,99.0,9999
2026-10-09T20:30Z,009,14.9,999,99.0,9999
2026-10-09T20:40Z,011,15.4,999,99.0,9999
2026-10-09T20:50Z,010,16.5,999,99.0,9999
2026-10-09T21:00Z,013,17.0,10,19.6,2057
2026-10-09T21:10Z,016,17.5,999,99.0,9999
2026-10-09T21:20Z,013,16.0,999,99.0,9999
2026-10-09T21:30Z,013,15.4,999,99.0,9999
2026-10-09T21:40Z,010,14.4,999,99.0,9999
2026-10-09T21:50Z,006,13.9,999,99.0,9999
2026-10-09T22:00Z,006,12.9,20,21.6,2103
2026-10-09T22:10Z,003,12.9,999,99.0,9999
2026-10-09T22:20Z,005,12.4,999,99.0,9999
2026-10-09T22:30Z,002,12.9,999,99.0,9999
2026-10-09T22:40Z,002,13.4,999,99.0,9999
2026-10-09T22:50Z,002,13.4,999,99.0,9999
2026-10-09T23:00Z,004,13.9,10,16.0,2237
