time_utc,DEPTH,OTMP,COND,SAL,O2%,O2PPM,CLCON,TURB,PH,EH
2026-10-04T00:00Z,1.3,28.30,42.66,27.30,36.8,2.50,,13,6.60,
2026-10-04T00:15Z,1.3,28.30,42.56,27.30,34.8,2.30,,13,6.50,
2026-10-04T00:30Z,1.3,28.40,42.74,27.40,36.7,2.50,,13,6.60,
2026-10-04T00:45Z,1.4,28.40,42.73,27.40,38.7,2.60,,13,6.60,
2026-10-04T01:00Z,1.4,28.40,42.53,27.20,36.4,2.40,,13,6.60,
2026-10-04T01:15Z,1.4,28.40,42.88,27.50,39.2,2.60,,13,6.60,
2026-10-04T01:30Z,1.4,28.40,42.76,27.40,40.0,2.70,,13,6.60,
2026-10-04T01:45Z,1.4,28.40,42.73,27.40,39.0,2.60,,13,6.60,
2026-10-04T02:00Z,1.5,28.50,42.77,27.40,40.2,2.70,,13,6.60,
2026-10-04T02:15Z,1.6,28.60,42.74,27.40,46.6,3.10,,13,6.60,
2026-10-04T02:30Z,1.6,28.60,42.62,27.30,47.3,3.20,,13,6.60,
2026-10-04T02:45Z,1.6,28.60,43.05,27.60,43.8,2.90,,13,6.70,
2026-10-04T03:00Z,1.6,28.60,42.93,27.50,42.1,2.80,,13,6.60,
2026-10-04T03:15Z,1.5,28.50,42.76,27.40,44.2,3.00,,13,6.60,
2026-10-04T03:30Z,1.5,28.40,42.61,27.30,39.1,2.60,,13,6.60,
2026-10-04T03:45Z,1.5,28.50,42.73,27.40,39.1,2.60,,13,6.60,
2026-10-04T04:00Z,1.6,28.60,42.96,27.50,39.4,2.60,,13,6.60,
2026-10-04T04:15Z,1.6,28.60,42.96,27.50,40.2,2.70,,13,6.60,
2026-10-04T04:30Z,1.6,28.60,42.78,27.40,45.2,3.00,,13,6.60,
2026-10-04T04:45Z,1.6,28.60,42.88,27.50,43.4,2.90,,13,6.70,
2026-10-04T05:00Z,1.6,28.70,42.89,27.50,43.9,2.90,,13,6.70,
2026-10-04T05:15Z,1.6,28.70,42.88,27.50,45.0,3.00,,13,6.70,
2026-10-04T05:30Z,1.6,28.70,43.04,27.60,41.4,2.80,,13,6.70,
2026-10-04T05:45Z,1.6,28.70,42.99,27.60,42.1,2.80,,13,6.70,
2026-10-04T06:00Z,1.7,28.70,42.99,27.60,43.2,2.90,,13,6.70,
2026-10-04T06:15Z,1.7,28.70,43.00,27.60,40.6,2.70,,13,6.70,
2026-10-04T06:30Z,1.7,28.70,43.09,27.60,41.4,2.70,,13,6.70,
2026-10-04T06:45Z,1.7,28.80,43.16,27.70,43.7,2.90,,13,6.70,
2026-10-04T07:00Z,1.7,28.80,43.25,27.70,44.5,2.90,,13,6.80,
2026-10-04T07:15Z,1.7,28.70,43.33,27.80,46.1,3.10,,13,6.80,
2026-10-04T07:30Z,1.8,28.70,43.38,27.80,47.6,3.20,,13,6.80,
2026-10-04T07:45Z,1.8,28.70,43.37,27.80,46.9,3.10,,13,6.80,
2026-10-04T08:00Z,1.8,28.60,43.49,27.90,49.3,3.30,,13,6.90,
2026-10-04T08:15Z,1.8,28.50,43.50,27.90,50.1,3.30,,13,6.90,
2026-10-04T08:30Z,1.8,28.40,43.60,28.00,51.5,3.40,,13,6.90,
2026-10-04T08:45Z,1.8,28.40,43.64,28.00,51.3,3.40,,13,6.90,
2026-10-04T09:00Z,1.8,28.40,43.66,28.10,51.5,3.40,,13,7.00,
2026-10-04T09:15Z,1.8,28.30,43.69,28.10,50.4,3.40,,13,7.00,
2026-10-04T09:30Z,1.8,28.30,43.56,28.00,49.7,3.30,,13,6.90,
2026-10-04T09:45Z,1.8,28.30,43.64,28.00,50.1,3.30,,13,7.00,
2026-10-04T10:00Z,1.8,28.30,43.51,28.00,47.9,3.20,,13,6.90,
2026-10-04T10:15Z,1.8,28.30,43.44,27.90,45.0,3.00,,13,6.90,
2026-10-04T10:30Z,1.8,28.30,43.23,27.70,47.4,3.20,,13,6.90,
2026-10-04T10:45Z,1.8,28.10,43.14,27.70,46.4,3.10,,13,6.90,
2026-10-04T11:00Z,1.8,28.20,43.14,27.70,44.6,3.00,,13,6.80,
2026-10-04T11:15Z,1.8,28.20,43.00,27.60,42.2,2.80,,13,6.80,
2026-10-04T11:30Z,1.8,28.20,42.88,27.50,41.5,2.80,,13,6.70,
2026-10-04T11:45Z,1.7,28.10,42.68,27.40,40.0,2.70,,13,6.70,
2026-10-04T12:00Z,1.7,27.90,42.35,27.10,39.2,2.70,,13,6.70,
2026-10-04T12:15Z,1.7,28.10,42.44,27.20,37.8,2.50,,13,6.60,
2026-10-04T12:30Z,1.7,28.30,42.56,27.30,36.1,2.40,,13,6.60,
2026-10-04T12:45Z,1.7,28.30,42.54,27.30,34.2,2.30,,13,6.60,
2026-10-04T13:00Z,1.7,28.30,42.43,27.20,32.4,2.20,,13,6.60,
2026-10-04T13:15Z,1.6,28.20,42.32,27.10,31.7,2.10,,13,6.60,
2026-10-04T13:30Z,1.6,28.30,42.40,27.20,30.9,2.10,,13,6.60,
2026-10-04T13:45Z,1.6,28.20,42.30,27.10,29.4,2.00,,13,6.50,
2026-10-04T14:00Z,1.6,28.20,42.24,27.00,27.8,1.90,,13,6.50,
2026-10-04T14:15Z,1.6,28.20,42.12,27.00,26.8,1.80,,13,6.50,
2026-10-04T14:30Z,1.6,28.10,42.18,27.00,26.0,1.80,,13,6.50,
2026-10-04T14:45Z,1.6,28.10,42.03,26.90,26.9,1.80,,13,6.50,
2026-10-04T15:00Z,1.6,28.10,42.04,26.90,25.9,1.70,,13,6.50,
2026-10-04T15:15Z,1.6,28.20,42.19,27.00,26.4,1.80,,13,6.50,
2026-10-04T15:30Z,1.6,28.20,42.23,27.00,27.0,1.80,,14,6.50,
2026-10-04T15:45Z,1.6,28.10,41.95,26.80,23.8,1.60,,14,6.50,
2026-10-04T16:00Z,1.5,28.10,41.91,26.80,24.8,1.70,,13,6.40,
2026-10-04T16:15Z,1.5,28.10,41.97,26.90,24.7,1.70,,14,6.40,
2026-10-04T16:30Z,1.5,28.20,42.13,27.00,24.3,1.60,,14,6.50,
2026-10-04T16:45Z,1.4,28.10,41.95,26.80,24.2,1.60,,14,6.40,
2026-10-04T17:00Z,1.4,28.10,41.85,26.80,23.5,1.60,,13,6.40,
2026-10-04T17:15Z,1.4,28.00,41.67,26.60,21.2,1.40,,13,6.40,
2026-10-04T17:30Z,1.3,28.00,41.72,26.70,21.6,1.50,,13,6.40,
2026-10-04T17:45Z,1.3,28.10,41.84,26.80,20.0,1.40,,13,6.40,
2026-10-04T18:00Z,1.3,28.10,41.82,26.70,18.8,1.30,,14,6.40,
2026-10-04T18:15Z,1.3,28.10,41.98,26.90,20.6,1.40,,14,6.40,
2026-10-04T18:30Z,1.3,28.10,41.83,26.80,20.5,1.40,,13,6.40,
2026-10-04T18:45Z,1.2,28.00,41.61,26.60,20.0,1.40,,13,6.40,
2026-10-04T19:00Z,1.2,28.10,41.85,26.80,18.0,1.20,,13,6.40,
2026-10-04T19:15Z,1.2,28.20,42.18,27.00,21.1,1.40,,13,6.50,
2026-10-04T19:30Z,1.3,28.20,42.11,27.00,21.4,1.40,,13,6.50,
2026-10-04T19:45Z,1.3,28.20,42.27,27.10,21.6,1.50,,13,6.50,
2026-10-04T20:00Z,1.3,28.20,42.09,26.90,22.9,1.50,,13,6.50,
2026-10-04T20:15Z,1.2,28.00,41.53,26.50,20.5,1.40,,13,6.40,
2026-10-04T20:30Z,1.1,28.10,41.84,26.80,21.4,1.40,,13,6.40,
2026-10-04T20:45Z,1.0,27.80,40.84,26.10,18.2,1.20,,13,6.30,
2026-10-04T21:00Z,1.1,28.00,41.51,26.50,18.9,1.30,,13,6.40,
2026-10-04T21:15Z,1.2,28.00,41.12,26.30,18.6,1.30,,13,6.40,
2026-10-04T21:30Z,1.3,28.00,41.54,26.60,18.9,1.30,,13,6.40,
2026-10-04T21:45Z,1.2,28.00,41.54,26.50,20.1,1.40,,13,6.40,
2026-10-04T22:00Z,1.1,27.90,41.13,26.30,19.3,1.30,,13,6.30,
2026-10-04T22:15Z,1.1,27.90,40.98,26.20,18.5,1.30,,13,6.30,
2026-10-04T22:30Z,1.1,27.90,41.00,26.20,16.5,1.10,,13,6.30,
2026-10-04T22:45Z,1.1,28.00,41.42,26.50,17.4,1.20,,14,6.40,
2026-10-04T23:00Z,1.1,28.00,41.40,26.40,16.5,1.10,,14,6.40,
2026-10-04T23:15Z,1.2,28.00,41.41,26.50,16.7,1.10,,13,6.40,
2026-10-04T23:30Z,1.2,28.00,41.46,26.50,17.3,1.20,,13,6.40,
2026-10-04T23:45Z,1.1,28.00,41.38,26.40,17.3,1.20,,13,6.40,
2026-10-05T00:00Z,1.1,28.00,41.38,26.40,15.7,1.10,,13,6.40,
2026-10-05T00:15Z,1.1,28.00,41.50,26.50,17.0,1.20,,13,6.40,
2026-10-05T00:30Z,1.2,28.00,41.55,26.60,16.0,1.10,,13,6.40,
2026-10-05T00:45Z,1.2,28.00,41.46,26.50,15.4,1.00,,13,6.40,
2026-10-05T01:00Z,1.2,28.00,41.60,26.60,14.5,1.00,,13,6.40,
2026-10-05T01:15Z,1.2,28.00,41.47,26.50,14.3,1.00,,13,6.40,
2026-10-05T01:30Z,1.3,28.00,41.59,26.60,15.7,1.10,,13,6.40,
2026-10-05T01:45Z,1.3,28.00,41.52,26.50,16.8,1.10,,13,6.40,
2026-10-05T02:00Z,1.4,28.00,41.47,26.50,15.8,1.10,,13,6.40,
2026-10-05T02:15Z,1.4,28.00,41.47,26.50,15.8,1.10,,13,6.40,
2026-10-05T02:30Z,1.4,28.00,41.50,26.50,15.0,1.00,,13,6.40,
2026-10-05T02:45Z,1.4,28.00,41.44,26.50,13.7,0.90,,13,6.40,
2026-10-05T03:00Z,1.4,28.00,41.51,26.50,14.6,1.00,,13,6.40,
2026-10-05T03:15Z,1.4,28.00,41.61,26.60,15.2,1.00,,13,6.40,
2026-10-05T03:30Z,1.4,28.00,41.55,26.60,15.0,1.00,,13,6.40,
2026-10-05T03:45Z,1.5,28.00,41.59,26.60,12.6,0.90,,13,6.40,
2026-10-05T04:00Z,1.5,28.00,41.31,26.40,13.9,0.90,,13,6.40,
2026-10-05T04:15Z,1.5,28.00,41.56,26.60,14.1,1.00,,13,6.40,
2026-10-05T04:30Z,1.5,28.00,41.64,26.60,14.9,1.00,,13,6.40,
2026-10-05T04:45Z,1.5,28.00,41.65,26.60,12.0,0.80,,13,6.50,
2026-10-05T05:00Z,1.5,28.00,41.64,26.60,14.2,1.00,,13,6.50,
2026-10-05T05:15Z,1.5,28.00,41.66,26.60,14.5,1.00,,13,6.50,
2026-10-05T05:30Z,1.5,28.00,41.59,26.60,12.3,0.80,,13,6.50,
2026-10-05T05:45Z,1.5,28.00,41.62,26.60,14.2,1.00,,13,6.50,
2026-10-05T06:00Z,1.6,28.00,41.69,26.70,14.2,1.00,,13,6.50,
2026-10-05T06:15Z,1.6,28.00,41.65,26.60,15.3,1.00,,13,6.50,
2026-10-05T06:30Z,1.6,27.90,41.38,26.40,16.0,1.10,,13,6.50,
2026-10-05T06:45Z,1.6,27.90,41.23,26.30,20.3,1.40,,13,6.50,
2026-10-05T07:00Z,1.6,28.00,41.88,26.80,13.7,0.90,,13,6.50,
2026-10-05T07:15Z,1.6,28.00,41.60,26.60,15.6,1.10,,13,6.50,
2026-10-05T07:30Z,1.6,27.90,41.38,26.40,19.1,1.30,,13,6.50,
2026-10-05T07:45Z,1.6,27.90,41.58,26.60,15.9,1.10,,13,6.50,
2026-10-05T08:00Z,1.6,27.90,41.41,26.50,20.0,1.40,,13,6.50,
2026-10-05T08:15Z,1.7,27.90,41.54,26.60,18.5,1.30,,13,6.60,
2026-10-05T08:30Z,1.7,27.90,41.53,26.50,19.3,1.30,,13,6.60,
2026-10-05T08:45Z,1.7,27.80,41.30,26.40,18.6,1.30,,13,6.60,
2026-10-05T09:00Z,1.7,27.80,41.31,26.40,21.5,1.50,,13,6.60,
2026-10-05T09:15Z,1.7,27.90,41.52,26.50,18.9,1.30,,13,6.60,
2026-10-05T09:30Z,1.7,27.90,41.50,26.50,17.7,1.20,,13,6.60,
2026-10-05T09:45Z,1.7,27.90,41.47,26.50,16.1,1.10,,13,6.60,
2026-10-05T10:00Z,1.7,27.80,41.39,26.50,17.5,1.20,,13,6.60,
2026-10-05T10:15Z,1.7,27.80,41.40,26.50,17.6,1.20,,13,6.60,
2026-10-05T10:30Z,1.7,27.80,41.38,26.40,17.9,1.20,,13,6.60,
2026-10-05T10:45Z,1.7,27.80,41.41,26.50,18.1,1.20,,13,6.60,
2026-10-05T11:00Z,1.7,27.80,41.41,26.50,18.1,1.20,,13,6.60,
2026-10-05T11:15Z,1.7,27.80,41.41,26.50,18.4,1.30,,13,6.60,
2026-10-05T11:30Z,1.7,27.90,41.44,26.50,17.2,1.20,,13,6.60,
2026-10-05T11:45Z,1.6,27.80,41.39,26.40,17.6,1.20,,13,6.60,
2026-10-05T12:00Z,1.6,27.90,41.43,26.50,15.8,1.10,,12,6.60,
2026-10-05T12:15Z,1.6,27.90,41.46,26.50,14.5,1.00,,12,6.60,
2026-10-05T12:30Z,1.6,27.90,41.39,26.40,13.6,0.90,,13,6.60,
2026-10-05T12:45Z,1.6,27.80,41.35,26.40,14.3,1.00,,13,6.60,
2026-10-05T13:00Z,1.6,27.80,41.33,26.40,14.9,1.00,,13,6.50,
2026-10-05T13:15Z,1.6,27.80,41.38,26.40,14.9,1.00,,13,6.60,
2026-10-05T13:30Z,1.6,27.80,41.29,26.40,15.5,1.10,,14,6.50,
2026-10-05T13:45Z,1.6,27.90,41.32,26.40,15.5,1.10,,14,6.50,
2026-10-05T14:00Z,1.6,27.90,41.40,26.50,15.0,1.00,,14,6.50,
2026-10-05T14:15Z,1.6,27.90,41.34,26.40,14.1,1.00,,14,6.50,
2026-10-05T14:30Z,1.6,27.90,41.24,26.30,15.0,1.00,,14,6.50,
2026-10-05T14:45Z,1.6,27.90,41.16,26.30,14.4,1.00,,14,6.50,
2026-10-05T15:00Z,1.6,27.90,41.23,26.30,14.2,1.00,,14,6.50,
2026-10-05T15:15Z,1.6,27.90,41.27,26.40,14.1,1.00,,14,6.50,
2026-10-05T15:30Z,1.5,27.90,41.16,26.30,15.1,1.00,,14,6.50,
2026-10-05T15:45Z,1.5,27.90,41.29,26.40,14.3,1.00,,14,6.50,
2026-10-05T16:00Z,1.5,27.90,41.15,26.30,14.4,1.00,,14,6.50,
2026-10-05T16:15Z,1.4,27.90,41.16,26.30,13.8,0.90,,14,6.50,
2026-10-05T16:30Z,1.4,27.90,41.22,26.30,12.8,0.90,,13,6.50,
2026-10-05T16:45Z,1.4,27.90,41.19,26.30,12.6,0.90,,13,6.50,
2026-10-05T17:00Z,1.4,27.90,41.23,26.30,12.1,0.80,,13,6.50,
2026-10-05T17:15Z,1.4,28.00,41.22,26.30,12.1,0.80,,13,6.50,
2026-10-05T17:30Z,1.3,28.00,41.27,26.40,12.1,0.80,,13,6.50,
2026-10-05T17:45Z,1.3,28.00,41.12,26.30,13.7,0.90,,13,6.40,
2026-10-05T18:00Z,1.3,28.00,41.18,26.30,12.5,0.90,,13,6.50,
2026-10-05T18:15Z,1.3,28.00,41.30,26.40,11.0,0.70,,13,6.50,
2026-10-05T18:30Z,1.3,27.90,41.39,26.40,11.6,0.80,,13,6.50,
2026-10-05T18:45Z,1.2,27.90,41.40,26.50,9.9,0.70,,13,6.50,
2026-10-05T19:00Z,1.2,28.00,41.37,26.40,9.4,0.60,,13,6.50,
2026-10-05T19:15Z,1.2,28.00,41.34,26.40,11.3,0.80,,13,6.50,
2026-10-05T19:30Z,1.2,28.00,41.30,26.40,12.5,0.80,,13,6.50,
2026-10-05T19:45Z,1.2,27.90,41.39,26.40,14.0,0.90,,13,6.50,
2026-10-05T20:00Z,1.2,27.90,41.42,26.50,14.6,1.00,,13,6.50,
2026-10-05T20:15Z,1.2,27.90,41.43,26.50,13.2,0.90,,13,6.60,
2026-10-05T20:30Z,1.1,28.00,41.40,26.50,13.0,0.90,,13,6.50,
2026-10-05T20:45Z,1.1,27.90,41.37,26.40,14.2,1.00,,13,6.50,
2026-10-05T21:00Z,1.1,27.80,41.44,26.50,15.0,1.00,,13,6.60,
2026-10-05T21:15Z,1.1,27.90,41.40,26.50,14.9,1.00,,13,6.60,
2026-10-05T21:30Z,1.1,28.00,41.35,26.40,14.5,1.00,,13,6.50,
2026-10-05T21:45Z,1.1,27.70,41.50,26.50,17.0,1.20,,13,6.60,
2026-10-05T22:00Z,1.1,28.00,41.29,26.40,16.7,1.10,,13,6.50,
2026-10-05T22:15Z,1.1,28.00,41.24,26.30,16.1,1.10,,13,6.50,
2026-10-05T22:30Z,1.1,27.80,41.43,26.50,17.1,1.20,,13,6.60,
2026-10-05T22:45Z,1.1,27.70,41.48,26.50,16.6,1.10,,13,6.60,
2026-10-05T23:00Z,1.2,27.80,41.42,26.50,15.9,1.10,,13,6.60,
2026-10-05T23:15Z,1.2,27.80,41.40,26.50,15.7,1.10,,13,6.60,
2026-10-05T23:30Z,1.1,28.00,41.12,26.30,18.1,1.20,,13,6.50,
2026-10-05T23:45Z,1.1,27.90,41.22,26.30,16.2,1.10,,13,6.50,
2026-10-06T00:00Z,1.1,27.70,41.42,26.50,17.1,1.20,,13,6.60,
2026-10-06T00:15Z,1.2,27.70,41.45,26.50,16.5,1.10,,13,6.70,
2026-10-06T00:30Z,1.2,27.70,41.47,26.50,17.0,1.20,,13,6.70,
2026-10-06T00:45Z,1.2,27.90,41.31,26.40,16.2,1.10,,13,6.60,
2026-10-06T01:00Z,1.2,27.90,41.30,26.40,15.1,1.00,,13,6.60,
2026-10-06T01:15Z,1.2,27.70,41.49,26.50,19.3,1.30,,13,6.70,
2026-10-06T01:30Z,1.2,27.70,41.44,26.50,18.6,1.30,,13,6.70,
2026-10-06T01:45Z,1.2,27.80,41.32,26.40,15.9,1.10,,13,6.60,
2026-10-06T02:00Z,1.2,27.90,41.24,26.30,15.9,1.10,,13,6.60,
2026-10-06T02:15Z,1.2,27.90,41.23,26.30,16.7,1.10,,13,6.50,
2026-10-06T02:30Z,1.3,27.70,41.41,26.50,18.2,1.20,,13,6.70,
2026-10-06T02:45Z,1.3,27.60,41.54,26.60,19.0,1.30,,13,6.70,
2026-10-06T03:00Z,1.4,27.60,41.47,26.50,18.4,1.30,,13,6.70,
2026-10-06T03:15Z,1.4,27.70,41.35,26.40,17.4,1.20,,13,6.70,
2026-10-06T03:30Z,1.4,27.60,41.53,26.60,19.4,1.30,,13,6.70,
2026-10-06T03:45Z,1.4,27.70,41.41,26.50,17.0,1.20,,13,6.70,
2026-10-06T04:00Z,1.4,27.60,41.51,26.50,19.3,1.30,,13,6.70,
2026-10-06T04:15Z,1.4,27.70,41.40,26.50,18.3,1.20,,13,6.70,
2026-10-06T04:30Z,1.4,27.70,41.35,26.40,16.9,1.20,,13,6.70,
2026-10-06T04:45Z,1.4,27.70,41.40,26.50,19.2,1.30,,13,6.70,
2026-10-06T05:00Z,1.4,27.70,41.40,26.50,17.4,1.20,,13,6.70,
2026-10-06T05:15Z,1.4,27.60,41.43,26.50,17.9,1.20,,13,6.70,
2026-10-06T05:30Z,1.4,27.70,41.32,26.40,18.4,1.30,,13,6.70,
2026-10-06T05:45Z,1.4,27.70,41.32,26.40,17.1,1.20,,13,6.70,
2026-10-06T06:00Z,1.4,27.80,41.31,26.40,16.2,1.10,,13,6.70,
2026-10-06T06:15Z,1.4,27.80,41.31,26.40,15.2,1.00,,13,6.60,
2026-10-06T06:30Z,1.4,27.80,41.31,26.40,13.8,0.90,,13,6.60,
2026-10-06T06:45Z,1.4,27.80,41.30,26.40,12.0,0.80,,13,6.70,
2026-10-06T07:00Z,1.4,27.80,41.28,26.40,15.4,1.00,,13,6.60,
2026-10-06T07:15Z,1.4,27.80,41.29,26.40,13.4,0.90,,13,6.70,
2026-10-06T07:30Z,1.5,27.80,41.29,26.40,13.2,0.90,,13,6.70,
2026-10-06T07:45Z,1.5,27.70,41.30,26.40,12.6,0.90,,13,6.70,
2026-10-06T08:00Z,1.5,27.80,41.29,26.40,16.7,1.10,,13,6.70,
2026-10-06T08:15Z,1.5,27.70,41.30,26.40,14.8,1.00,,13,6.70,
2026-10-06T08:30Z,1.5,27.70,41.33,26.40,16.5,1.10,,13,6.70,
2026-10-06T08:45Z,1.5,27.50,41.47,26.50,15.8,1.10,,13,6.80,
2026-10-06T09:00Z,1.5,27.60,41.45,26.50,16.1,1.10,,13,6.70,
2026-10-06T09:15Z,1.5,27.50,41.49,26.50,16.3,1.10,,13,6.80,
2026-10-06T09:30Z,1.6,27.60,41.46,26.50,14.7,1.00,,13,6.80,
2026-10-06T09:45Z,1.6,27.60,41.44,26.50,16.0,1.10,,13,6.80,
2026-10-06T10:00Z,1.6,27.50,41.49,26.50,15.1,1.00,,13,6.80,
2026-10-06T10:15Z,1.6,27.50,41.53,26.60,14.7,1.00,,13,6.80,
2026-10-06T10:30Z,1.6,27.50,41.52,26.60,15.0,1.00,,13,6.80,
2026-10-06T10:45Z,1.6,27.50,41.41,26.50,16.2,1.10,,13,6.80,
2026-10-06T11:00Z,1.6,27.50,41.48,26.50,14.6,1.00,,13,6.80,
2026-10-06T11:15Z,1.6,27.60,41.41,26.50,15.5,1.10,,13,6.80,
2026-10-06T11:30Z,1.6,27.60,41.34,26.40,14.0,1.00,,13,6.70,
2026-10-06T11:45Z,1.6,27.60,41.37,26.40,16.4,1.10,,13,6.70,
2026-10-06T12:00Z,1.6,27.60,41.37,26.40,15.8,1.10,,13,6.70,
2026-10-06T12:15Z,1.6,27.60,41.35,26.40,13.6,0.90,,13,6.70,
2026-10-06T12:30Z,1.6,27.50,41.47,26.50,14.1,1.00,,13,6.80,
2026-10-06T12:45Z,1.6,27.60,41.38,26.40,15.6,1.10,,13,6.80,
2026-10-06T13:00Z,1.6,27.50,41.52,26.50,13.9,1.00,,13,6.80,
2026-10-06T13:15Z,1.6,27.60,41.33,26.40,14.8,1.00,,13,6.80,
2026-10-06T13:30Z,1.6,27.60,41.37,26.40,16.2,1.10,,13,6.70,
2026-10-06T13:45Z,1.6,27.60,41.39,26.50,14.5,1.00,,14,6.70,
2026-10-06T14:00Z,1.6,27.70,41.34,26.40,13.8,0.90,,14,6.70,
2026-10-06T14:15Z,1.6,27.70,41.35,26.40,12.9,0.90,,14,6.70,
2026-10-06T14:30Z,1.6,27.60,41.42,26.50,12.6,0.90,,14,6.70,
2026-10-06T14:45Z,1.6,27.70,41.35,26.40,12.6,0.90,,14,6.70,
2026-10-06T15:00Z,1.6,27.70,41.33,26.40,11.8,0.80,,14,6.70,
2026-10-06T15:15Z,1.6,27.60,41.40,26.50,11.9,0.80,,14,6.70,
2026-10-06T15:30Z,1.6,27.70,41.32,26.40,12.0,0.80,,14,6.70,
2026-10-06T15:45Z,1.6,27.60,41.43,26.50,12.1,0.80,,14,6.80,
2026-10-06T16:00Z,1.5,27.60,41.38,26.40,12.0,0.80,,14,6.70,
2026-10-06T16:15Z,1.5,27.70,41.31,26.40,14.1,1.00,,14,6.70,
2026-10-06T16:30Z,1.5,27.70,41.33,26.40,13.7,0.90,,13,6.70,
2026-10-06T16:45Z,1.5,27.80,41.24,26.30,14.3,1.00,,13,6.70,
2026-10-06T17:00Z,1.5,27.70,41.32,26.40,14.0,1.00,,13,6.70,
2026-10-06T17:15Z,1.4,27.80,41.24,26.30,14.9,1.00,,13,6.70,
2026-10-06T17:30Z,1.4,27.80,41.28,26.40,14.3,1.00,,13,6.70,
2026-10-06T17:45Z,1.4,27.80,41.23,26.30,16.2,1.10,,13,6.70,
2026-10-06T18:00Z,1.4,27.90,41.21,26.30,15.3,1.00,,13,6.70,
2026-10-06T18:15Z,1.4,27.80,41.24,26.30,14.4,1.00,,13,6.70,
2026-10-06T18:30Z,1.3,27.90,41.15,26.30,16.4,1.10,,13,6.60,
2026-10-06T18:45Z,1.3,27.90,41.17,26.30,17.8,1.20,,13,6.70,
2026-10-06T19:00Z,1.3,27.90,41.20,26.30,16.3,1.10,,13,6.70,
2026-10-06T19:15Z,1.3,27.90,41.15,26.30,15.9,1.10,,13,6.60,
2026-10-06T19:30Z,1.3,27.80,41.29,26.40,15.9,1.10,,13,6.70,
2026-10-06T19:45Z,1.3,27.70,41.40,26.50,13.5,0.90,,13,6.80,
2026-10-06T20:00Z,1.3,27.90,41.19,26.30,16.9,1.10,,13,6.70,
2026-10-06T20:15Z,1.3,27.90,41.16,26.30,17.2,1.20,,13,6.70,
2026-10-06T20:30Z,1.2,28.00,41.10,26.20,19.3,1.30,,13,6.60,
2026-10-06T20:45Z,1.2,27.90,41.17,26.30,16.4,1.10,,13,6.70,
2026-10-06T21:00Z,1.2,28.00,41.13,26.30,17.1,1.20,,13,6.70,
2026-10-06T21:15Z,1.2,27.80,41.30,26.40,15.2,1.00,,13,6.70,
2026-10-06T21:30Z,1.3,27.60,41.46,26.50,11.5,0.80,,13,6.80,
2026-10-06T21:45Z,1.3,27.80,41.32,26.40,14.1,1.00,,13,6.70,
2026-10-06T22:00Z,1.3,27.90,41.21,26.30,14.7,1.00,,13,6.70,
2026-10-06T22:15Z,1.3,27.90,41.22,26.30,16.2,1.10,,13,6.70,
2026-10-06T22:30Z,1.3,27.90,41.24,26.30,13.9,0.90,,13,6.70,
2026-10-06T22:45Z,1.2,27.80,41.31,26.40,13.4,0.90,,13,6.70,
2026-10-06T23:00Z,1.2,27.80,41.29,26.40,14.1,1.00,,13,6.70,
2026-10-06T23:15Z,1.3,27.80,41.30,26.40,14.9,1.00,,13,6.70,
2026-10-06T23:30Z,1.3,27.70,41.38,26.40,12.7,0.90,,13,6.80,
2026-10-06T23:45Z,1.3,27.80,41.30,26.40,14.6,1.00,,13,6.70,
2026-10-07T00:00Z,1.3,27.80,41.33,26.40,13.6,0.90,,13,6.80,
2026-10-07T00:15Z,1.3,27.80,41.27,26.40,14.7,1.00,,13,6.70,
2026-10-07T00:30Z,1.3,27.80,41.30,26.40,14.7,1.00,,13,6.70,
2026-10-07T00:45Z,1.3,27.80,41.33,26.40,13.3,0.90,,13,6.80,
2026-10-07T01:00Z,1.3,27.80,41.31,26.40,14.0,1.00,,13,6.80,
2026-10-07T01:15Z,1.4,27.80,41.23,26.30,17.0,1.20,,13,6.70,
2026-10-07T01:30Z,1.4,27.80,41.25,26.30,15.5,1.10,,13,6.70,
2026-10-07T01:45Z,1.4,27.80,41.22,26.30,16.4,1.10,,13,6.80,
2026-10-07T02:00Z,1.4,27.90,41.20,26.30,15.6,1.10,,13,6.70,
2026-10-07T02:15Z,1.3,27.80,41.25,26.40,13.7,0.90,,13,6.70,
2026-10-07T02:30Z,1.3,27.90,41.15,26.30,17.7,1.20,,13,6.70,
2026-10-07T02:45Z,1.4,27.90,41.20,26.30,14.1,1.00,,13,6.70,
2026-10-07T03:00Z,1.4,27.90,41.18,26.30,15.6,1.10,,13,6.70,
2026-10-07T03:15Z,1.4,28.00,41.11,26.20,16.2,1.10,,13,6.70,
2026-10-07T03:30Z,1.4,27.80,41.18,26.30,13.7,0.90,,13,6.70,
2026-10-07T03:45Z,1.4,27.80,41.20,26.30,14.8,1.00,,13,6.80,
2026-10-07T04:00Z,1.4,27.80,41.21,26.30,16.0,1.10,,13,6.80,
2026-10-07T04:15Z,1.5,27.90,41.16,26.30,14.6,1.00,,13,6.70,
2026-10-07T04:30Z,1.5,27.90,41.17,26.30,13.4,0.90,,13,6.70,
2026-10-07T04:45Z,1.5,27.80,41.17,26.30,15.7,1.10,,13,6.70,
2026-10-07T05:00Z,1.5,27.90,41.18,26.30,13.5,0.90,,13,6.70,
2026-10-07T05:15Z,1.5,27.90,41.16,26.30,14.3,1.00,,13,6.70,
2026-10-07T05:30Z,1.5,27.80,41.17,26.30,16.0,1.10,,13,6.80,
2026-10-07T05:45Z,1.5,27.80,41.16,26.30,15.1,1.00,,13,6.80,
2026-10-07T06:00Z,1.5,27.90,41.14,26.30,15.5,1.10,,13,6.70,
2026-10-07T06:15Z,1.5,27.90,41.11,26.30,16.1,1.10,,13,6.70,
2026-10-07T06:30Z,1.5,27.90,41.12,26.30,14.5,1.00,,13,6.70,
2026-10-07T06:45Z,1.4,27.90,41.14,26.30,16.3,1.10,,13,6.70,
2026-10-07T07:00Z,1.4,27.90,41.12,26.30,14.1,1.00,,13,6.70,
2026-10-07T07:15Z,1.4,28.00,41.09,26.20,14.9,1.00,,13,6.70,
2026-10-07T07:30Z,1.4,28.00,41.10,26.20,13.5,0.90,,13,6.70,
2026-10-07T07:45Z,1.4,27.90,41.08,26.20,12.1,0.80,,13,6.70,
2026-10-07T08:00Z,1.4,27.90,41.10,26.20,12.3,0.80,,13,6.70,
2026-10-07T08:15Z,1.4,27.90,41.11,26.20,12.2,0.80,,13,6.70,
2026-10-07T08:30Z,1.5,27.80,41.16,26.30,11.7,0.80,,13,6.70,
2026-10-07T08:45Z,1.5,27.80,41.18,26.30,10.1,0.70,,13,6.70,
2026-10-07T09:00Z,1.5,27.80,41.20,26.30,12.1,0.80,,13,6.70,
2026-10-07T09:15Z,1.5,27.90,41.11,26.20,11.3,0.80,,13,6.70,
2026-10-07T09:30Z,1.5,27.90,41.10,26.20,12.3,0.80,,13,6.70,
2026-10-07T09:45Z,1.5,27.90,41.10,26.20,10.0,0.70,,13,6.70,
2026-10-07T10:00Z,1.5,27.90,41.10,26.20,11.1,0.80,,13,6.70,
2026-10-07T10:15Z,1.5,27.80,41.16,26.30,11.5,0.80,,13,6.70,
2026-10-07T10:30Z,1.5,27.80,41.19,26.30,12.7,0.90,,13,6.70,
2026-10-07T10:45Z,1.6,27.70,41.22,26.30,9.8,0.70,,13,6.80,
2026-10-07T11:00Z,1.6,27.80,41.15,26.30,12.8,0.90,,13,6.70,
2026-10-07T11:15Z,1.6,27.80,41.16,26.30,11.6,0.80,,13,6.70,
2026-10-07T11:30Z,1.6,27.70,41.21,26.30,9.2,0.60,,13,6.80,
2026-10-07T11:45Z,1.6,27.80,41.15,26.30,11.9,0.80,,13,6.80,
2026-10-07T12:00Z,1.6,27.80,41.14,26.30,11.3,0.80,,12,6.80,
2026-10-07T12:15Z,1.6,27.80,41.14,26.30,11.8,0.80,,13,6.70,
2026-10-07T12:30Z,1.6,27.80,41.17,26.30,8.7,0.60,,13,6.80,
2026-10-07T12:45Z,1.6,27.80,41.15,26.30,10.8,0.70,,13,6.80,
2026-10-07T13:00Z,1.6,27.80,41.11,26.30,11.8,0.80,,13,6.80,
2026-10-07T13:15Z,1.6,27.70,41.17,26.30,9.0,0.60,,14,6.80,
2026-10-07T13:30Z,1.6,27.80,41.14,26.30,8.7,0.60,,14,6.80,
2026-10-07T13:45Z,1.6,27.90,41.06,26.20,13.1,0.90,,14,6.70,
2026-10-07T14:00Z,1.6,27.90,41.10,26.20,13.4,0.90,,14,6.70,
2026-10-07T14:15Z,1.6,27.90,41.09,26.20,13.2,0.90,,14,6.80,
2026-10-07T14:30Z,1.6,27.90,41.10,26.20,13.2,0.90,,14,6.70,
2026-10-07T14:45Z,1.6,27.90,41.11,26.20,11.5,0.80,,14,6.70,
2026-10-07T15:00Z,1.6,27.90,41.08,26.20,11.7,0.80,,14,6.70,
2026-10-07T15:15Z,1.6,28.00,41.06,26.20,14.2,1.00,,13,6.70,
2026-10-07T15:30Z,1.6,28.00,41.06,26.20,14.0,1.00,,13,6.70,
2026-10-07T15:45Z,1.6,28.00,41.01,26.20,14.7,1.00,,13,6.70,
2026-10-07T16:00Z,1.6,28.00,41.04,26.20,13.4,0.90,,13,6.70,
2026-10-07T16:15Z,1.6,28.00,41.03,26.20,12.6,0.90,,13,6.70,
2026-10-07T16:30Z,1.6,28.00,41.03,26.20,11.7,0.80,,13,6.70,
2026-10-07T16:45Z,1.6,28.10,40.98,26.10,16.5,1.10,,13,6.70,
2026-10-07T17:00Z,1.6,28.00,41.02,26.20,15.0,1.00,,13,6.70,
2026-10-07T17:15Z,1.5,28.00,40.99,26.20,14.1,1.00,,13,6.70,
2026-10-07T17:30Z,1.5,28.10,40.96,26.10,16.3,1.10,,13,6.70,
2026-10-07T17:45Z,1.5,28.10,40.95,26.10,16.5,1.10,,13,6.70,
2026-10-07T18:00Z,1.5,28.20,40.89,26.10,20.1,1.40,,13,6.70,
2026-10-07T18:15Z,1.4,28.10,40.91,26.10,16.7,1.10,,13,6.70,
2026-10-07T18:30Z,1.4,28.30,40.68,25.90,41.7,2.80,,13,6.60,
2026-10-07T18:45Z,1.4,28.20,40.89,26.10,20.8,1.40,,13,6.70,
2026-10-07T19:00Z,1.4,28.20,40.90,26.10,19.7,1.30,,13,6.70,
2026-10-07T19:15Z,1.4,28.10,40.95,26.10,17.4,1.20,,13,6.70,
2026-10-07T19:30Z,1.4,28.10,40.95,26.10,16.7,1.10,,13,6.70,
2026-10-07T19:45Z,1.4,28.00,40.95,26.10,16.7,1.10,,13,6.70,
2026-10-07T20:00Z,1.4,28.10,40.92,26.10,17.4,1.20,,13,6.70,
2026-10-07T20:15Z,1.3,28.00,40.99,26.20,14.3,1.00,,13,6.70,
2026-10-07T20:30Z,1.3,28.10,40.97,26.10,15.0,1.00,,13,6.70,
2026-10-07T20:45Z,1.3,28.00,41.00,26.20,13.2,0.90,,13,6.70,
2026-10-07T21:00Z,1.3,28.00,40.98,26.20,12.2,0.80,,13,6.70,
2026-10-07T21:15Z,1.3,28.10,40.94,26.10,14.6,1.00,,13,6.70,
2026-10-07T21:30Z,1.3,28.00,40.97,26.10,13.8,0.90,,13,6.70,
2026-10-07T21:45Z,1.3,28.00,40.99,26.20,12.3,0.80,,13,6.70,
2026-10-07T22:00Z,1.3,27.90,41.02,26.20,11.5,0.80,,13,6.70,
2026-10-07T22:15Z,1.3,27.90,41.04,26.20,10.9,0.70,,13,6.70,
2026-10-07T22:30Z,1.3,27.90,41.05,26.20,10.4,0.70,,13,6.70,
2026-10-07T22:45Z,1.3,27.90,41.06,26.20,9.8,0.70,,13,6.70,
2026-10-07T23:00Z,1.3,27.90,41.07,26.20,10.4,0.70,,13,6.70,
2026-10-07T23:15Z,1.3,27.90,41.07,26.20,10.1,0.70,,13,6.70,
2026-10-07T23:30Z,1.3,27.90,41.09,26.20,9.7,0.70,,13,6.80,
2026-10-07T23:45Z,1.4,27.90,41.05,26.20,11.1,0.80,,13,6.70,
2026-10-08T00:00Z,1.3,27.90,41.07,26.20,9.9,0.70,,13,6.80,
2026-10-08T00:15Z,1.3,27.90,41.07,26.20,9.1,0.60,,13,6.80,
2026-10-08T00:30Z,1.3,27.90,41.06,26.20,9.5,0.60,,13,6.70,
2026-10-08T00:45Z,1.3,27.90,41.07,26.20,9.3,0.60,,13,6.80,
2026-10-08T01:00Z,1.3,27.80,41.06,26.20,8.5,0.60,,13,6.80,
2026-10-08T01:15Z,1.4,27.80,41.07,26.20,7.2,0.50,,13,6.80,
2026-10-08T01:30Z,1.4,27.90,41.05,26.20,8.4,0.60,,13,6.80,
2026-10-08T01:45Z,1.4,27.90,41.04,26.20,9.2,0.60,,13,6.80,
2026-10-08T02:00Z,1.4,27.90,41.03,26.20,9.0,0.60,,13,6.80,
2026-10-08T02:15Z,1.4,27.90,41.02,26.20,11.2,0.80,,13,6.80,
2026-10-08T02:30Z,1.4,28.00,40.99,26.20,10.6,0.70,,13,6.70,
2026-10-08T02:45Z,1.4,28.00,40.95,26.10,14.1,1.00,,13,6.80,
2026-10-08T03:00Z,1.4,28.00,40.97,26.10,15.8,1.10,,13,6.70,
2026-10-08T03:15Z,1.4,28.00,40.98,26.20,15.4,1.00,,13,6.80,
2026-10-08T03:30Z,1.4,28.10,40.95,26.10,16.4,1.10,,13,6.70,
2026-10-08T03:45Z,1.4,28.20,40.89,26.10,16.5,1.10,,13,6.70,
2026-10-08T04:00Z,1.4,28.00,40.94,26.10,12.5,0.90,,13,6.70,
2026-10-08T04:15Z,1.4,28.00,40.91,26.10,11.7,0.80,,13,6.70,
2026-10-08T04:30Z,1.4,28.00,40.90,26.10,11.0,0.80,,13,6.70,
2026-10-08T04:45Z,1.4,28.00,40.91,26.10,10.3,0.70,,13,6.70,
2026-10-08T05:00Z,1.4,28.00,40.92,26.10,9.9,0.70,,13,6.70,
2026-10-08T05:15Z,1.4,28.00,40.94,26.10,11.3,0.80,,13,6.70,
2026-10-08T05:30Z,1.4,27.90,40.95,26.10,9.8,0.70,,13,6.70,
2026-10-08T05:45Z,1.4,28.00,40.92,26.10,10.3,0.70,,13,6.70,
2026-10-08T06:00Z,1.4,27.90,40.94,26.10,9.6,0.70,,13,6.70,
2026-10-08T06:15Z,1.4,27.90,40.95,26.10,9.0,0.60,,13,6.70,
2026-10-08T06:30Z,1.4,27.90,40.94,26.10,7.9,0.50,,13,6.70,
2026-10-08T06:45Z,1.4,27.70,40.99,26.20,7.0,0.50,,13,6.80,
2026-10-08T07:00Z,1.4,27.70,40.99,26.20,6.3,0.40,,13,6.80,
2026-10-08T07:15Z,1.4,27.70,40.97,26.20,7.3,0.50,,13,6.80,
2026-10-08T07:30Z,1.4,27.70,40.97,26.20,7.9,0.50,,13,6.80,
2026-10-08T07:45Z,1.4,27.70,40.97,26.20,10.4,0.70,,13,6.80,
2026-10-08T08:00Z,1.4,27.70,40.96,26.10,9.7,0.70,,13,6.80,
2026-10-08T08:15Z,1.4,27.70,40.95,26.10,9.6,0.70,,13,6.80,
2026-10-08T08:30Z,1.4,27.70,40.95,26.10,9.2,0.60,,13,6.80,
2026-10-08T08:45Z,1.4,27.70,40.95,26.10,8.5,0.60,,13,6.80,
2026-10-08T09:00Z,1.4,27.70,40.94,26.10,9.6,0.70,,13,6.80,
2026-10-08T09:15Z,1.4,27.70,40.92,26.10,10.3,0.70,,12,6.80,
2026-10-08T09:30Z,1.4,27.70,40.93,26.10,10.4,0.70,,12,6.80,
2026-10-08T09:45Z,1.4,27.60,40.92,26.10,10.8,0.70,,12,6.80,
2026-10-08T10:00Z,1.4,27.60,40.92,26.10,10.5,0.70,,12,6.80,
2026-10-08T10:15Z,1.4,27.60,40.91,26.10,11.8,0.80,,13,6.80,
2026-10-08T10:30Z,1.4,27.60,40.91,26.10,14.1,1.00,,12,6.90,
2026-10-08T10:45Z,1.4,27.60,40.91,26.10,14.8,1.00,,12,6.90,
2026-10-08T11:00Z,1.4,27.50,40.88,26.10,15.9,1.10,,12,6.90,
2026-10-08T11:15Z,1.5,27.60,40.90,26.10,13.3,0.90,,12,6.90,
2026-10-08T11:30Z,1.5,27.50,40.89,26.10,15.8,1.10,,13,6.90,
2026-10-08T11:45Z,1.5,27.50,40.89,26.10,14.5,1.00,,12,6.90,
2026-10-08T12:00Z,1.5,27.60,40.88,26.10,17.1,1.20,,12,6.90,
2026-10-08T12:15Z,1.5,27.60,40.88,26.10,16.2,1.10,,13,6.90,
2026-10-08T12:30Z,1.5,27.50,40.85,26.10,18.0,1.20,,13,6.90,
2026-10-08T12:45Z,1.5,27.50,40.86,26.10,18.8,1.30,,13,6.90,
2026-10-08T13:00Z,1.5,27.40,40.85,26.10,21.9,1.50,,13,6.90,
2026-10-08T13:15Z,1.5,27.60,40.83,26.10,20.0,1.40,,13,6.90,
2026-10-08T13:30Z,1.5,27.50,40.82,26.10,23.5,1.60,,13,6.90,
2026-10-08T13:45Z,1.5,27.40,40.83,26.10,24.4,1.70,,14,6.90,
2026-10-08T14:00Z,1.6,27.40,40.83,26.10,24.1,1.70,,14,6.90,
2026-10-08T14:15Z,1.6,27.50,40.82,26.00,23.6,1.60,,14,6.90,
2026-10-08T14:30Z,1.6,27.40,40.82,26.10,23.9,1.60,,14,6.90,
2026-10-08T14:45Z,1.6,27.40,40.81,26.10,25.8,1.80,,14,6.90,
2026-10-08T15:00Z,1.6,27.30,40.83,26.10,25.2,1.70,,14,6.90,
2026-10-08T15:15Z,1.6,27.30,40.82,26.10,26.0,1.80,,14,7.00,
2026-10-08T15:30Z,1.6,27.40,40.81,26.00,27.9,1.90,,14,7.00,
2026-10-08T15:45Z,1.6,27.40,40.79,26.00,29.0,2.00,,14,7.00,
2026-10-08T16:00Z,1.6,27.40,40.81,26.00,27.8,1.90,,14,7.00,
2026-10-08T16:15Z,1.6,27.40,40.78,26.00,31.5,2.20,,14,7.00,
2026-10-08T16:30Z,1.6,27.40,40.81,26.00,28.9,2.00,,13,7.00,
2026-10-08T16:45Z,1.5,27.50,40.79,26.00,27.1,1.90,,13,6.90,
2026-10-08T17:00Z,1.5,27.60,40.80,26.00,25.6,1.80,,13,6.90,
2026-10-08T17:15Z,1.5,27.60,40.79,26.00,28.2,1.90,,13,6.90,
2026-10-08T17:30Z,1.5,27.80,40.83,26.10,23.7,1.60,,13,6.90,
2026-10-08T17:45Z,1.5,27.80,40.80,26.00,25.4,1.70,,13,6.90,
2026-10-08T18:00Z,1.5,27.90,40.79,26.00,26.3,1.80,,13,6.90,
2026-10-08T18:15Z,1.5,27.80,40.79,26.00,25.2,1.70,,13,6.90,
2026-10-08T18:30Z,1.5,27.80,40.78,26.00,24.3,1.70,,13,6.90,
2026-10-08T18:45Z,1.5,27.70,40.78,26.00,24.1,1.60,,13,6.90,
2026-10-08T19:00Z,1.5,27.50,40.80,26.00,22.3,1.50,,13,6.90,
2026-10-08T19:15Z,1.5,27.60,40.79,26.00,24.2,1.70,,13,6.90,
2026-10-08T19:30Z,1.4,27.80,40.79,26.00,24.9,1.70,,13,6.90,
2026-10-08T19:45Z,1.4,28.00,40.81,26.00,26.1,1.80,,13,6.90,
2026-10-08T20:00Z,1.4,27.80,40.79,26.00,24.0,1.60,,13,6.90,
2026-10-08T20:15Z,1.4,27.90,40.77,26.00,24.3,1.70,,13,6.90,
2026-10-08T20:30Z,1.4,27.80,40.78,26.00,23.3,1.60,,13,6.90,
2026-10-08T20:45Z,1.4,27.50,40.77,26.00,23.6,1.60,,13,6.90,
2026-10-08T21:00Z,1.4,27.40,40.80,26.00,22.5,1.50,,13,6.90,
2026-10-08T21:15Z,1.4,27.50,40.79,26.00,22.8,1.60,,13,6.90,
2026-10-08T21:30Z,1.4,27.50,40.78,26.00,23.4,1.60,,13,6.90,
2026-10-08T21:45Z,1.4,27.40,40.78,26.00,22.9,1.60,,13,6.90,
2026-10-08T22:00Z,1.4,27.50,40.78,26.00,21.6,1.50,,13,6.90,
2026-10-08T22:15Z,1.4,27.40,40.79,26.00,21.8,1.50,,13,6.90,
2026-10-08T22:30Z,1.4,27.40,40.77,26.00,23.9,1.60,,13,6.90,
2026-10-08T22:45Z,1.4,27.40,40.78,26.00,23.1,1.60,,13,7.00,
2026-10-08T23:00Z,1.4,27.30,40.79,26.00,25.2,1.70,,13,7.00,
2026-10-08T23:15Z,1.4,27.30,40.79,26.00,25.0,1.70,,13,7.00,
2026-10-08T23:30Z,1.4,27.40,40.79,26.00,25.9,1.80,,13,7.00,
2026-10-08T23:45Z,1.4,27.30,40.80,26.00,25.8,1.80,,13,7.00,
2026-10-09T00:00Z,1.4,27.30,40.83,26.10,28.2,1.90,,13,7.00,
2026-10-09T00:15Z,1.4,27.30,40.82,26.10,27.4,1.90,,13,7.00,
2026-10-09T00:30Z,1.4,27.40,40.83,26.10,28.0,1.90,,13,7.00,
2026-10-09T00:45Z,1.5,27.40,40.81,26.00,25.1,1.70,,13,7.00,
2026-10-09T01:00Z,1.5,27.40,40.82,26.10,27.4,1.90,,13,7.00,
2026-10-09T01:15Z,1.5,27.40,40.84,26.10,32.1,2.20,,13,7.00,
2026-10-09T01:30Z,1.5,27.40,40.83,26.10,29.9,2.00,,13,7.00,
2026-10-09T01:45Z,1.5,27.50,40.82,26.10,33.3,2.30,,13,7.00,
2026-10-09T02:00Z,1.5,27.50,40.82,26.10,33.1,2.30,,13,7.00,
2026-10-09T02:15Z,1.5,27.40,40.85,26.10,29.6,2.00,,13,7.00,
2026-10-09T02:30Z,1.5,27.50,40.83,26.10,34.6,2.40,,13,7.00,
2026-10-09T02:45Z,1.5,27.40,40.86,26.10,32.0,2.20,,13,7.00,
2026-10-09T03:00Z,1.5,27.60,40.81,26.00,33.5,2.30,,13,7.00,
2026-10-09T03:15Z,1.5,27.50,40.80,26.00,27.8,1.90,,13,7.00,
2026-10-09T03:30Z,1.5,27.60,40.79,26.00,30.5,2.10,,13,7.00,
2026-10-09T03:45Z,1.5,27.60,40.77,26.00,29.0,2.00,,13,6.90,
2026-10-09T04:00Z,1.5,27.50,40.79,26.00,29.6,2.00,,13,7.00,
2026-10-09T04:15Z,1.5,27.50,40.83,26.10,29.9,2.10,,13,7.00,
2026-10-09T04:30Z,1.5,27.50,40.83,26.10,33.3,2.30,,13,7.00,
2026-10-09T04:45Z,1.5,27.50,40.85,26.10,30.7,2.10,,13,7.00,
2026-10-09T05:00Z,1.5,27.60,40.79,26.00,34.0,2.30,,13,7.00,
2026-10-09T05:15Z,1.5,27.50,40.81,26.00,30.7,2.10,,13,7.00,
2026-10-09T05:30Z,1.5,27.60,40.78,26.00,31.3,2.10,,13,7.00,
2026-10-09T05:45Z,1.4,27.60,40.78,26.00,32.0,2.20,,13,7.00,
2026-10-09T06:00Z,1.4,27.60,40.75,26.00,29.7,2.00,,13,7.00,
2026-10-09T06:15Z,1.5,27.50,40.82,26.00,30.2,2.10,,13,7.00,
2026-10-09T06:30Z,1.5,27.50,40.83,26.10,31.2,2.10,,13,7.00,
2026-10-09T06:45Z,1.5,27.50,40.84,26.10,30.9,2.10,,13,7.00,
2026-10-09T07:00Z,1.5,27.60,40.81,26.00,29.5,2.00,,13,7.00,
2026-10-09T07:15Z,1.4,27.60,40.80,26.00,31.4,2.10,,13,7.00,
2026-10-09T07:30Z,1.4,27.60,40.77,26.00,29.1,2.00,,13,7.00,
2026-10-09T07:45Z,1.4,27.60,40.79,26.00,28.0,1.90,,13,7.00,
2026-10-09T08:00Z,1.4,27.60,40.76,26.00,26.1,1.80,,13,6.90,
2026-10-09T08:15Z,1.4,27.60,40.73,26.00,25.3,1.70,,13,6.90,
2026-10-09T08:30Z,1.4,27.50,40.73,26.00,24.8,1.70,,13,6.90,
2026-10-09T08:45Z,1.4,27.50,40.78,26.00,25.4,1.70,,13,7.00,
2026-10-09T09:00Z,1.4,27.50,40.74,26.00,25.1,1.70,,13,7.00,
2026-10-09T09:15Z,1.4,27.50,40.77,26.00,27.7,1.90,,13,7.00,
2026-10-09T09:30Z,1.4,27.50,40.78,26.00,27.3,1.90,,13,6.90,
2026-10-09T09:45Z,1.4,27.60,40.72,26.00,26.9,1.80,,13,6.90,
2026-10-09T10:00Z,1.3,27.60,40.71,26.00,25.4,1.70,,13,6.90,
2026-10-09T10:15Z,1.3,27.50,40.76,26.00,25.5,1.70,,13,7.00,
2026-10-09T10:30Z,1.4,27.50,40.78,26.00,27.4,1.90,,13,7.00,
2026-10-09T10:45Z,1.4,27.50,40.71,26.00,29.1,2.00,,13,6.90,
2026-10-09T11:00Z,1.4,27.30,40.54,25.90,31.2,2.10,,13,6.90,
2026-10-09T11:15Z,1.5,27.40,40.71,26.00,30.2,2.10,,13,6.90,
2026-10-09T11:30Z,1.5,27.30,40.62,25.90,32.1,2.20,,13,6.90,
2026-10-09T11:45Z,1.5,27.20,40.51,25.80,29.8,2.10,,13,6.90,
2026-10-09T12:00Z,1.4,27.30,40.76,26.00,28.9,2.00,,12,7.00,
2026-10-09T12:15Z,1.4,27.30,40.66,25.90,30.1,2.10,,13,7.00,
2026-10-09T12:30Z,1.5,27.00,40.38,25.80,32.8,2.30,,13,6.90,
2026-10-09T12:45Z,1.5,27.20,40.70,26.00,27.4,1.90,,13,6.90,
2026-10-09T13:00Z,1.5,26.80,40.22,25.60,33.2,2.30,,13,6.80,
2026-10-09T13:15Z,1.5,26.80,40.23,25.60,32.0,2.20,,13,6.80,
2026-10-09T13:30Z,1.5,26.40,39.80,25.40,34.9,2.40,,13,6.70,
2026-10-09T13:45Z,1.5,27.00,40.59,25.90,29.8,2.10,,13,6.90,
2026-10-09T14:00Z,1.5,26.60,40.16,25.60,36.1,2.50,,13,6.80,
2026-10-09T14:15Z,1.6,26.60,40.22,25.70,34.8,2.40,,13,6.90,
2026-10-09T14:30Z,1.6,26.50,40.20,25.60,38.6,2.70,,13,6.90,
2026-10-09T14:45Z,1.6,26.50,40.20,25.60,38.7,2.70,,13,6.90,
2026-10-09T15:00Z,1.6,26.50,40.20,25.60,37.8,2.60,,13,6.90,
2026-10-09T15:15Z,1.6,26.40,40.23,25.70,45.0,3.10,,13,6.90,
2026-10-09T15:30Z,1.6,26.30,40.25,25.70,46.2,3.20,,13,6.90,
2026-10-09T15:45Z,1.6,26.20,40.24,25.70,47.0,3.30,,13,6.90,
2026-10-09T16:00Z,1.6,26.40,40.22,25.70,43.8,3.10,,13,6.90,
2026-10-09T16:15Z,1.6,26.30,40.22,25.70,44.5,3.10,,13,6.90,
2026-10-09T16:30Z,1.6,26.20,40.23,25.70,46.9,3.30,,13,6.90,
2026-10-09T16:45Z,1.6,26.20,40.23,25.70,46.9,3.30,,13,6.90,
2026-10-09T17:00Z,1.6,26.20,40.19,25.60,46.8,3.30,,13,6.90,
2026-10-09T17:15Z,1.6,26.30,40.16,25.60,43.4,3.00,,13,6.90,
2026-10-09T17:30Z,1.6,26.00,40.06,25.60,43.9,3.10,,13,6.90,
2026-10-09T17:45Z,1.6,26.30,40.14,25.60,40.6,2.80,,13,6.90,
2026-10-09T18:00Z,1.6,26.20,40.15,25.60,44.9,3.10,,13,6.90,
2026-10-09T18:15Z,1.6,26.10,40.17,25.60,48.0,3.40,,13,6.90,
2026-10-09T18:30Z,1.7,25.90,40.19,25.60,53.0,3.70,,13,7.00,
2026-10-09T18:45Z,1.7,25.80,40.19,25.60,54.6,3.90,,14,7.00,
2026-10-09T19:00Z,1.6,25.80,40.17,25.60,54.9,3.90,,14,7.00,
2026-10-09T19:15Z,1.6,26.00,40.15,25.60,50.8,3.60,,14,6.90,
2026-10-09T19:30Z,1.6,26.00,40.15,25.60,50.6,3.60,,14,6.90,
2026-10-09T19:45Z,1.5,26.10,40.07,25.60,46.6,3.30,,14,6.90,
2026-10-09T20:00Z,1.5,25.90,39.94,25.50,49.1,3.50,,14,6.90,
2026-10-09T20:15Z,1.4,25.80,39.93,25.50,50.9,3.60,,14,6.80,
2026-10-09T20:30Z,1.4,25.20,39.45,25.10,52.2,3.70,,14,6.80,
2026-10-09T20:45Z,1.4,26.00,39.89,25.40,46.7,3.30,,14,6.80,
2026-10-09T21:00Z,1.4,25.50,39.59,25.20,57.1,4.10,,14,6.80,
2026-10-09T21:15Z,1.3,25.90,39.81,25.40,48.5,3.40,,13,6.80,
2026-10-09T21:30Z,1.2,25.80,39.65,25.30,53.5,3.80,,13,6.80,
2026-10-09T21:45Z,1.2,25.90,39.61,25.20,43.4,3.10,,13,6.80,
2026-10-09T22:00Z,1.1,26.00,39.68,25.30,42.7,3.00,,13,6.80,
2026-10-09T22:15Z,1.0,26.10,39.80,25.40,41.4,2.90,,13,6.80,
2026-10-09T22:30Z,1.0,25.90,39.63,25.20,41.6,2.90,,13,6.80,
2026-10-09T22:45Z,0.9,26.00,39.75,25.30,40.2,2.80,,13,6.80,
2026-10-09T23:00Z,0.8,26.10,39.70,25.30,38.8,2.70,,13,6.70,
2026-10-09T23:15Z,0.8,25.90,39.59,25.20,39.6,2.80,,13,6.80,
2026-10-09T23:30Z,1.0,25.80,39.70,25.30,42.3,3.00,,13,6.80,
2026-10-09T23:45Z,1.0,25.60,39.66,25.30,44.3,3.10,,13,6.80,
2026-10-10T00:00Z,1.0,25.50,39.56,25.20,45.5,3.20,,13,6.80,
2026-10-10T00:15Z,1.0,25.50,39.64,25.30,44.5,3.20,,13,6.80,
2026-10-10T00:30Z,1.0,25.60,39.64,25.30,42.9,3.00,,13,6.80,
2026-10-10T00:45Z,1.0,25.40,39.59,25.20,45.0,3.20,,13,6.80,
2026-10-10T01:00Z,1.1,25.30,39.64,25.30,47.0,3.40,,13,6.80,
2026-10-10T01:15Z,1.1,25.20,39.54,25.20,45.6,3.30,,13,6.80,
2026-10-10T01:30Z,1.1,25.00,39.40,25.10,48.0,3.40,,13,6.80,
2026-10-10T01:45Z,1.1,25.00,39.51,25.20,47.6,3.40,,13,6.80,
2026-10-10T02:00Z,1.2,25.00,39.56,25.20,49.4,3.50,,13,6.80,
