time_utc,WDIR,WSPD,GST,WVHT,DPD,APD,MWD,PRES,ATMP,WTMP,DEWP,VIS,PTDY,TIDE
2026-10-04T00:00Z,,,,,,,,1013.6,26.1,,,,+1.1,
2026-10-04T00:06Z,,,,,,,,1013.6,,,,,,
2026-10-04T00:12Z,,,,,,,,1013.6,,,,,,
2026-10-04T00:18Z,,,,,,,,1013.6,,,,,,
2026-10-04T00:24Z,,,,,,,,1013.7,25.9,,,,,
2026-10-04T00:30Z,,,,,,,,1013.8,26.1,,,,,
2026-10-04T00:36Z,,,,,,,,1013.9,,,,,,
2026-10-04T00:42Z,,,,,,,,1013.9,,,,,,
2026-10-04T00:48Z,,,,,,,,1014.0,,,,,,
2026-10-04T00:54Z,,,,,,,,1014.0,25.9,,,,,
2026-10-04T01:00Z,,,,,,,,1014.0,25.8,,,,+1.1,
2026-10-04T01:06Z,,,,,,,,1014.1,,,,,,
2026-10-04T01:12Z,,,,,,,,1014.1,,,,,,
2026-10-04T01:18Z,,,,,,,,1014.1,,,,,,
2026-10-04T01:24Z,,,,,,,,1014.2,25.7,,,,,
2026-10-04T01:30Z,,,,,,,,1014.2,25.7,,,,,
2026-10-04T01:36Z,,,,,,,,1014.2,25.5,,,,,
2026-10-04T01:42Z,,,,,,,,1014.2,25.7,,,,,
2026-10-04T01:48Z,,,,,,,,1014.3,25.8,,,,,
2026-10-04T01:54Z,,,,,,,,1014.3,25.8,,,,,
2026-10-04T02:00Z,,,,,,,,1014.3,25.8,,,,+1.1,
2026-10-04T02:06Z,,,,,,,,1014.3,,,,,,
2026-10-04T02:12Z,,,,,,,,1014.3,,,,,,
2026-10-04T02:18Z,,,,,,,,1014.3,,,,,,
2026-10-04T02:24Z,,,,,,,,1014.4,25.9,,,,,
2026-10-04T02:30Z,,,,,,,,1014.4,26.0,,,,,
2026-10-04T02:36Z,,,,,,,,1014.3,25.8,,,,,
2026-10-04T02:42Z,,,,,,,,1014.3,25.8,,,,,
2026-10-04T02:48Z,,,,,,,,1014.4,25.8,,,,,
2026-10-04T02:54Z,,,,,,,,1014.3,25.9,,,,,
2026-10-04T03:00Z,,,,,,,,1014.3,26.0,,,,+0.7,
2026-10-04T03:06Z,,,,,,,,1014.3,,,,,,
2026-10-04T03:12Z,,,,,,,,1014.3,,,,,,
2026-10-04T03:18Z,,,,,,,,1014.2,,,,,,
2026-10-04T03:24Z,,,,,,,,1014.2,26.1,,,,,
2026-10-04T03:30Z,,,,,,,,1014.1,26.0,,,,,
2026-10-04T03:36Z,,,,,,,,1014.1,,,,,,
2026-10-04T03:42Z,,,,,,,,1014.1,,,,,,
2026-10-04T03:48Z,,,,,,,,1014.1,,,,,,
2026-10-04T03:54Z,,,,,,,,1014.1,26.4,,,,,
2026-10-04T04:00Z,,,,,,,,1014.1,26.3,,,,+0.0,
2026-10-04T04:06Z,,,,,,,,1014.1,,,,,,
2026-10-04T04:12Z,,,,,,,,1014.1,,,,,,
2026-10-04T04:18Z,,,,,,,,1014.1,,,,,,
2026-10-04T04:24Z,,,,,,,,1014.2,26.8,,,,,
2026-10-04T04:30Z,,,,,,,,1014.1,26.6,,,,,
2026-10-04T04:36Z,,,,,,,,1014.2,26.7,,,,,
2026-10-04T04:42Z,,,,,,,,1014.1,26.7,,,,,
2026-10-04T04:48Z,,,,,,,,1014.1,26.7,,,,,
2026-10-04T04:54Z,,,,,,,,1014.0,26.6,,,,,
2026-10-04T05:00Z,,,,,,,,1014.1,26.8,,,,+0.0,
2026-10-04T05:06Z,,,,,,,,1014.1,,,,,,
2026-10-04T05:12Z,,,,,,,,1014.1,,,,,,
2026-10-04T05:18Z,,,,,,,,1014.1,,,,,,
2026-10-04T05:24Z,,,,,,,,1014.1,26.3,,,,,
2026-10-04T05:30Z,,,,,,,,1014.1,26.6,,,,,
2026-10-04T05:36Z,,,,,,,,1014.1,,,,,,
2026-10-04T05:42Z,,,,,,,,1014.1,,,,,,
2026-10-04T05:48Z,,,,,,,,1014.1,,,,,,
2026-10-04T05:54Z,,,,,,,,1014.1,26.5,,,,,
2026-10-04T06:00Z,,,,,,,,1014.1,26.6,,,,+0.0,
2026-10-04T06:06Z,,,,,,,,1014.1,,,,,,
2026-10-04T06:12Z,,,,,,,,1014.2,,,,,,
2026-10-04T06:18Z,,,,,,,,1014.2,,,,,,
2026-10-04T06:24Z,,,,,,,,1014.1,26.8,,,,,
2026-10-04T06:30Z,,,,,,,,1014.0,26.8,,,,,
2026-10-04T06:36Z,,,,,,,,1013.8,26.6,,,,,
2026-10-04T06:42Z,,,,,,,,1013.8,26.7,,,,,
2026-10-04T06:48Z,,,,,,,,1013.8,26.8,,,,,
2026-10-04T06:54Z,,,,,,,,1013.7,26.8,,,,,
2026-10-04T07:00Z,,,,,,,,1013.7,26.7,,,,-0.4,
2026-10-04T07:06Z,,,,,,,,1013.7,26.7,,,,,
2026-10-04T07:12Z,,,,,,,,1013.6,26.8,,,,,
2026-10-04T07:18Z,,,,,,,,1013.7,26.9,,,,,
2026-10-04T07:24Z,,,,,,,,1013.8,26.7,,,,,
2026-10-04T07:30Z,,,,,,,,1013.9,26.6,,,,,
2026-10-04T07:36Z,,,,,,,,1013.8,26.7,,,,,
2026-10-04T07:42Z,,,,,,,,1013.7,26.8,,,,,
2026-10-04T07:48Z,,,,,,,,1013.7,26.8,,,,,
2026-10-04T07:54Z,,,,,,,,1013.8,26.9,,,,,
2026-10-04T08:00Z,,,,,,,,1013.8,26.8,,,,-0.3,
2026-10-04T08:06Z,,,,,,,,1013.8,,,,,,
2026-10-04T08:12Z,,,,,,,,1013.7,,,,,,
2026-10-04T08:18Z,,,,,,,,1013.6,,,,,,
2026-10-04T08:24Z,,,,,,,,1013.5,27.0,,,,,
2026-10-04T08:30Z,,,,,,,,1013.3,26.9,,,,,
2026-10-04T08:36Z,,,,,,,,1013.3,26.8,,,,,
2026-10-04T08:42Z,,,,,,,,1013.2,26.9,,,,,
2026-10-04T08:48Z,,,,,,,,1013.2,27.0,,,,,
2026-10-04T08:54Z,,,,,,,,1013.3,27.0,,,,,
2026-10-04T09:00Z,,,,,,,,1013.3,27.1,,,,-0.8,
2026-10-04T09:06Z,,,,,,,,1013.3,,,,,,
2026-10-04T09:12Z,,,,,,,,1013.3,,,,,,
2026-10-04T09:18Z,,,,,,,,1013.4,,,,,,
2026-10-04T09:24Z,,,,,,,,1013.5,27.1,,,,,
2026-10-04T09:30Z,,,,,,,,1013.5,27.1,,,,,
2026-10-04T09:36Z,,,,,,,,1013.5,27.0,,,,,
2026-10-04T09:42Z,,,,,,,,1013.5,26.8,,,,,
2026-10-04T09:48Z,,,,,,,,1013.6,26.9,,,,,
2026-10-04T09:54Z,,,,,,,,1013.6,27.0,,,,,
2026-10-04T10:00Z,,,,,,,,1013.7,27.1,,,,-0.0,
2026-10-04T10:06Z,,,,,,,,1013.7,,,,,,
2026-10-04T10:12Z,,,,,,,,1013.7,,,,,,
2026-10-04T10:18Z,,,,,,,,1013.7,,,,,,
2026-10-04T10:24Z,,,,,,,,1013.7,27.0,,,,,
2026-10-04T10:30Z,,,,,,,,1013.7,27.0,,,,,
2026-10-04T10:36Z,,,,,,,,1013.7,27.0,,,,,
2026-10-04T10:42Z,,,,,,,,1013.7,26.9,,,,,
2026-10-04T10:48Z,,,,,,,,1013.7,26.9,,,,,
2026-10-04T10:54Z,,,,,,,,1013.8,25.9,,,,,
2026-10-04T11:00Z,,,,,,,,1014.0,26.0,,,,-0.0,
2026-10-04T11:06Z,,,,,,,,1014.0,,,,,,
2026-10-04T11:12Z,,,,,,,,1014.0,,,,,,
2026-10-04T11:18Z,,,,,,,,1014.0,,,,,,
2026-10-04T11:24Z,,,,,,,,1014.0,25.7,,,,,
2026-10-04T11:30Z,,,,,,,,1014.0,25.4,,,,,
2026-10-04T11:36Z,,,,,,,,1014.1,,,,,,
2026-10-04T11:42Z,,,,,,,,1014.1,,,,,,
2026-10-04T11:48Z,,,,,,,,1014.2,,,,,,
2026-10-04T11:54Z,,,,,,,,1014.3,25.1,,,,,
2026-10-04T12:00Z,,,,,,,,1014.3,25.7,,,,+1.0,
2026-10-04T12:06Z,,,,,,,,1014.4,,,,,,
2026-10-04T12:12Z,,,,,,,,1014.4,,,,,,
2026-10-04T12:18Z,,,,,,,,1014.4,,,,,,
2026-10-04T12:24Z,,,,,,,,1014.6,25.8,,,,,
2026-10-04T12:30Z,,,,,,,,1014.6,26.0,,,,,
2026-10-04T12:36Z,,,,,,,,1014.7,26.1,,,,,
2026-10-04T12:42Z,,,,,,,,1014.6,26.8,,,,,
2026-10-04T12:48Z,,,,,,,,1014.5,27.1,,,,,
2026-10-04T12:54Z,,,,,,,,1014.6,27.0,,,,,
2026-10-04T13:00Z,,,,,,,,1014.7,27.3,,,,+1.0,
2026-10-04T13:06Z,,,,,,,,1014.9,,,,,,
2026-10-04T13:12Z,,,,,,,,1015.0,,,,,,
2026-10-04T13:18Z,,,,,,,,1015.1,,,,,,
2026-10-04T13:24Z,,,,,,,,1015.1,27.6,,,,,
2026-10-04T13:30Z,,,,,,,,1015.1,27.6,,,,,
2026-10-04T13:36Z,,,,,,,,1015.2,,,,,,
2026-10-04T13:42Z,,,,,,,,1015.1,,,,,,
2026-10-04T13:48Z,,,,,,,,1015.0,,,,,,
2026-10-04T13:54Z,,,,,,,,1015.0,27.6,,,,,
2026-10-04T14:00Z,,,,,,,,1015.0,27.9,,,,+1.0,
2026-10-04T14:06Z,,,,,,,,1015.3,28.1,,,,,
2026-10-04T14:12Z,,,,,,,,1015.5,28.0,,,,,
2026-10-04T14:18Z,,,,,,,,1015.6,27.7,,,,,
2026-10-04T14:24Z,,,,,,,,1015.7,27.6,,,,,
2026-10-04T14:30Z,,,,,,,,1015.7,27.4,,,,,
2026-10-04T14:36Z,,,,,,,,1015.7,,,,,,
2026-10-04T14:42Z,,,,,,,,1015.7,,,,,,
2026-10-04T14:48Z,,,,,,,,1015.4,,,,,,
2026-10-04T14:54Z,,,,,,,,1015.2,27.4,,,,,
2026-10-04T15:00Z,,,,,,,,1015.4,27.5,,,,+1.1,
2026-10-04T15:06Z,,,,,,,,1015.4,27.6,,,,,
2026-10-04T15:12Z,,,,,,,,1015.5,27.5,,,,,
2026-10-04T15:18Z,,,,,,,,1015.4,27.6,,,,,
2026-10-04T15:24Z,,,,,,,,1015.3,27.3,,,,,
2026-10-04T15:30Z,,,,,,,,1015.7,27.2,,,,,
2026-10-04T15:36Z,,,,,,,,1016.4,,,,,,
2026-10-04T15:42Z,,,,,,,,1016.6,,,,,,
2026-10-04T15:48Z,,,,,,,,1016.6,,,,,,
2026-10-04T15:54Z,,,,,,,,1016.3,24.0,,,,,
2026-10-04T16:00Z,,,,,,,,1016.3,23.6,,,,+1.6,
2026-10-04T16:06Z,,,,,,,,1016.2,,,,,,
2026-10-04T16:12Z,,,,,,,,1016.1,,,,,,
2026-10-04T16:18Z,,,,,,,,1016.3,,,,,,
2026-10-04T16:24Z,,,,,,,,1016.4,24.1,,,,,
2026-10-04T16:30Z,,,,,,,,1016.7,24.0,,,,,
2026-10-04T16:36Z,,,,,,,,1017.1,24.3,,,,,
2026-10-04T16:42Z,,,,,,,,1017.0,24.2,,,,,
2026-10-04T16:48Z,,,,,,,,1016.9,23.6,,,,,
2026-10-04T16:54Z,,,,,,,,1016.6,23.4,,,,,
2026-10-04T17:00Z,,,,,,,,1016.6,23.6,,,,+1.6,
2026-10-04T17:06Z,,,,,,,,1016.3,,,,,,
2026-10-04T17:12Z,,,,,,,,1016.1,,,,,,
2026-10-04T17:18Z,,,,,,,,1016.1,,,,,,
2026-10-04T17:24Z,,,,,,,,1016.0,23.7,,,,,
2026-10-04T17:30Z,,,,,,,,1015.7,23.7,,,,,
2026-10-04T17:36Z,,,,,,,,1015.6,,,,,,
2026-10-04T17:42Z,,,,,,,,1015.4,,,,,,
2026-10-04T17:48Z,,,,,,,,1015.3,,,,,,
2026-10-04T17:54Z,,,,,,,,1015.1,24.2,,,,,
2026-10-04T18:00Z,,,,,,,,1015.0,24.4,,,,-0.4,
2026-10-04T18:06Z,,,,,,,,1014.8,,,,,,
2026-10-04T18:12Z,,,,,,,,1014.7,,,,,,
2026-10-04T18:18Z,,,,,,,,1014.7,,,,,,
2026-10-04T18:24Z,,,,,,,,1014.6,25.4,,,,,
2026-10-04T18:30Z,,,,,,,,1014.6,25.5,,,,,
2026-10-04T18:36Z,,,,,,,,1014.5,25.8,,,,,
2026-10-04T18:42Z,,,,,,,,1014.3,26.0,,,,,
2026-10-04T18:48Z,,,,,,,,1014.2,26.4,,,,,
2026-10-04T18:54Z,,,,,,,,1014.1,26.6,,,,,
2026-10-04T19:00Z,,,,,,,,1014.0,26.8,,,,-2.3,
2026-10-04T19:06Z,,,,,,,,1014.0,,,,,,
2026-10-04T19:12Z,,,,,,,,1013.9,,,,,,
2026-10-04T19:18Z,,,,,,,,1013.9,,,,,,
2026-10-04T19:24Z,,,,,,,,1013.9,26.9,,,,,
2026-10-04T19:30Z,,,,,,,,1013.9,27.0,,,,,
2026-10-04T19:36Z,,,,,,,,1013.8,,,,,,
2026-10-04T19:42Z,,,,,,,,1013.7,,,,,,
2026-10-04T19:48Z,,,,,,,,1013.8,,,,,,
2026-10-04T19:54Z,,,,,,,,1013.8,27.3,,,,,
2026-10-04T20:00Z,,,,,,,,1013.7,27.3,,,,-2.9,
2026-10-04T20:06Z,,,,,,,,1013.7,27.2,,,,,
2026-10-04T20:12Z,,,,,,,,1013.8,27.4,,,,,
2026-10-04T20:18Z,,,,,,,,1013.7,27.5,,,,,
2026-10-04T20:24Z,,,,,,,,1013.7,27.6,,,,,
2026-10-04T20:30Z,,,,,,,,1013.6,27.4,,,,,
2026-10-04T20:36Z,,,,,,,,1013.6,,,,,,
2026-10-04T20:42Z,,,,,,,,1013.6,,,,,,
2026-10-04T20:48Z,,,,,,,,1013.6,,,,,,
2026-10-04T20:54Z,,,,,,,,1013.5,27.4,,,,,
2026-10-04T21:00Z,,,,,,,,1013.5,27.3,,,,-1.5,
2026-10-04T21:06Z,,,,,,,,1013.4,,,,,,
2026-10-04T21:12Z,,,,,,,,1013.4,,,,,,
2026-10-04T21:18Z,,,,,,,,1013.3,,,,,,
2026-10-04T21:24Z,,,,,,,,1013.2,27.4,,,,,
2026-10-04T21:30Z,,,,,,,,1013.2,27.5,,,,,
2026-10-04T21:36Z,,,,,,,,1013.3,,,,,,
2026-10-04T21:42Z,,,,,,,,1013.2,,,,,,
2026-10-04T21:48Z,,,,,,,,1013.2,,,,,,
2026-10-04T21:54Z,,,,,,,,1013.2,27.8,,,,,
2026-10-04T22:00Z,,,,,,,,1013.2,28.0,,,,-0.8,
2026-10-04T22:06Z,,,,,,,,1013.2,,,,,,
2026-10-04T22:12Z,,,,,,,,1013.3,,,,,,
2026-10-04T22:18Z,,,,,,,,1013.3,,,,,,
2026-10-04T22:24Z,,,,,,,,1013.4,27.9,,,,,
2026-10-04T22:30Z,,,,,,,,1013.5,27.7,,,,,
2026-10-04T22:36Z,,,,,,,,1013.6,,,,,,
2026-10-04T22:42Z,,,,,,,,1013.7,,,,,,
2026-10-04T22:48Z,,,,,,,,1013.8,,,,,,
2026-10-04T22:54Z,,,,,,,,1013.9,27.5,,,,,
2026-10-04T23:00Z,,,,,,,,1013.9,27.3,,,,-0.0,
2026-10-04T23:06Z,,,,,,,,1013.9,,,,,,
2026-10-04T23:12Z,,,,,,,,1013.9,,,,,,
2026-10-04T23:18Z,,,,,,,,1014.0,,,,,,
2026-10-04T23:24Z,,,,,,,,1014.0,27.3,,,,,
2026-10-04T23:30Z,,,,,,,,1014.1,27.2,,,,,
2026-10-04T23:36Z,,,,,,,,1014.2,,,,,,
2026-10-04T23:42Z,,,,,,,,1014.2,,,,,,
2026-10-04T23:48Z,,,,,,,,1014.2,,,,,,
2026-10-04T23:54Z,,,,,,,,1014.2,27.0,,,,,
2026-10-05T00:00Z,,,,,,,,1014.2,26.9,,,,+0.7,
2026-10-05T00:06Z,,,,,,,,1014.2,,,,,,
2026-10-05T00:12Z,,,,,,,,1014.3,,,,,,
2026-10-05T00:18Z,,,,,,,,1014.3,,,,,,
2026-10-05T00:24Z,,,,,,,,1014.4,26.8,,,,,
2026-10-05T00:30Z,,,,,,,,1014.5,26.8,,,,,
2026-10-05T00:36Z,,,,,,,,1014.7,26.8,,,,,
2026-10-05T00:42Z,,,,,,,,1014.8,26.8,,,,,
2026-10-05T00:48Z,,,,,,,,1014.8,26.8,,,,,
2026-10-05T00:54Z,,,,,,,,1014.9,26.8,,,,,
2026-10-05T01:00Z,,,,,,,,1014.9,26.8,,,,+1.7,
2026-10-05T01:06Z,,,,,,,,1014.9,26.7,,,,,
2026-10-05T01:12Z,,,,,,,,1014.9,26.8,,,,,
2026-10-05T01:18Z,,,,,,,,1015.0,26.7,,,,,
2026-10-05T01:24Z,,,,,,,,1015.0,26.6,,,,,
2026-10-05T01:30Z,,,,,,,,1015.0,26.5,,,,,
2026-10-05T01:36Z,,,,,,,,1015.1,26.5,,,,,
2026-10-05T01:42Z,,,,,,,,1015.2,26.6,,,,,
2026-10-05T01:48Z,,,,,,,,1015.3,26.6,,,,,
2026-10-05T01:54Z,,,,,,,,1015.3,26.6,,,,,
2026-10-05T02:00Z,,,,,,,,1015.3,26.6,,,,+1.4,
2026-10-05T02:06Z,,,,,,,,1015.3,,,,,,
2026-10-05T02:12Z,,,,,,,,1015.3,,,,,,
2026-10-05T02:18Z,,,,,,,,1015.4,,,,,,
2026-10-05T02:24Z,,,,,,,,1015.4,26.2,,,,,
2026-10-05T02:30Z,,,,,,,,1015.4,26.1,,,,,
2026-10-05T02:36Z,,,,,,,,1015.4,26.2,,,,,
2026-10-05T02:42Z,,,,,,,,1015.5,26.2,,,,,
2026-10-05T02:48Z,,,,,,,,1015.5,26.4,,,,,
2026-10-05T02:54Z,,,,,,,,1015.4,26.2,,,,,
2026-10-05T03:00Z,,,,,,,,1015.4,26.1,,,,+1.2,
2026-10-05T03:06Z,,,,,,,,1015.5,,,,,,
2026-10-05T03:12Z,,,,,,,,1015.6,,,,,,
2026-10-05T03:18Z,,,,,,,,1015.7,,,,,,
2026-10-05T03:24Z,,,,,,,,1015.8,25.8,,,,,
2026-10-05T03:30Z,,,,,,,,1015.8,25.7,,,,,
2026-10-05T03:36Z,,,,,,,,1015.7,,,,,,
2026-10-05T03:42Z,,,,,,,,1015.8,,,,,,
2026-10-05T03:48Z,,,,,,,,1015.8,,,,,,
2026-10-05T03:54Z,,,,,,,,1015.8,25.2,,,,,
2026-10-05T04:00Z,,,,,,,,1015.8,25.3,,,,+0.9,
2026-10-05T04:06Z,,,,,,,,1015.8,,,,,,
2026-10-05T04:12Z,,,,,,,,1015.7,,,,,,
2026-10-05T04:18Z,,,,,,,,1015.8,,,,,,
2026-10-05T04:24Z,,,,,,,,1015.9,25.1,,,,,
2026-10-05T04:30Z,,,,,,,,1015.8,25.1,,,,,
2026-10-05T04:36Z,,,,,,,,1015.6,,,,,,
2026-10-05T04:42Z,,,,,,,,1015.6,,,,,,
2026-10-05T04:48Z,,,,,,,,1015.5,,,,,,
2026-10-05T04:54Z,,,,,,,,1015.4,24.9,,,,,
2026-10-05T05:00Z,,,,,,,,1015.4,24.6,,,,+0.0,
2026-10-05T05:06Z,,,,,,,,1015.3,,,,,,
2026-10-05T05:12Z,,,,,,,,1015.3,,,,,,
2026-10-05T05:18Z,,,,,,,,1015.3,,,,,,
2026-10-05T05:24Z,,,,,,,,1015.4,25.1,,,,,
2026-10-05T05:30Z,,,,,,,,1015.2,25.1,,,,,
2026-10-05T05:36Z,,,,,,,,1015.0,25.1,,,,,
2026-10-05T05:42Z,,,,,,,,1015.0,25.0,,,,,
2026-10-05T05:48Z,,,,,,,,1014.9,24.6,,,,,
2026-10-05T05:54Z,,,,,,,,1014.9,24.7,,,,,
2026-10-05T06:00Z,,,,,,,,1015.0,24.6,,,,-0.4,
2026-10-05T06:06Z,,,,,,,,1014.9,,,,,,
2026-10-05T06:12Z,,,,,,,,1014.9,,,,,,
2026-10-05T06:18Z,,,,,,,,1014.9,,,,,,
2026-10-05T06:24Z,,,,,,,,1014.8,25.3,,,,,
2026-10-05T06:30Z,,,,,,,,1014.7,25.0,,,,,
2026-10-05T06:36Z,,,,,,,,1014.6,,,,,,
2026-10-05T06:42Z,,,,,,,,1014.5,,,,,,
2026-10-05T06:48Z,,,,,,,,1014.4,,,,,,
2026-10-05T06:54Z,,,,,,,,1014.4,24.9,,,,,
2026-10-05T07:00Z,,,,,,,,1014.3,25.0,,,,-1.5,
2026-10-05T07:06Z,,,,,,,,1014.3,,,,,,
2026-10-05T07:12Z,,,,,,,,1014.2,,,,,,
2026-10-05T07:18Z,,,,,,,,1014.2,,,,,,
2026-10-05T07:24Z,,,,,,,,1014.2,25.1,,,,,
2026-10-05T07:30Z,,,,,,,,1014.2,25.4,,,,,
2026-10-05T07:36Z,,,,,,,,1014.2,25.3,,,,,
2026-10-05T07:42Z,,,,,,,,1014.2,25.3,,,,,
2026-10-05T07:48Z,,,,,,,,1014.2,25.3,,,,,
2026-10-05T07:54Z,,,,,,,,1014.2,25.3,,,,,
2026-10-05T08:00Z,,,,,,,,1014.2,25.3,,,,-1.2,
2026-10-05T08:06Z,,,,,,,,1014.2,,,,,,
2026-10-05T08:12Z,,,,,,,,1014.1,,,,,,
2026-10-05T08:18Z,,,,,,,,1014.1,,,,,,
2026-10-05T08:24Z,,,,,,,,1014.0,25.2,,,,,
2026-10-05T08:30Z,,,,,,,,1014.0,25.4,,,,,
2026-10-05T08:36Z,,,,,,,,1013.9,,,,,,
2026-10-05T08:42Z,,,,,,,,1013.9,,,,,,
2026-10-05T08:48Z,,,,,,,,1013.9,,,,,,
2026-10-05T08:54Z,,,,,,,,1013.8,25.4,,,,,
2026-10-05T09:00Z,,,,,,,,1013.8,25.3,,,,-1.2,
2026-10-05T09:06Z,,,,,,,,1013.8,,,,,,
2026-10-05T09:12Z,,,,,,,,1013.8,,,,,,
2026-10-05T09:18Z,,,,,,,,1013.8,,,,,,
2026-10-05T09:24Z,,,,,,,,1013.8,25.4,,,,,
2026-10-05T09:30Z,,,,,,,,1013.8,25.4,,,,,
2026-10-05T09:36Z,,,,,,,,1013.8,25.4,,,,,
2026-10-05T09:42Z,,,,,,,,1013.8,25.4,,,,,
2026-10-05T09:48Z,,,,,,,,1013.8,25.4,,,,,
2026-10-05T09:54Z,,,,,,,,1013.7,25.4,,,,,
2026-10-05T10:00Z,,,,,,,,1013.7,25.4,,,,-0.6,
2026-10-05T10:06Z,,,,,,,,1013.7,,,,,,
2026-10-05T10:12Z,,,,,,,,1013.8,,,,,,
2026-10-05T10:18Z,,,,,,,,1013.9,,,,,,
2026-10-05T10:24Z,,,,,,,,1013.9,25.6,,,,,
2026-10-05T10:30Z,,,,,,,,1013.8,25.6,,,,,
2026-10-05T10:36Z,,,,,,,,1013.8,25.6,,,,,
2026-10-05T10:42Z,,,,,,,,1013.9,25.6,,,,,
2026-10-05T10:48Z,,,,,,,,1013.9,25.7,,,,,
2026-10-05T10:54Z,,,,,,,,1013.9,25.7,,,,,
2026-10-05T11:00Z,,,,,,,,1013.9,25.7,,,,-0.3,
2026-10-05T11:06Z,,,,,,,,1013.8,,,,,,
2026-10-05T11:12Z,,,,,,,,1013.8,,,,,,
2026-10-05T11:18Z,,,,,,,,1013.8,,,,,,
2026-10-05T11:24Z,,,,,,,,1013.8,25.7,,,,,
2026-10-05T11:30Z,,,,,,,,1013.8,25.8,,,,,
2026-10-05T11:36Z,,,,,,,,1013.8,,,,,,
2026-10-05T11:42Z,,,,,,,,1013.8,,,,,,
2026-10-05T11:48Z,,,,,,,,1014.0,,,,,,
2026-10-05T11:54Z,,,,,,,,1014.0,25.8,,,,,
2026-10-05T12:00Z,,,,,,,,1014.1,25.8,,,,+0.3,
2026-10-05T12:06Z,,,,,,,,1014.2,,,,,,
2026-10-05T12:12Z,,,,,,,,1014.3,,,,,,
2026-10-05T12:18Z,,,,,,,,1014.3,,,,,,
2026-10-05T12:24Z,,,,,,,,1014.3,25.9,,,,,
2026-10-05T12:30Z,,,,,,,,1014.3,26.0,,,,,
2026-10-05T12:36Z,,,,,,,,1014.3,,,,,,
2026-10-05T12:42Z,,,,,,,,1014.4,,,,,,
2026-10-05T12:48Z,,,,,,,,1014.4,,,,,,
2026-10-05T12:54Z,,,,,,,,1014.5,25.8,,,,,
2026-10-05T13:00Z,,,,,,,,1014.5,25.6,,,,+0.8,
2026-10-05T13:06Z,,,,,,,,1014.6,,,,,,
2026-10-05T13:12Z,,,,,,,,1014.7,,,,,,
2026-10-05T13:18Z,,,,,,,,1014.9,,,,,,
2026-10-05T13:24Z,,,,,,,,1014.9,25.6,,,,,
2026-10-05T13:30Z,,,,,,,,1015.1,25.6,,,,,
2026-10-05T13:36Z,,,,,,,,1015.1,,,,,,
2026-10-05T13:42Z,,,,,,,,1015.2,,,,,,
2026-10-05T13:48Z,,,,,,,,1015.2,,,,,,
2026-10-05T13:54Z,,,,,,,,1015.2,25.9,,,,,
2026-10-05T14:00Z,,,,,,,,1015.2,25.9,,,,+1.3,
2026-10-05T14:06Z,,,,,,,,1015.2,,,,,,
2026-10-05T14:12Z,,,,,,,,1015.3,,,,,,
2026-10-05T14:18Z,,,,,,,,1015.3,,,,,,
2026-10-05T14:24Z,,,,,,,,1015.3,25.9,,,,,
2026-10-05T14:30Z,,,,,,,,1015.4,25.8,,,,,
2026-10-05T14:36Z,,,,,,,,1015.4,,,,,,
2026-10-05T14:42Z,,,,,,,,1015.5,,,,,,
2026-10-05T14:48Z,,,,,,,,1015.5,,,,,,
2026-10-05T14:54Z,,,,,,,,1015.6,26.0,,,,,
2026-10-05T15:00Z,,,,,,,,1015.7,25.8,,,,+1.6,
2026-10-05T15:06Z,,,,,,,,1015.7,,,,,,
2026-10-05T15:12Z,,,,,,,,1015.6,,,,,,
2026-10-05T15:18Z,,,,,,,,1015.6,,,,,,
2026-10-05T15:24Z,,,,,,,,1015.6,26.0,,,,,
2026-10-05T15:30Z,,,,,,,,1015.6,26.1,,,,,
2026-10-05T15:36Z,,,,,,,,1015.6,,,,,,
2026-10-05T15:42Z,,,,,,,,1015.6,,,,,,
2026-10-05T15:48Z,,,,,,,,1015.7,,,,,,
2026-10-05T15:54Z,,,,,,,,1015.6,26.3,,,,,
2026-10-05T16:00Z,,,,,,,,1015.7,26.7,,,,+1.2,
2026-10-05T16:06Z,,,,,,,,1015.7,,,,,,
2026-10-05T16:12Z,,,,,,,,1015.6,,,,,,
2026-10-05T16:18Z,,,,,,,,1015.6,,,,,,
2026-10-05T16:24Z,,,,,,,,1015.6,26.4,,,,,
2026-10-05T16:30Z,,,,,,,,1015.5,26.4,,,,,
2026-10-05T16:36Z,,,,,,,,1015.5,,,,,,
2026-10-05T16:42Z,,,,,,,,1015.4,,,,,,
2026-10-05T16:48Z,,,,,,,,1015.4,,,,,,
2026-10-05T16:54Z,,,,,,,,1015.3,26.8,,,,,
2026-10-05T17:00Z,,,,,,,,1015.3,26.8,,,,+0.0,
2026-10-05T17:06Z,,,,,,,,1015.2,,,,,,
2026-10-05T17:12Z,,,,,,,,1015.1,,,,,,
2026-10-05T17:18Z,,,,,,,,1015.1,,,,,,
2026-10-05T17:24Z,,,,,,,,1015.1,26.7,,,,,
2026-10-05T17:30Z,,,,,,,,1015.0,26.9,,,,,
2026-10-05T17:36Z,,,,,,,,1015.0,,,,,,
2026-10-05T17:42Z,,,,,,,,1014.9,,,,,,
2026-10-05T17:48Z,,,,,,,,1014.8,,,,,,
2026-10-05T17:54Z,,,,,,,,1014.7,26.9,,,,,
2026-10-05T18:00Z,,,,,,,,1014.7,26.8,,,,-1.0,
2026-10-05T18:06Z,,,,,,,,1014.7,,,,,,
2026-10-05T18:12Z,,,,,,,,1014.7,,,,,,
2026-10-05T18:18Z,,,,,,,,1014.7,,,,,,
2026-10-05T18:24Z,,,,,,,,1014.7,25.9,,,,,
2026-10-05T18:30Z,,,,,,,,1014.6,25.7,,,,,
2026-10-05T18:36Z,,,,,,,,1014.4,25.8,,,,,
2026-10-05T18:42Z,,,,,,,,1014.4,25.8,,,,,
2026-10-05T18:48Z,,,,,,,,1014.2,26.0,,,,,
2026-10-05T18:54Z,,,,,,,,1014.1,26.0,,,,,
2026-10-05T19:00Z,,,,,,,,1014.0,26.1,,,,-1.7,
2026-10-05T19:06Z,,,,,,,,1013.9,,,,,,
2026-10-05T19:12Z,,,,,,,,1013.8,,,,,,
2026-10-05T19:18Z,,,,,,,,1013.8,,,,,,
2026-10-05T19:24Z,,,,,,,,1013.8,25.8,,,,,
2026-10-05T19:30Z,,,,,,,,1013.7,25.8,,,,,
2026-10-05T19:36Z,,,,,,,,1013.7,,,,,,
2026-10-05T19:42Z,,,,,,,,1013.6,,,,,,
2026-10-05T19:48Z,,,,,,,,1013.6,,,,,,
2026-10-05T19:54Z,,,,,,,,1013.5,26.0,,,,,
2026-10-05T20:00Z,,,,,,,,1013.5,26.0,,,,-1.8,
2026-10-05T20:06Z,,,,,,,,1013.4,,,,,,
2026-10-05T20:12Z,,,,,,,,1013.4,,,,,,
2026-10-05T20:18Z,,,,,,,,1013.4,,,,,,
2026-10-05T20:24Z,,,,,,,,1013.4,26.0,,,,,
2026-10-05T20:30Z,,,,,,,,1013.5,25.8,,,,,
2026-10-05T20:36Z,,,,,,,,1013.5,25.8,,,,,
2026-10-05T20:42Z,,,,,,,,1013.5,25.9,,,,,
2026-10-05T20:48Z,,,,,,,,1013.6,25.7,,,,,
2026-10-05T20:54Z,,,,,,,,1013.6,25.7,,,,,
2026-10-05T21:00Z,,,,,,,,1013.5,25.7,,,,-1.2,
2026-10-05T21:06Z,,,,,,,,1013.5,,,,,,
2026-10-05T21:12Z,,,,,,,,1013.5,,,,,,
2026-10-05T21:18Z,,,,,,,,1013.5,,,,,,
2026-10-05T21:24Z,,,,,,,,1013.4,25.7,,,,,
2026-10-05T21:30Z,,,,,,,,1013.3,25.7,,,,,
2026-10-05T21:36Z,,,,,,,,1013.3,,,,,,
2026-10-05T21:42Z,,,,,,,,1013.4,,,,,,
2026-10-05T21:48Z,,,,,,,,1013.3,,,,,,
2026-10-05T21:54Z,,,,,,,,1013.1,25.7,,,,,
2026-10-05T22:00Z,,,,,,,,1013.2,25.8,,,,-0.8,
2026-10-05T22:06Z,,,,,,,,1013.2,,,,,,
2026-10-05T22:12Z,,,,,,,,1013.4,,,,,,
2026-10-05T22:18Z,,,,,,,,1013.4,,,,,,
2026-10-05T22:24Z,,,,,,,,1013.5,26.0,,,,,
2026-10-05T22:30Z,,,,,,,,1013.6,25.9,,,,,
2026-10-05T22:36Z,,,,,,,,1013.6,,,,,,
2026-10-05T22:42Z,,,,,,,,1013.6,,,,,,
2026-10-05T22:48Z,,,,,,,,1013.7,,,,,,
2026-10-05T22:54Z,,,,,,,,1013.8,25.9,,,,,
2026-10-05T23:00Z,,,,,,,,1013.9,25.9,,,,+0.4,
2026-10-05T23:06Z,,,,,,,,1013.9,,,,,,
2026-10-05T23:12Z,,,,,,,,1013.9,,,,,,
2026-10-05T23:18Z,,,,,,,,1014.0,,,,,,
2026-10-05T23:24Z,,,,,,,,1014.0,25.9,,,,,
2026-10-05T23:30Z,,,,,,,,1013.9,25.9,,,,,
2026-10-05T23:36Z,,,,,,,,1014.0,,,,,,
2026-10-05T23:42Z,,,,,,,,1014.0,,,,,,
2026-10-05T23:48Z,,,,,,,,1014.0,,,,,,
2026-10-05T23:54Z,,,,,,,,1014.0,26.0,,,,,
2026-10-06T00:00Z,,,,,,,,1014.0,25.9,,,,+0.5,
2026-10-06T00:06Z,,,,,,,,1014.0,,,,,,
2026-10-06T00:12Z,,,,,,,,1014.0,,,,,,
2026-10-06T00:18Z,,,,,,,,1014.1,,,,,,
2026-10-06T00:24Z,,,,,,,,1014.1,25.9,,,,,
2026-10-06T00:30Z,,,,,,,,1014.1,25.9,,,,,
2026-10-06T00:36Z,,,,,,,,1014.2,25.9,,,,,
2026-10-06T00:42Z,,,,,,,,1014.2,25.9,,,,,
2026-10-06T00:48Z,,,,,,,,1014.3,25.9,,,,,
2026-10-06T00:54Z,,,,,,,,1014.4,25.8,,,,,
2026-10-06T01:00Z,,,,,,,,1014.4,25.9,,,,+1.2,
2026-10-06T01:06Z,,,,,,,,1014.3,,,,,,
2026-10-06T01:12Z,,,,,,,,1014.3,,,,,,
2026-10-06T01:18Z,,,,,,,,1014.2,,,,,,
2026-10-06T01:24Z,,,,,,,,1014.3,25.9,,,,,
2026-10-06T01:30Z,,,,,,,,1014.3,25.9,,,,,
2026-10-06T01:36Z,,,,,,,,1014.4,25.8,,,,,
2026-10-06T01:42Z,,,,,,,,1014.5,25.9,,,,,
2026-10-06T01:48Z,,,,,,,,1014.7,25.9,,,,,
2026-10-06T01:54Z,,,,,,,,1014.7,25.9,,,,,
2026-10-06T02:00Z,,,,,,,,1014.7,25.9,,,,+0.8,
2026-10-06T02:06Z,,,,,,,,1014.8,,,,,,
2026-10-06T02:12Z,,,,,,,,1014.9,,,,,,
2026-10-06T02:18Z,,,,,,,,1014.9,,,,,,
2026-10-06T02:24Z,,,,,,,,1014.9,25.8,,,,,
2026-10-06T02:30Z,,,,,,,,1014.9,25.8,,,,,
2026-10-06T02:36Z,,,,,,,,1014.9,25.9,,,,,
2026-10-06T02:42Z,,,,,,,,1014.9,25.9,,,,,
2026-10-06T02:48Z,,,,,,,,1014.9,25.9,,,,,
2026-10-06T02:54Z,,,,,,,,1014.9,25.8,,,,,
2026-10-06T03:00Z,,,,,,,,1015.0,25.8,,,,+1.0,
2026-10-06T03:06Z,,,,,,,,1014.9,,,,,,
2026-10-06T03:12Z,,,,,,,,1014.9,,,,,,
2026-10-06T03:18Z,,,,,,,,1014.9,,,,,,
2026-10-06T03:24Z,,,,,,,,1014.9,25.8,,,,,
2026-10-06T03:30Z,,,,,,,,1014.8,25.6,,,,,
2026-10-06T03:36Z,,,,,,,,1014.9,,,,,,
2026-10-06T03:42Z,,,,,,,,1014.8,,,,,,
2026-10-06T03:48Z,,,,,,,,1014.6,,,,,,
2026-10-06T03:54Z,,,,,,,,1014.8,25.8,,,,,
2026-10-06T04:00Z,,,,,,,,1014.7,25.4,,,,+0.3,
2026-10-06T04:06Z,,,,,,,,1014.7,,,,,,
2026-10-06T04:12Z,,,,,,,,1014.6,,,,,,
2026-10-06T04:18Z,,,,,,,,1014.6,,,,,,
2026-10-06T04:24Z,,,,,,,,1014.5,25.7,,,,,
2026-10-06T04:30Z,,,,,,,,1014.5,25.7,,,,,
2026-10-06T04:36Z,,,,,,,,1014.5,,,,,,
2026-10-06T04:42Z,,,,,,,,1014.4,,,,,,
2026-10-06T04:48Z,,,,,,,,1014.3,,,,,,
2026-10-06T04:54Z,,,,,,,,1014.2,25.3,,,,,
2026-10-06T05:00Z,,,,,,,,1014.2,25.3,,,,-0.5,
2026-10-06T05:06Z,,,,,,,,1014.3,25.3,,,,,
2026-10-06T05:12Z,,,,,,,,1014.1,25.3,,,,,
2026-10-06T05:18Z,,,,,,,,1014.0,25.3,,,,,
2026-10-06T05:24Z,,,,,,,,1013.9,25.3,,,,,
2026-10-06T05:30Z,,,,,,,,1013.8,25.3,,,,,
2026-10-06T05:36Z,,,,,,,,1013.7,,,,,,
2026-10-06T05:42Z,,,,,,,,1013.6,,,,,,
2026-10-06T05:48Z,,,,,,,,1013.5,,,,,,
2026-10-06T05:54Z,,,,,,,,1013.5,25.3,,,,,
2026-10-06T06:00Z,,,,,,,,1013.5,25.4,,,,-1.5,
2026-10-06T06:06Z,,,,,,,,1013.4,,,,,,
2026-10-06T06:12Z,,,,,,,,1013.4,,,,,,
2026-10-06T06:18Z,,,,,,,,1013.4,,,,,,
2026-10-06T06:24Z,,,,,,,,1013.4,25.8,,,,,
2026-10-06T06:30Z,,,,,,,,1013.3,25.8,,,,,
2026-10-06T06:36Z,,,,,,,,1013.3,,,,,,
2026-10-06T06:42Z,,,,,,,,1013.2,,,,,,
2026-10-06T06:48Z,,,,,,,,1013.1,,,,,,
2026-10-06T06:54Z,,,,,,,,1013.0,25.9,,,,,
2026-10-06T07:00Z,,,,,,,,1013.0,25.9,,,,-1.7,
2026-10-06T07:06Z,,,,,,,,1012.9,,,,,,
2026-10-06T07:12Z,,,,,,,,1012.9,,,,,,
2026-10-06T07:18Z,,,,,,,,1012.8,,,,,,
2026-10-06T07:24Z,,,,,,,,1012.8,26.0,,,,,
2026-10-06T07:30Z,,,,,,,,1012.7,25.9,,,,,
2026-10-06T07:36Z,,,,,,,,1012.7,25.8,,,,,
2026-10-06T07:42Z,,,,,,,,1012.7,25.8,,,,,
2026-10-06T07:48Z,,,,,,,,1012.6,25.8,,,,,
2026-10-06T07:54Z,,,,,,,,1012.5,25.7,,,,,
2026-10-06T08:00Z,,,,,,,,1012.5,25.7,,,,-1.7,
2026-10-06T08:06Z,,,,,,,,1012.4,,,,,,
2026-10-06T08:12Z,,,,,,,,1012.3,,,,,,
2026-10-06T08:18Z,,,,,,,,1012.3,,,,,,
2026-10-06T08:24Z,,,,,,,,1012.3,25.8,,,,,
2026-10-06T08:30Z,,,,,,,,1012.3,25.7,,,,,
2026-10-06T08:36Z,,,,,,,,1012.3,,,,,,
2026-10-06T08:42Z,,,,,,,,1012.2,,,,,,
2026-10-06T08:48Z,,,,,,,,1012.2,,,,,,
2026-10-06T08:54Z,,,,,,,,1012.2,25.6,,,,,
2026-10-06T09:00Z,,,,,,,,1012.1,25.5,,,,-1.4,
2026-10-06T09:06Z,,,,,,,,1012.1,,,,,,
2026-10-06T09:12Z,,,,,,,,1012.1,,,,,,
2026-10-06T09:18Z,,,,,,,,1012.1,,,,,,
2026-10-06T09:24Z,,,,,,,,1012.1,25.6,,,,,
2026-10-06T09:30Z,,,,,,,,1012.0,25.6,,,,,
2026-10-06T09:36Z,,,,,,,,1011.9,,,,,,
2026-10-06T09:42Z,,,,,,,,1011.9,,,,,,
2026-10-06T09:48Z,,,,,,,,1011.9,,,,,,
2026-10-06T09:54Z,,,,,,,,1011.9,25.5,,,,,
2026-10-06T10:00Z,,,,,,,,1012.0,25.5,,,,-1.0,
2026-10-06T10:06Z,,,,,,,,1012.1,,,,,,
2026-10-06T10:12Z,,,,,,,,1012.1,,,,,,
2026-10-06T10:18Z,,,,,,,,1012.1,,,,,,
2026-10-06T10:24Z,,,,,,,,1012.1,25.5,,,,,
2026-10-06T10:30Z,,,,,,,,1012.1,25.5,,,,,
2026-10-06T10:36Z,,,,,,,,1012.1,25.5,,,,,
2026-10-06T10:42Z,,,,,,,,1012.1,25.5,,,,,
2026-10-06T10:48Z,,,,,,,,1012.0,25.5,,,,,
2026-10-06T10:54Z,,,,,,,,1012.0,25.4,,,,,
2026-10-06T11:00Z,,,,,,,,1012.0,25.5,,,,-0.5,
2026-10-06T11:06Z,,,,,,,,1012.1,,,,,,
2026-10-06T11:12Z,,,,,,,,1012.1,,,,,,
2026-10-06T11:18Z,,,,,,,,1012.1,,,,,,
2026-10-06T11:24Z,,,,,,,,1012.1,25.6,,,,,
2026-10-06T11:30Z,,,,,,,,1012.1,25.5,,,,,
2026-10-06T11:36Z,,,,,,,,1012.1,,,,,,
2026-10-06T11:42Z,,,,,,,,1012.2,,,,,,
2026-10-06T11:48Z,,,,,,,,1012.2,,,,,,
2026-10-06T11:54Z,,,,,,,,1012.3,25.5,,,,,
2026-10-06T12:00Z,,,,,,,,1012.4,25.4,,,,+0.3,
2026-10-06T12:06Z,,,,,,,,1012.3,,,,,,
2026-10-06T12:12Z,,,,,,,,1012.3,,,,,,
2026-10-06T12:18Z,,,,,,,,1012.4,,,,,,
2026-10-06T12:24Z,,,,,,,,1012.5,25.5,,,,,
2026-10-06T12:30Z,,,,,,,,1012.5,25.5,,,,,
2026-10-06T12:36Z,,,,,,,,1012.7,25.5,,,,,
2026-10-06T12:42Z,,,,,,,,1012.8,25.5,,,,,
2026-10-06T12:48Z,,,,,,,,1013.0,25.4,,,,,
2026-10-06T12:54Z,,,,,,,,1012.9,25.3,,,,,
2026-10-06T13:00Z,,,,,,,,1013.1,25.3,,,,+1.1,
2026-10-06T13:06Z,,,,,,,,1013.1,,,,,,
2026-10-06T13:12Z,,,,,,,,1013.3,,,,,,
2026-10-06T13:18Z,,,,,,,,1013.3,,,,,,
2026-10-06T13:24Z,,,,,,,,1013.3,25.1,,,,,
2026-10-06T13:30Z,,,,,,,,1013.4,25.1,,,,,
2026-10-06T13:36Z,,,,,,,,1013.4,25.2,,,,,
2026-10-06T13:42Z,,,,,,,,1013.4,25.2,,,,,
2026-10-06T13:48Z,,,,,,,,1013.4,25.2,,,,,
2026-10-06T13:54Z,,,,,,,,1013.4,25.1,,,,,
2026-10-06T14:00Z,,,,,,,,1013.5,25.0,,,,+1.5,
2026-10-06T14:06Z,,,,,,,,1013.5,,,,,,
2026-10-06T14:12Z,,,,,,,,1013.6,,,,,,
2026-10-06T14:18Z,,,,,,,,1013.6,,,,,,
2026-10-06T14:24Z,,,,,,,,1013.7,25.2,,,,,
2026-10-06T14:30Z,,,,,,,,1013.6,25.4,,,,,
2026-10-06T14:36Z,,,,,,,,1013.6,,,,,,
2026-10-06T14:42Z,,,,,,,,1013.6,,,,,,
2026-10-06T14:48Z,,,,,,,,1013.7,,,,,,
2026-10-06T14:54Z,,,,,,,,1013.7,25.8,,,,,
2026-10-06T15:00Z,,,,,,,,1013.8,25.9,,,,+1.4,
2026-10-06T15:06Z,,,,,,,,1013.7,,,,,,
2026-10-06T15:12Z,,,,,,,,1013.7,,,,,,
2026-10-06T15:18Z,,,,,,,,1013.7,,,,,,
2026-10-06T15:24Z,,,,,,,,1013.8,25.8,,,,,
2026-10-06T15:30Z,,,,,,,,1013.8,25.7,,,,,
2026-10-06T15:36Z,,,,,,,,1013.9,,,,,,
2026-10-06T15:42Z,,,,,,,,1013.9,,,,,,
2026-10-06T15:48Z,,,,,,,,1013.9,,,,,,
2026-10-06T15:54Z,,,,,,,,1013.8,25.9,,,,,
2026-10-06T16:00Z,,,,,,,,1013.9,25.7,,,,+0.8,
2026-10-06T16:06Z,,,,,,,,1013.9,,,,,,
2026-10-06T16:12Z,,,,,,,,1013.9,,,,,,
2026-10-06T16:18Z,,,,,,,,1013.8,,,,,,
2026-10-06T16:24Z,,,,,,,,1013.8,26.5,,,,,
2026-10-06T16:30Z,,,,,,,,1013.8,26.6,,,,,
2026-10-06T16:36Z,,,,,,,,1013.8,,,,,,
2026-10-06T16:42Z,,,,,,,,1013.7,,,,,,
2026-10-06T16:48Z,,,,,,,,1013.6,,,,,,
2026-10-06T16:54Z,,,,,,,,1013.6,26.8,,,,,
2026-10-06T17:00Z,,,,,,,,1013.5,27.2,,,,+0.0,
2026-10-06T17:06Z,,,,,,,,1013.4,,,,,,
2026-10-06T17:12Z,,,,,,,,1013.3,,,,,,
2026-10-06T17:18Z,,,,,,,,1013.3,,,,,,
2026-10-06T17:24Z,,,,,,,,1013.2,27.2,,,,,
2026-10-06T17:30Z,,,,,,,,1013.1,27.5,,,,,
2026-10-06T17:36Z,,,,,,,,1013.0,,,,,,
2026-10-06T17:42Z,,,,,,,,1013.0,,,,,,
2026-10-06T17:48Z,,,,,,,,1012.9,,,,,,
2026-10-06T17:54Z,,,,,,,,1012.8,27.0,,,,,
2026-10-06T18:00Z,,,,,,,,1012.8,27.0,,,,-1.0,
2026-10-06T18:06Z,,,,,,,,1012.7,,,,,,
2026-10-06T18:12Z,,,,,,,,1012.6,,,,,,
2026-10-06T18:18Z,,,,,,,,1012.5,,,,,,
2026-10-06T18:24Z,,,,,,,,1012.5,26.9,,,,,
2026-10-06T18:30Z,,,,,,,,1012.5,26.8,,,,,
2026-10-06T18:36Z,,,,,,,,1012.4,,,,,,
2026-10-06T18:42Z,,,,,,,,1012.3,,,,,,
2026-10-06T18:48Z,,,,,,,,1012.3,,,,,,
2026-10-06T18:54Z,,,,,,,,1012.2,26.5,,,,,
2026-10-06T19:00Z,,,,,,,,1012.2,26.6,,,,-1.7,
2026-10-06T19:06Z,,,,,,,,1012.1,,,,,,
2026-10-06T19:12Z,,,,,,,,1012.0,,,,,,
2026-10-06T19:18Z,,,,,,,,1012.0,,,,,,
2026-10-06T19:24Z,,,,,,,,1011.9,26.8,,,,,
2026-10-06T19:30Z,,,,,,,,1011.8,26.7,,,,,
2026-10-06T19:36Z,,,,,,,,1011.8,,,,,,
2026-10-06T19:42Z,,,,,,,,1011.8,,,,,,
2026-10-06T19:48Z,,,,,,,,1011.8,,,,,,
2026-10-06T19:54Z,,,,,,,,1011.7,27.2,,,,,
2026-10-06T20:00Z,,,,,,,,1011.7,26.8,,,,-1.8,
2026-10-06T20:06Z,,,,,,,,1011.8,,,,,,
2026-10-06T20:12Z,,,,,,,,1011.8,,,,,,
2026-10-06T20:18Z,,,,,,,,1011.9,,,,,,
2026-10-06T20:24Z,,,,,,,,1011.9,26.0,,,,,
2026-10-06T20:30Z,,,,,,,,1011.8,26.1,,,,,
2026-10-06T20:36Z,,,,,,,,1011.7,,,,,,
2026-10-06T20:42Z,,,,,,,,1011.7,,,,,,
2026-10-06T20:48Z,,,,,,,,1011.6,,,,,,
2026-10-06T20:54Z,,,,,,,,1011.6,25.7,,,,,
2026-10-06T21:00Z,,,,,,,,1011.7,25.4,,,,-1.1,
2026-10-06T21:06Z,,,,,,,,1011.7,,,,,,
2026-10-06T21:12Z,,,,,,,,1011.7,,,,,,
2026-10-06T21:18Z,,,,,,,,1011.7,,,,,,
2026-10-06T21:24Z,,,,,,,,1011.7,25.4,,,,,
2026-10-06T21:30Z,,,,,,,,1011.8,25.1,,,,,
2026-10-06T21:36Z,,,,,,,,1011.8,,,,,,
2026-10-06T21:42Z,,,,,,,,1011.7,,,,,,
2026-10-06T21:48Z,,,,,,,,1011.8,,,,,,
2026-10-06T21:54Z,,,,,,,,1012.0,24.6,,,,,
2026-10-06T22:00Z,,,,,,,,1012.0,24.6,,,,-0.0,
2026-10-06T22:06Z,,,,,,,,1012.0,,,,,,
2026-10-06T22:12Z,,,,,,,,1012.0,,,,,,
2026-10-06T22:18Z,,,,,,,,1012.1,,,,,,
2026-10-06T22:24Z,,,,,,,,1012.1,24.7,,,,,
2026-10-06T22:30Z,,,,,,,,1012.0,24.7,,,,,
2026-10-06T22:36Z,,,,,,,,1012.2,,,,,,
2026-10-06T22:42Z,,,,,,,,1012.2,,,,,,
2026-10-06T22:48Z,,,,,,,,1012.2,,,,,,
2026-10-06T22:54Z,,,,,,,,1012.2,25.1,,,,,
2026-10-06T23:00Z,,,,,,,,1012.1,25.2,,,,+0.4,
2026-10-06T23:06Z,,,,,,,,1012.1,,,,,,
2026-10-06T23:12Z,,,,,,,,1012.1,,,,,,
2026-10-06T23:18Z,,,,,,,,1012.2,,,,,,
2026-10-06T23:24Z,,,,,,,,1012.0,25.4,,,,,
2026-10-06T23:30Z,,,,,,,,1012.1,25.4,,,,,
2026-10-06T23:36Z,,,,,,,,1012.1,,,,,,
2026-10-06T23:42Z,,,,,,,,1012.2,,,,,,
2026-10-06T23:48Z,,,,,,,,1012.1,,,,,,
2026-10-06T23:54Z,,,,,,,,1012.1,25.5,,,,,
2026-10-07T00:00Z,,,,,,,,1012.1,25.5,,,,+0.4,
2026-10-07T00:06Z,,,,,,,,1012.2,,,,,,
2026-10-07T00:12Z,,,,,,,,1012.4,,,,,,
2026-10-07T00:18Z,,,,,,,,1012.2,,,,,,
2026-10-07T00:24Z,,,,,,,,1012.3,25.4,,,,,
2026-10-07T00:30Z,,,,,,,,1012.2,25.5,,,,,
2026-10-07T00:36Z,,,,,,,,1012.2,,,,,,
2026-10-07T00:42Z,,,,,,,,1012.2,,,,,,
2026-10-07T00:48Z,,,,,,,,1012.4,,,,,,
2026-10-07T00:54Z,,,,,,,,1012.5,25.4,,,,,
2026-10-07T01:00Z,,,,,,,,1012.6,25.5,,,,+0.6,
2026-10-07T01:06Z,,,,,,,,1012.6,,,,,,
2026-10-07T01:12Z,,,,,,,,1012.6,,,,,,
2026-10-07T01:18Z,,,,,,,,1012.5,,,,,,
2026-10-07T01:24Z,,,,,,,,1012.5,25.4,,,,,
2026-10-07T01:30Z,,,,,,,,1012.6,25.3,,,,,
2026-10-07T01:36Z,,,,,,,,1012.7,,,,,,
2026-10-07T01:42Z,,,,,,,,1012.7,,,,,,
2026-10-07T01:48Z,,,,,,,,1012.6,,,,,,
2026-10-07T01:54Z,,,,,,,,1012.6,25.3,,,,,
2026-10-07T02:00Z,,,,,,,,1012.7,25.4,,,,+0.6,
2026-10-07T02:06Z,,,,,,,,1012.7,,,,,,
2026-10-07T02:12Z,,,,,,,,1012.7,,,,,,
2026-10-07T02:18Z,,,,,,,,1012.8,,,,,,
2026-10-07T02:24Z,,,,,,,,1012.9,25.5,,,,,
2026-10-07T02:30Z,,,,,,,,1012.9,25.5,,,,,
2026-10-07T02:36Z,,,,,,,,1012.9,,,,,,
2026-10-07T02:42Z,,,,,,,,1012.9,,,,,,
2026-10-07T02:48Z,,,,,,,,1012.8,,,,,,
2026-10-07T02:54Z,,,,,,,,1012.8,25.6,,,,,
2026-10-07T03:00Z,,,,,,,,1012.9,25.6,,,,+0.8,
2026-10-07T03:06Z,,,,,,,,1012.9,,,,,,
2026-10-07T03:12Z,,,,,,,,1012.8,,,,,,
2026-10-07T03:18Z,,,,,,,,1012.8,,,,,,
2026-10-07T03:24Z,,,,,,,,1012.8,25.7,,,,,
2026-10-07T03:30Z,,,,,,,,1012.7,25.7,,,,,
2026-10-07T03:36Z,,,,,,,,1012.7,,,,,,
2026-10-07T03:42Z,,,,,,,,1012.7,,,,,,
2026-10-07T03:48Z,,,,,,,,1012.7,,,,,,
2026-10-07T03:54Z,,,,,,,,1012.6,25.8,,,,,
2026-10-07T04:00Z,,,,,,,,1012.6,25.8,,,,+0.0,
2026-10-07T04:06Z,,,,,,,,1012.6,,,,,,
2026-10-07T04:12Z,,,,,,,,1012.6,,,,,,
2026-10-07T04:18Z,,,,,,,,1012.6,,,,,,
2026-10-07T04:24Z,,,,,,,,1012.5,25.7,,,,,
2026-10-07T04:30Z,,,,,,,,1012.5,25.8,,,,,
2026-10-07T04:36Z,,,,,,,,1012.4,,,,,,
2026-10-07T04:42Z,,,,,,,,1012.4,,,,,,
2026-10-07T04:48Z,,,,,,,,1012.4,,,,,,
2026-10-07T04:54Z,,,,,,,,1012.4,25.6,,,,,
2026-10-07T05:00Z,,,,,,,,1012.3,25.6,,,,-0.4,
2026-10-07T05:06Z,,,,,,,,1012.2,,,,,,
2026-10-07T05:12Z,,,,,,,,1012.2,,,,,,
2026-10-07T05:18Z,,,,,,,,1012.1,,,,,,
2026-10-07T05:24Z,,,,,,,,1012.1,25.7,,,,,
2026-10-07T05:30Z,,,,,,,,1012.0,25.6,,,,,
2026-10-07T05:36Z,,,,,,,,1012.0,,,,,,
2026-10-07T05:42Z,,,,,,,,1011.9,,,,,,
2026-10-07T05:48Z,,,,,,,,1011.9,,,,,,
2026-10-07T05:54Z,,,,,,,,1011.9,25.6,,,,,
2026-10-07T06:00Z,,,,,,,,1011.9,25.6,,,,-1.0,
2026-10-07T06:06Z,,,,,,,,1011.8,,,,,,
2026-10-07T06:12Z,,,,,,,,1011.7,,,,,,
2026-10-07T06:18Z,,,,,,,,1011.6,,,,,,
2026-10-07T06:24Z,,,,,,,,1011.6,25.6,,,,,
2026-10-07T06:30Z,,,,,,,,1011.6,25.7,,,,,
2026-10-07T06:36Z,,,,,,,,1011.5,25.7,,,,,
2026-10-07T06:42Z,,,,,,,,1011.3,25.6,,,,,
2026-10-07T06:48Z,,,,,,,,1011.3,25.7,,,,,
2026-10-07T06:54Z,,,,,,,,1011.2,25.7,,,,,
2026-10-07T07:00Z,,,,,,,,1011.2,25.7,,,,-1.4,
2026-10-07T07:06Z,,,,,,,,1011.2,,,,,,
2026-10-07T07:12Z,,,,,,,,1011.2,,,,,,
2026-10-07T07:18Z,,,,,,,,1011.3,,,,,,
2026-10-07T07:24Z,,,,,,,,1011.1,25.6,,,,,
2026-10-07T07:30Z,,,,,,,,1011.2,25.6,,,,,
2026-10-07T07:36Z,,,,,,,,1011.2,,,,,,
2026-10-07T07:42Z,,,,,,,,1011.2,,,,,,
2026-10-07T07:48Z,,,,,,,,1011.3,,,,,,
2026-10-07T07:54Z,,,,,,,,1011.3,,,,,,
2026-10-07T08:00Z,,,,,,,,1011.3,,,,,-1.0,
2026-10-07T08:06Z,,,,,,,,1011.3,,,,,,
2026-10-07T08:12Z,,,,,,,,1011.2,,,,,,
2026-10-07T08:18Z,,,,,,,,1011.2,,,,,,
2026-10-07T08:24Z,,,,,,,,1011.1,25.5,,,,,
2026-10-07T08:30Z,,,,,,,,1011.1,25.5,,,,,
2026-10-07T08:36Z,,,,,,,,1011.1,,,,,,
2026-10-07T08:42Z,,,,,,,,1011.0,,,,,,
2026-10-07T08:48Z,,,,,,,,1010.9,,,,,,
2026-10-07T08:54Z,,,,,,,,1010.9,25.4,,,,,
2026-10-07T09:00Z,,,,,,,,1010.9,25.4,,,,-1.0,
2026-10-07T09:06Z,,,,,,,,1010.8,,,,,,
2026-10-07T09:12Z,,,,,,,,1010.8,,,,,,
2026-10-07T09:18Z,,,,,,,,1010.7,,,,,,
2026-10-07T09:24Z,,,,,,,,1010.7,25.3,,,,,
2026-10-07T09:30Z,,,,,,,,1010.7,25.3,,,,,
2026-10-07T09:36Z,,,,,,,,1010.6,,,,,,
2026-10-07T09:42Z,,,,,,,,1010.5,,,,,,
2026-10-07T09:48Z,,,,,,,,1010.5,,,,,,
2026-10-07T09:54Z,,,,,,,,1010.6,25.3,,,,,
2026-10-07T10:00Z,,,,,,,,1010.6,25.3,,,,-0.6,
2026-10-07T10:06Z,,,,,,,,1010.6,,,,,,
2026-10-07T10:12Z,,,,,,,,1010.7,,,,,,
2026-10-07T10:18Z,,,,,,,,1010.8,,,,,,
2026-10-07T10:24Z,,,,,,,,1010.8,25.2,,,,,
2026-10-07T10:30Z,,,,,,,,1010.9,25.2,,,,,
2026-10-07T10:36Z,,,,,,,,1011.0,25.2,,,,,
2026-10-07T10:42Z,,,,,,,,1011.1,25.2,,,,,
2026-10-07T10:48Z,,,,,,,,1011.2,25.2,,,,,
2026-10-07T10:54Z,,,,,,,,1011.3,25.2,,,,,
2026-10-07T11:00Z,,,,,,,,1011.3,25.1,,,,-0.0,
2026-10-07T11:06Z,,,,,,,,1011.3,,,,,,
2026-10-07T11:12Z,,,,,,,,1011.3,,,,,,
2026-10-07T11:18Z,,,,,,,,1011.3,,,,,,
2026-10-07T11:24Z,,,,,,,,1011.4,25.2,,,,,
2026-10-07T11:30Z,,,,,,,,1011.4,25.1,,,,,
2026-10-07T11:36Z,,,,,,,,1011.5,,,,,,
2026-10-07T11:42Z,,,,,,,,1011.6,,,,,,
2026-10-07T11:48Z,,,,,,,,1011.7,,,,,,
2026-10-07T11:54Z,,,,,,,,1011.7,25.1,,,,,
2026-10-07T12:00Z,,,,,,,,1011.7,25.1,,,,+0.8,
2026-10-07T12:06Z,,,,,,,,1011.7,,,,,,
2026-10-07T12:12Z,,,,,,,,1011.8,,,,,,
2026-10-07T12:18Z,,,,,,,,1011.8,,,,,,
2026-10-07T12:24Z,,,,,,,,1011.8,25.1,,,,,
2026-10-07T12:30Z,,,,,,,,1011.8,25.2,,,,,
2026-10-07T12:36Z,,,,,,,,1011.9,,,,,,
2026-10-07T12:42Z,,,,,,,,1012.0,,,,,,
2026-10-07T12:48Z,,,,,,,,1012.0,,,,,,
2026-10-07T12:54Z,,,,,,,,1012.2,25.3,,,,,
2026-10-07T13:00Z,,,,,,,,1012.3,25.2,,,,+1.7,
2026-10-07T13:06Z,,,,,,,,1012.3,,,,,,
2026-10-07T13:12Z,,,,,,,,1012.4,,,,,,
2026-10-07T13:18Z,,,,,,,,1012.4,,,,,,
2026-10-07T13:24Z,,,,,,,,1012.5,25.3,,,,,
2026-10-07T13:30Z,,,,,,,,1012.6,25.5,,,,,
2026-10-07T13:36Z,,,,,,,,1012.7,,,,,,
2026-10-07T13:42Z,,,,,,,,1012.8,,,,,,
2026-10-07T13:48Z,,,,,,,,1012.9,,,,,,
2026-10-07T13:54Z,,,,,,,,1012.9,25.8,,,,,
2026-10-07T14:00Z,,,,,,,,1012.9,25.9,,,,+1.6,
2026-10-07T14:06Z,,,,,,,,1013.0,26.1,,,,,
2026-10-07T14:12Z,,,,,,,,1013.0,26.1,,,,,
2026-10-07T14:18Z,,,,,,,,1013.0,25.9,,,,,
2026-10-07T14:24Z,,,,,,,,1013.1,25.9,,,,,
2026-10-07T14:30Z,,,,,,,,1013.2,26.1,,,,,
2026-10-07T14:36Z,,,,,,,,1013.2,,,,,,
2026-10-07T14:42Z,,,,,,,,1013.3,,,,,,
2026-10-07T14:48Z,,,,,,,,1013.3,,,,,,
2026-10-07T14:54Z,,,,,,,,1013.3,26.3,,,,,
2026-10-07T15:00Z,,,,,,,,1013.3,26.2,,,,+1.6,
2026-10-07T15:06Z,,,,,,,,1013.3,,,,,,
2026-10-07T15:12Z,,,,,,,,1013.4,,,,,,
2026-10-07T15:18Z,,,,,,,,1013.4,,,,,,
2026-10-07T15:24Z,,,,,,,,1013.5,26.5,,,,,
2026-10-07T15:30Z,,,,,,,,1013.5,26.7,,,,,
2026-10-07T15:36Z,,,,,,,,1013.5,,,,,,
2026-10-07T15:42Z,,,,,,,,1013.5,,,,,,
2026-10-07T15:48Z,,,,,,,,1013.6,,,,,,
2026-10-07T15:54Z,,,,,,,,1013.5,26.4,,,,,
2026-10-07T16:00Z,,,,,,,,1013.4,26.4,,,,+1.1,
2026-10-07T16:06Z,,,,,,,,1013.3,,,,,,
2026-10-07T16:12Z,,,,,,,,1013.4,,,,,,
2026-10-07T16:18Z,,,,,,,,1013.3,,,,,,
2026-10-07T16:24Z,,,,,,,,1013.3,26.7,,,,,
2026-10-07T16:30Z,,,,,,,,1013.3,26.5,,,,,
2026-10-07T16:36Z,,,,,,,,1013.3,,,,,,
2026-10-07T16:42Z,,,,,,,,1013.3,,,,,,
2026-10-07T16:48Z,,,,,,,,1013.3,,,,,,
2026-10-07T16:54Z,,,,,,,,1013.3,27.0,,,,,
2026-10-07T17:00Z,,,,,,,,1013.3,26.7,,,,+0.4,
2026-10-07T17:06Z,,,,,,,,1013.2,,,,,,
2026-10-07T17:12Z,,,,,,,,1013.2,,,,,,
2026-10-07T17:18Z,,,,,,,,1013.1,,,,,,
2026-10-07T17:24Z,,,,,,,,1013.0,26.5,,,,,
2026-10-07T17:30Z,,,,,,,,1012.9,26.9,,,,,
2026-10-07T17:36Z,,,,,,,,1012.9,,,,,,
2026-10-07T17:42Z,,,,,,,,1012.8,,,,,,
2026-10-07T17:48Z,,,,,,,,1012.8,,,,,,
2026-10-07T17:54Z,,,,,,,,1012.6,26.8,,,,,
2026-10-07T18:00Z,,,,,,,,1012.5,26.8,,,,-0.8,
2026-10-07T18:06Z,,,,,,,,1012.5,,,,,,
2026-10-07T18:12Z,,,,,,,,1012.4,,,,,,
2026-10-07T18:18Z,,,,,,,,1012.3,,,,,,
2026-10-07T18:24Z,,,,,,,,1012.2,26.6,,,,,
2026-10-07T18:30Z,,,,,,,,1012.1,26.5,,,,,
2026-10-07T18:36Z,,,,,,,,1012.0,,,,,,
2026-10-07T18:42Z,,,,,,,,1012.0,,,,,,
2026-10-07T18:48Z,,,,,,,,1011.9,,,,,,
2026-10-07T18:54Z,,,,,,,,1011.9,26.7,,,,,
2026-10-07T19:00Z,,,,,,,,1011.9,26.9,,,,-1.5,
2026-10-07T19:06Z,,,,,,,,1011.8,,,,,,
2026-10-07T19:12Z,,,,,,,,1011.8,,,,,,
2026-10-07T19:18Z,,,,,,,,1011.7,,,,,,
2026-10-07T19:24Z,,,,,,,,1011.6,27.1,,,,,
2026-10-07T19:30Z,,,,,,,,1011.6,27.0,,,,,
2026-10-07T19:36Z,,,,,,,,1011.6,,,,,,
2026-10-07T19:42Z,,,,,,,,1011.6,,,,,,
2026-10-07T19:48Z,,,,,,,,1011.6,,,,,,
2026-10-07T19:54Z,,,,,,,,1011.5,27.0,,,,,
2026-10-07T20:00Z,,,,,,,,1011.6,26.9,,,,-1.7,
2026-10-07T20:06Z,,,,,,,,1011.5,,,,,,
2026-10-07T20:12Z,,,,,,,,1011.6,,,,,,
2026-10-07T20:18Z,,,,,,,,1011.5,,,,,,
2026-10-07T20:24Z,,,,,,,,1011.5,26.9,,,,,
2026-10-07T20:30Z,,,,,,,,1011.5,26.5,,,,,
2026-10-07T20:36Z,,,,,,,,1011.4,,,,,,
2026-10-07T20:42Z,,,,,,,,1011.4,,,,,,
2026-10-07T20:48Z,,,,,,,,1011.3,,,,,,
2026-10-07T20:54Z,,,,,,,,1011.2,26.6,,,,,
2026-10-07T21:00Z,,,,,,,,1011.2,26.5,,,,-1.3,
2026-10-07T21:06Z,,,,,,,,1011.2,,,,,,
2026-10-07T21:12Z,,,,,,,,1011.2,,,,,,
2026-10-07T21:18Z,,,,,,,,1011.1,,,,,,
2026-10-07T21:24Z,,,,,,,,1011.2,26.5,,,,,
2026-10-07T21:30Z,,,,,,,,1011.3,26.5,,,,,
2026-10-07T21:36Z,,,,,,,,1011.3,,,,,,
2026-10-07T21:42Z,,,,,,,,1011.3,,,,,,
2026-10-07T21:48Z,,,,,,,,1011.4,,,,,,
2026-10-07T21:54Z,,,,,,,,1011.4,26.1,,,,,
2026-10-07T22:00Z,,,,,,,,1011.4,26.1,,,,-0.5,
2026-10-07T22:06Z,,,,,,,,1011.4,,,,,,
2026-10-07T22:12Z,,,,,,,,1011.5,,,,,,
2026-10-07T22:18Z,,,,,,,,1011.5,,,,,,
2026-10-07T22:24Z,,,,,,,,1011.5,26.0,,,,,
2026-10-07T22:30Z,,,,,,,,1011.5,25.9,,,,,
2026-10-07T22:36Z,,,,,,,,1011.5,,,,,,
2026-10-07T22:42Z,,,,,,,,1011.6,,,,,,
2026-10-07T22:48Z,,,,,,,,1011.6,,,,,,
2026-10-07T22:54Z,,,,,,,,1011.7,26.0,,,,,
2026-10-07T23:00Z,,,,,,,,1011.6,26.0,,,,-0.0,
2026-10-07T23:12Z,,,,,,,,1011.7,,,,,,
2026-10-07T23:18Z,,,,,,,,1011.7,,,,,,
2026-10-07T23:24Z,,,,,,,,1011.7,25.9,,,,,
2026-10-07T23:30Z,,,,,,,,1011.7,25.9,,,,,
2026-10-07T23:36Z,,,,,,,,1011.8,,,,,,
2026-10-07T23:42Z,,,,,,,,1011.8,,,,,,
2026-10-07T23:48Z,,,,,,,,1011.8,,,,,,
2026-10-07T23:54Z,,,,,,,,1011.8,25.8,,,,,
2026-10-08T00:00Z,,,,,,,,1011.9,25.8,,,,+0.7,
2026-10-08T00:06Z,,,,,,,,1011.9,,,,,,
2026-10-08T00:12Z,,,,,,,,1011.9,,,,,,
2026-10-08T00:18Z,,,,,,,,1011.9,,,,,,
2026-10-08T00:24Z,,,,,,,,1012.0,25.8,,,,,
2026-10-08T00:30Z,,,,,,,,1012.0,25.8,,,,,
2026-10-08T00:36Z,,,,,,,,1012.0,,,,,,
2026-10-08T00:42Z,,,,,,,,1012.0,,,,,,
2026-10-08T00:48Z,,,,,,,,1012.0,,,,,,
2026-10-08T00:54Z,,,,,,,,1012.0,25.8,,,,,
2026-10-08T01:00Z,,,,,,,,1012.1,25.9,,,,+0.7,
2026-10-08T01:06Z,,,,,,,,1012.2,,,,,,
2026-10-08T01:12Z,,,,,,,,1012.3,,,,,,
2026-10-08T01:18Z,,,,,,,,1012.4,,,,,,
2026-10-08T01:24Z,,,,,,,,1012.5,25.9,,,,,
2026-10-08T01:30Z,,,,,,,,1012.4,25.9,,,,,
2026-10-08T01:36Z,,,,,,,,1012.5,,,,,,
2026-10-08T01:42Z,,,,,,,,1012.5,,,,,,
2026-10-08T01:48Z,,,,,,,,1012.7,,,,,,
2026-10-08T01:54Z,,,,,,,,1012.7,26.0,,,,,
2026-10-08T02:00Z,,,,,,,,1012.7,26.0,,,,+1.1,
2026-10-08T02:06Z,,,,,,,,1012.7,,,,,,
2026-10-08T02:12Z,,,,,,,,1012.7,,,,,,
2026-10-08T02:18Z,,,,,,,,1012.7,,,,,,
2026-10-08T02:24Z,,,,,,,,1012.8,25.8,,,,,
2026-10-08T02:30Z,,,,,,,,1012.8,25.9,,,,,
2026-10-08T02:36Z,,,,,,,,1012.8,25.9,,,,,
2026-10-08T02:42Z,,,,,,,,1012.8,25.9,,,,,
2026-10-08T02:48Z,,,,,,,,1012.9,25.9,,,,,
2026-10-08T02:54Z,,,,,,,,1012.9,25.9,,,,,
2026-10-08T03:00Z,,,,,,,,1012.9,26.0,,,,+1.0,
2026-10-08T03:06Z,,,,,,,,1012.9,,,,,,
2026-10-08T03:12Z,,,,,,,,1012.9,,,,,,
2026-10-08T03:18Z,,,,,,,,1012.9,,,,,,
2026-10-08T03:24Z,,,,,,,,1012.9,26.1,,,,,
2026-10-08T03:30Z,,,,,,,,1012.8,26.2,,,,,
2026-10-08T03:36Z,,,,,,,,1012.8,,,,,,
2026-10-08T03:42Z,,,,,,,,1012.8,,,,,,
2026-10-08T03:48Z,,,,,,,,1012.8,,,,,,
2026-10-08T03:54Z,,,,,,,,1012.7,26.0,,,,,
2026-10-08T04:00Z,,,,,,,,1012.6,26.0,,,,+0.5,
2026-10-08T04:06Z,,,,,,,,1012.6,,,,,,
2026-10-08T04:12Z,,,,,,,,1012.5,,,,,,
2026-10-08T04:18Z,,,,,,,,1012.4,,,,,,
2026-10-08T04:24Z,,,,,,,,1012.3,25.9,,,,,
2026-10-08T04:30Z,,,,,,,,1012.2,25.9,,,,,
2026-10-08T04:36Z,,,,,,,,1012.1,,,,,,
2026-10-08T04:42Z,,,,,,,,1012.0,,,,,,
2026-10-08T04:48Z,,,,,,,,1011.9,,,,,,
2026-10-08T04:54Z,,,,,,,,1011.8,26.1,,,,,
2026-10-08T05:00Z,,,,,,,,1011.8,26.0,,,,-0.9,
2026-10-08T05:06Z,,,,,,,,1011.7,25.9,,,,,
2026-10-08T05:12Z,,,,,,,,1011.6,25.9,,,,,
2026-10-08T05:18Z,,,,,,,,1011.6,26.0,,,,,
2026-10-08T05:24Z,,,,,,,,1011.6,26.0,,,,,
2026-10-08T05:30Z,,,,,,,,1011.6,26.0,,,,,
2026-10-08T05:36Z,,,,,,,,1011.4,,,,,,
2026-10-08T05:42Z,,,,,,,,1011.3,,,,,,
2026-10-08T05:48Z,,,,,,,,1011.3,,,,,,
2026-10-08T05:54Z,,,,,,,,1011.3,26.1,,,,,
2026-10-08T06:00Z,,,,,,,,1011.3,26.1,,,,-1.6,
2026-10-08T06:06Z,,,,,,,,1011.3,,,,,,
2026-10-08T06:12Z,,,,,,,,1011.4,,,,,,
2026-10-08T06:18Z,,,,,,,,1011.5,,,,,,
2026-10-08T06:24Z,,,,,,,,1011.4,26.0,,,,,
2026-10-08T06:30Z,,,,,,,,1011.5,25.9,,,,,
2026-10-08T06:36Z,,,,,,,,1011.5,,,,,,
2026-10-08T06:42Z,,,,,,,,1011.5,,,,,,
2026-10-08T06:48Z,,,,,,,,1011.5,,,,,,
2026-10-08T06:54Z,,,,,,,,1011.5,,,,,,
2026-10-08T07:00Z,,,,,,,,1011.4,,,,,-1.2,
2026-10-08T07:06Z,,,,,,,,1011.4,,,,,,
2026-10-08T07:12Z,,,,,,,,1011.4,,,,,,
2026-10-08T07:18Z,,,,,,,,1011.4,,,,,,
2026-10-08T07:24Z,,,,,,,,1011.3,25.8,,,,,
2026-10-08T07:30Z,,,,,,,,1011.2,25.8,,,,,
2026-10-08T07:36Z,,,,,,,,1011.2,25.7,,,,,
2026-10-08T07:42Z,,,,,,,,1011.2,25.7,,,,,
2026-10-08T07:48Z,,,,,,,,1011.1,25.7,,,,,
2026-10-08T07:54Z,,,,,,,,1011.1,25.7,,,,,
2026-10-08T08:00Z,,,,,,,,1011.1,25.7,,,,-0.7,
2026-10-08T08:06Z,,,,,,,,1011.2,25.7,,,,,
2026-10-08T08:12Z,,,,,,,,1011.1,25.7,,,,,
2026-10-08T08:18Z,,,,,,,,1011.2,25.7,,,,,
2026-10-08T08:24Z,,,,,,,,1011.1,25.6,,,,,
2026-10-08T08:30Z,,,,,,,,1011.1,25.6,,,,,
2026-10-08T08:36Z,,,,,,,,1011.0,,,,,,
2026-10-08T08:42Z,,,,,,,,1011.0,,,,,,
2026-10-08T08:48Z,,,,,,,,1011.0,,,,,,
2026-10-08T08:54Z,,,,,,,,1011.0,25.5,,,,,
2026-10-08T09:00Z,,,,,,,,1011.1,25.5,,,,+0.0,
2026-10-08T09:06Z,,,,,,,,1011.0,,,,,,
2026-10-08T09:12Z,,,,,,,,1011.0,,,,,,
2026-10-08T09:18Z,,,,,,,,1011.0,,,,,,
2026-10-08T09:24Z,,,,,,,,1011.0,25.4,,,,,
2026-10-08T09:30Z,,,,,,,,1011.0,25.5,,,,,
2026-10-08T09:36Z,,,,,,,,1011.0,,,,,,
2026-10-08T09:42Z,,,,,,,,1010.9,,,,,,
2026-10-08T09:48Z,,,,,,,,1010.9,,,,,,
2026-10-08T09:54Z,,,,,,,,1010.9,25.5,,,,,
2026-10-08T10:00Z,,,,,,,,1010.9,25.5,,,,-0.5,
2026-10-08T10:06Z,,,,,,,,1011.0,,,,,,
2026-10-08T10:12Z,,,,,,,,1011.0,,,,,,
2026-10-08T10:18Z,,,,,,,,1011.2,,,,,,
2026-10-08T10:24Z,,,,,,,,1011.2,,,,,,
2026-10-08T10:30Z,,,,,,,,1011.1,,,,,,
2026-10-08T10:36Z,,,,,,,,1011.1,,,,,,
2026-10-08T10:42Z,,,,,,,,1011.1,,,,,,
2026-10-08T10:48Z,,,,,,,,1011.2,,,,,,
2026-10-08T10:54Z,,,,,,,,1011.2,25.2,,,,,
2026-10-08T11:00Z,,,,,,,,1011.2,25.2,,,,-0.0,
2026-10-08T11:06Z,,,,,,,,1011.2,,,,,,
2026-10-08T11:12Z,,,,,,,,1011.2,,,,,,
2026-10-08T11:18Z,,,,,,,,1011.2,,,,,,
2026-10-08T11:24Z,,,,,,,,1011.2,25.2,,,,,
2026-10-08T11:30Z,,,,,,,,1011.2,25.3,,,,,
2026-10-08T11:36Z,,,,,,,,1011.3,,,,,,
2026-10-08T11:42Z,,,,,,,,1011.3,,,,,,
2026-10-08T11:48Z,,,,,,,,1011.3,,,,,,
2026-10-08T11:54Z,,,,,,,,1011.3,25.4,,,,,
2026-10-08T12:00Z,,,,,,,,1011.4,25.4,,,,+0.3,
2026-10-08T12:06Z,,,,,,,,1011.5,,,,,,
2026-10-08T12:12Z,,,,,,,,1011.5,,,,,,
2026-10-08T12:18Z,,,,,,,,1011.5,,,,,,
2026-10-08T12:24Z,,,,,,,,1011.6,25.5,,,,,
2026-10-08T12:30Z,,,,,,,,1011.7,25.6,,,,,
2026-10-08T12:36Z,,,,,,,,1011.7,,,,,,
2026-10-08T12:42Z,,,,,,,,1011.7,,,,,,
2026-10-08T12:48Z,,,,,,,,1011.8,,,,,,
2026-10-08T12:54Z,,,,,,,,1011.7,25.9,,,,,
2026-10-08T13:00Z,,,,,,,,1011.8,25.9,,,,+0.9,
2026-10-08T13:06Z,,,,,,,,1011.9,,,,,,
2026-10-08T13:12Z,,,,,,,,1012.0,,,,,,
2026-10-08T13:18Z,,,,,,,,1012.1,,,,,,
2026-10-08T13:24Z,,,,,,,,1012.1,25.9,,,,,
2026-10-08T13:30Z,,,,,,,,1012.2,25.9,,,,,
2026-10-08T13:36Z,,,,,,,,1012.3,,,,,,
2026-10-08T13:42Z,,,,,,,,1012.3,,,,,,
2026-10-08T13:48Z,,,,,,,,1012.3,,,,,,
2026-10-08T13:54Z,,,,,,,,1012.4,25.8,,,,,
2026-10-08T14:00Z,,,,,,,,1012.4,25.8,,,,+1.2,
2026-10-08T14:06Z,,,,,,,,1012.5,,,,,,
2026-10-08T14:12Z,,,,,,,,1012.6,,,,,,
2026-10-08T14:18Z,,,,,,,,1012.5,,,,,,
2026-10-08T14:24Z,,,,,,,,1012.6,25.9,,,,,
2026-10-08T14:30Z,,,,,,,,1012.6,26.0,,,,,
2026-10-08T14:36Z,,,,,,,,1012.6,,,,,,
2026-10-08T14:42Z,,,,,,,,1012.6,,,,,,
2026-10-08T14:48Z,,,,,,,,1012.7,,,,,,
2026-10-08T14:54Z,,,,,,,,1012.8,25.9,,,,,
2026-10-08T15:00Z,,,,,,,,1012.8,26.0,,,,+1.4,
2026-10-08T15:06Z,,,,,,,,1012.8,,,,,,
2026-10-08T15:12Z,,,,,,,,1012.8,,,,,,
2026-10-08T15:18Z,,,,,,,,1012.8,,,,,,
2026-10-08T15:24Z,,,,,,,,1012.9,26.1,,,,,
2026-10-08T15:30Z,,,,,,,,1013.0,26.2,,,,,
2026-10-08T15:36Z,,,,,,,,1013.0,,,,,,
2026-10-08T15:42Z,,,,,,,,1012.9,,,,,,
2026-10-08T15:48Z,,,,,,,,1013.0,,,,,,
2026-10-08T15:54Z,,,,,,,,1013.0,26.4,,,,,
2026-10-08T16:00Z,,,,,,,,1012.8,26.3,,,,+1.0,
2026-10-08T16:06Z,,,,,,,,1012.9,,,,,,
2026-10-08T16:12Z,,,,,,,,1012.8,,,,,,
2026-10-08T16:18Z,,,,,,,,1012.8,,,,,,
2026-10-08T16:24Z,,,,,,,,1012.6,26.6,,,,,
2026-10-08T16:30Z,,,,,,,,1012.6,26.6,,,,,
2026-10-08T16:36Z,,,,,,,,1012.6,,,,,,
2026-10-08T16:42Z,,,,,,,,1012.5,,,,,,
2026-10-08T16:48Z,,,,,,,,1012.5,,,,,,
2026-10-08T16:54Z,,,,,,,,1012.5,27.2,,,,,
2026-10-08T17:00Z,,,,,,,,1012.3,27.2,,,,+0.0,
2026-10-08T17:06Z,,,,,,,,1012.2,,,,,,
2026-10-08T17:12Z,,,,,,,,1012.2,,,,,,
2026-10-08T17:18Z,,,,,,,,1012.0,,,,,,
2026-10-08T17:24Z,,,,,,,,1011.8,27.0,,,,,
2026-10-08T17:30Z,,,,,,,,1011.8,27.0,,,,,
2026-10-08T17:36Z,,,,,,,,1011.7,,,,,,
2026-10-08T17:42Z,,,,,,,,1011.6,,,,,,
2026-10-08T17:48Z,,,,,,,,1011.4,,,,,,
2026-10-08T17:54Z,,,,,,,,1011.5,,,,,,
2026-10-08T18:00Z,,,,,,,,1011.4,,,,,-1.4,
2026-10-08T18:06Z,,,,,,,,1011.4,,,,,,
2026-10-08T18:12Z,,,,,,,,1011.3,,,,,,
2026-10-08T18:18Z,,,,,,,,1011.3,,,,,,
2026-10-08T18:24Z,,,,,,,,1011.3,26.3,,,,,
2026-10-08T18:30Z,,,,,,,,1011.4,26.2,,,,,
2026-10-08T18:36Z,,,,,,,,1011.4,,,,,,
2026-10-08T18:42Z,,,,,,,,1011.3,,,,,,
2026-10-08T18:48Z,,,,,,,,1011.1,,,,,,
2026-10-08T18:54Z,,,,,,,,1011.0,26.4,,,,,
2026-10-08T19:00Z,,,,,,,,1011.0,26.2,,,,-1.8,
2026-10-08T19:06Z,,,,,,,,1011.0,,,,,,
2026-10-08T19:12Z,,,,,,,,1010.9,,,,,,
2026-10-08T19:18Z,,,,,,,,1010.8,,,,,,
2026-10-08T19:24Z,,,,,,,,1010.8,26.2,,,,,
2026-10-08T19:30Z,,,,,,,,1010.8,26.1,,,,,
2026-10-08T19:36Z,,,,,,,,1010.8,,,,,,
2026-10-08T19:42Z,,,,,,,,1010.9,,,,,,
2026-10-08T19:48Z,,,,,,,,1010.9,,,,,,
2026-10-08T19:54Z,,,,,,,,1010.7,25.7,,,,,
2026-10-08T20:00Z,,,,,,,,1010.5,25.5,,,,-1.8,
2026-10-08T20:06Z,,,,,,,,1010.4,,,,,,
2026-10-08T20:12Z,,,,,,,,1010.5,,,,,,
2026-10-08T20:18Z,,,,,,,,1010.6,,,,,,
2026-10-08T20:24Z,,,,,,,,1010.4,25.9,,,,,
2026-10-08T20:30Z,,,,,,,,1010.4,25.9,,,,,
2026-10-08T20:36Z,,,,,,,,1010.3,,,,,,
2026-10-08T20:42Z,,,,,,,,1010.3,,,,,,
2026-10-08T20:48Z,,,,,,,,1010.2,,,,,,
2026-10-08T20:54Z,,,,,,,,1010.2,25.9,,,,,
2026-10-08T21:00Z,,,,,,,,1010.1,25.9,,,,-1.3,
2026-10-08T21:06Z,,,,,,,,1010.0,,,,,,
2026-10-08T21:12Z,,,,,,,,1009.8,,,,,,
2026-10-08T21:18Z,,,,,,,,1009.8,,,,,,
2026-10-08T21:24Z,,,,,,,,1009.8,25.9,,,,,
2026-10-08T21:30Z,,,,,,,,1009.8,25.9,,,,,
2026-10-08T21:36Z,,,,,,,,1009.8,,,,,,
2026-10-08T21:42Z,,,,,,,,1009.8,,,,,,
2026-10-08T21:48Z,,,,,,,,1010.1,,,,,,
2026-10-08T21:54Z,,,,,,,,1010.4,25.0,,,,,
2026-10-08T22:00Z,,,,,,,,1010.3,23.5,,,,-0.7,
2026-10-08T22:06Z,,,,,,,,1010.4,,,,,,
2026-10-08T22:12Z,,,,,,,,1010.6,,,,,,
2026-10-08T22:18Z,,,,,,,,1010.8,,,,,,
2026-10-08T22:24Z,,,,,,,,1010.8,22.9,,,,,
2026-10-08T22:30Z,,,,,,,,1010.8,22.8,,,,,
